 覚悟と兆し|Resolutions and Omens
 横たわる神|The Slumbering God 
 和解の使者|Envoy of Reconciliation
 異界の戦士|Soldiers of the Rift 
 鈍色のアーク|The Dull Grey Ark
 森の中の少女|The Girl in the Forest 
 湯煙の館|The House of Steam 
 惑いの森の香ー未使用|The Scent of the Forest of Illusion - Unused 
 狙われた砦|The Assailed Fort
 黄昏の城|The Castle of Dusk 
 神の目覚め|The God's Awakening
 闇を纏う娘|The Girl Clad in Darkness
 奪われた心|The Stolen Heart 
 千の咆哮|The Roars of a Thousand
 いにしえに帰る|Return to Yore 
 友の来訪|A Friendly Visit 
 命の行方|The Course of Life 
 アーク再び|The Ark, Once More 
 友を思う|Thinking of a Friend 
 託された未来|The Entrusted Future 
 戦士たちの困惑|The Quandary of Soldiers 
 黄金郷の住人|The Dwellers of the Golden Land
 黄金の鍵|The Golden Key 
 偉大なる錬金術師|The Great Alchemist
 紅の結晶|The Crimson Crystal
 しもべの契り|A Servant's Pledge 
 ゴブリンの王|The Goblin King
 束の間の休息|A Brief Respite
 ケモノの最期|The Beast's Final Moments
 白竜よ永遠なれ|Be Forevermore, White Dragon 
 嵐が運びし厄災|The Storm That Brought a Tragedy 
 記憶のない娘|The Girl Who Lost Her Memories 
 侵食と騎士団|The Corruption and the Knights 
 魔窟探索|Exploring the Den of Monsters
 侵食魔掃討作戦|Eliminate the Corrosion Infestation
 大陸から来た男|The Man from Another Land
 レスタニアの命運|The Fate of Lestania 
 あらたな異変|A Fresh Incident 
 交渉|Negotiations 
 ロイグの病|Loeg's Illness 
 異郷の光|A Strange Land's Light 
 孤高の覚者|The Lone Arisen
 彷徨えし力|Straying Power 
 託されし者|The Entrusted One
 新大陸|A New Continent
 失われた故郷|The Lost Hometown
 戦士の集落|The Village of Soldiers
 帰郷|Homecoming 
 勇敢なる足跡|Gallant Footsteps
 心の闇|The Darkness of the Heart
 精霊の地|The Spirit Land
 侵された樹内|Within the Tree
 復活の条件|Restoration Requirements 
 理と絆|Reason and Bonds 
 新しい世代|The New Generation 
 絶望の大陸|The Land of Despair
 希望を求めて|In Search of Hope
 老将メイロワ|Meirova the Veteran General
 王子の行方|The Prince's Whereabouts 
 生き残りし村|Survivors Village
 相反せし者たち|The Opposition 
 王子ネド|Prince Nedo
 王家の秘蹟|The Royal Family Sacrament 
 迫り来る魔軍|The Approaching Demon Army 
 絶望の予告|Portent of Despair 
 陽動作戦|Diversionary Tactics 
 秘密の入り口|The Secret Entrance
 決死の潜入|A Desperate Infiltration 
 展望城の戦い|The Battle of Lookout Castle 
 王都への路|The Road to the Royal Capital
 再結集|Rally the Troops 
 王都進攻|Attack on the Royal Capital
 滅びの予兆|An Omen of Destruction 
 ひとときの竜力|A Brief Dragon Force 
 展望城の窮地|The Plight of Lookout Castle 
 王都の決戦|The Final Battle of the Royal Capital
 消えた王子|The Missing Prince 
 ネドの足取り|Nedo's Trail 
 王家の墓|The Royal Family Mausoleum 
 恐ろしき道|The Dreadful Passage 
 初代王の遺品|The Relics of the First King 
 望みの果て|Hope's Bitter End
 竜を継ぐ者|Those Who Follow the Dragon
 理の崩壊|Breakdown of Reason
 紡ぎし望み|Spun Together Hope 
 白竜の覚者|The White Dragon's Arisen
 すべての行く末|The Fate of All
 ニガい思い出の味|Taste of Bitter Memories 
 ティネス砦の食糧を調達する２|Thines Fort
 絶望の料理番“キャリー”|"The Despairing Cook ""Carrie"" "
 食料調達への道|Path to Food Procurement 
 キャリーの心配|Carrie's Worry 
 大食堂復旧への第一歩　―調理場―|First Step to Restoring the Great Dining Hall Kitchen 
 大食堂復旧への第二歩　―釜戸―|Second Step to Restoring the Great Dining Hall Cook Stove 
 大食堂復旧への第三歩　―井戸―|Third Step to Restoring the Great Dining Hall Water Well
 大食堂復旧への第四歩　―酒樽―|Fourth Step to Restoring the Great Dining Hall Wine Barrel
 大食堂復活の兆し|Signs of Restoring the Great Dining Hall 
 ピレモスに食糧を―《甘口》|"""Sweet"" Food for Piremoth"
 腹ペコのゴブリン|Hungry Goblin
 ピレモスに食料を―|Food for Piremoth
 追跡の果てに―|To the End of the Pursuit
 盗賊団のアジトに食糧を―《甘口》|"""Sweet"" Food for the Bandit Group Hideout"
 水辺にはご用心？|Beware the Waterside?
 盗賊団のアジトに食料を―|Food for the Bandit Group Hideout
 “幻の食材”を追って―|"Chasing after the ""Phantom Ingredient"" "
 さらば腹ペコ|Farewell Hungry
 完全復活！ティネス砦大食堂|Complete Restoration! Fort Thines Great Dining Hall
 【ブラッド編】木材調達の協力依頼|Brad Part: Request for Wood Procurement Cooperation
 【ローナ編】食料調達の協力依頼|Lorna Part: Request for Food Procurement Cooperation 
 【ヘザー編】行方不明のヘザー捜索依頼|Heather Part: Search Request for the Missing Heather 
 【スニーカー編】魔物討伐の協力依頼|Sunika Part: Request for Demon Subjugation Cooperation 
 【アイダン編】行方不明のアイダン捜索依頼|Aidan Part: Search Request for the Missing Aidan 
 【キャリー編】“ゴブリン一家”討伐の協力依頼|"Carrie Part: Request for ""Goblin Family"" Cooperation "
 第一防衛区画に潜入せよ|Infiltrate the First Defense Area
 兵舎と集会場を攻略せよ|Capture the Barracks and the Meeting Spot
 奪還！　第一の門|Recapture! First Gate
 第二防衛区画に潜入せよ|Infiltrate the Second Defense Area 
 隔離兵舎を攻略せよ|Capture the Isolation Barracks 
 大演習場を攻略せよ|Capture the Large Training Area
 奪還！　第二の門|Recapture! Second Gate 
 第一防衛区画から捕虜を救出せよ|Rescue Prisoners from the First Defense Area 
 第二防衛区画から捕虜を救出せよ|Rescue Prisoners from the Second Defense Area
 ソネルの記憶奪還作戦|Sonel's Memory Recovery Strategy 
 ボクにはあの杖がいる|I Need That Staff
 古井戸の地図を探して――|Searching for a Map of the Old Well... 
 やっぱりこれはボクの杖じゃない|After All, This Is Not My Staff
 とっておきの作戦|The Best Strategy
 今度こそとっておきの作戦|The Best Strategy, This Time!
 奪還を終えて――|Finish the Recapture 
 【尋問】尋問の腕慣らし|Interrogation: Skill Warm-Up 
 【尋問】怪しい無頼漢|Interrogation: Suspicious Vagabond 
 【潜入調査】潜入の腕慣らし|Undercover: Skill Warm-Up
 【潜入調査】邂逅の憲兵隊|Undercover: Military Police Encounter
 【潜入調査】既知との遭遇|Undercover: Encounter with the Already Known 
 【諜報活動】諜報の腕慣らし|Intelligence Assessment: Skill Warm-Up 
 【諜報活動】闇夜覆うメガド|Intelligence Assessment: Dark Night Covering Megado
 【尋問】囚われのオーク|Interrogation: Captive Orc 
 【尋問】鍵握る悪鬼|Interrogation: Fiend Grasping a Key
 【潜入調査】疑惑のエニス|Undercover: Suspicious Ennis 
 【潜入調査】決定的な交戦|Undercover: Final Battle 
 【潜入調査】レジスタンス狩り|Undercover: Resistance Hunt
 【諜報活動】反旗翻す者たち|Intelligence Assessment: People Rising in Revolt 
 嵐の前の静けさ|Calm Before the Storm
 闇裂く者たち|Those That Cut through the Darkness
 闘争は夢の跡|The Battle Fades Like a Dream
 Bランク　指定討伐：ハイデル平原|B Rank Target Subjugation: Hidell Plains 
 Aランク　指定討伐：ハイデル平原|A Rank Target Subjugation: Hidell Plains 
 Sランク　指定討伐：ハイデル平原|S Rank Target Subjugation: Hidell Plains 
 Bランク　指定討伐：ディナン深層林|B Rank Target Subjugation: Deenan Woods
 Aランク　指定討伐：ディナン深層林|A Rank Target Subjugation: Deenan Woods
 Sランク　指定討伐：ディナン深層林|S Rank Target Subjugation: Deenan Woods
 Bランク　指定討伐：ミスリウ森林|B Rank Target Subjugation: Mysree Forest 
 Aランク　指定討伐：ミスリウ森林|A Rank Target Subjugation: Mysree Forest 
 Sランク　指定討伐：ミスリウ森林|S Rank Target Subjugation: Mysree Forest 
 Bランク　指定討伐：ボルド鉱山|B Rank Target Subjugation: Volden Mines
 Aランク　指定討伐：ボルド鉱山|A Rank Target Subjugation: Volden Mines
 Sランク　指定討伐：ボルド鉱山|S Rank Target Subjugation: Volden Mines
 Bランク　指定討伐：ダウ渓谷|B Rank Target Subjugation: Dowe Valley 
 Aランク　指定討伐：ダウ渓谷|A Rank Target Subjugation: Dowe Valley 
 Sランク　指定討伐：ダウ渓谷|S Rank Target Subjugation: Dowe Valley 
 Bランク　指定討伐：バートランド平原|B Rank Target Subjugation: Betland Plains
 Aランク　指定討伐：バートランド平原|A Rank Target Subjugation: Betland Plains
 Sランク　指定討伐：バートランド平原|S Rank Target Subjugation: Betland Plains
 Bランク　指定討伐：ザンドラ禁域|B Rank Target Subjugation: Zandora Wastelands
 Bランク　指定討伐：亡都メルゴダ|B Rank Target Subjugation: Mergoda Ruins 
 魔赤島　Ｂ|Bloodbane Isle B 
 Aランク　指定討伐：モロー樹林|A Rank Target Subjugation: Morrow Forest 
 Bランク　指定討伐：ファーラナ平原|B Rank Target Subjugation: Farana Plains 
 Aランク　指定討伐：ファーラナ平原|A Rank Target Subjugation: Farana Plains 
 Sランク　指定討伐：ファーラナ平原|S Rank Target Subjugation: Farana Plains 
 Sランク　指定討伐：キンガル峡谷|S Rank Target Subjugation: Kingal Canyon 
 フェルヤナ荒原　Ｓ|Feryana Wilderness S 
 Sランク　指定討伐：メガドシス高地|S Rank Target Subjugation: Megadosys Plateau 
 Aランク　指定討伐：ウルテカ山岳|A Rank Target Subjugation: Urteca Mountains
 パッケージクエスト検証|Package Quest Inspection
 廃教会の異変|A Calamity at the Cathedral Ruins
 ある行商人の悩み|The Woes of a Merchant 
 輸送係の悲劇|A Transporter's Tragedy
 助手の助手|An Assistant's Assistant 
 嘆願書対応　廃墟魔物退治|A Petition to Rid of Demons in Ruins 
 未知なる大石塊|The Mysterious Monolith
 霊廟に巣くう災|The Evil Lurking in the Tombs
 倉庫荒らしを懲らしめろ|Crackdown on Store Vandals 
 侵入のオーク小隊|The Raiding Orc Platoon
 薬を求めて|Request for Medicine 
 旅人の露払い|The Traveler's Scout 
 気になるあの品|A Concern for Artifacts
 求めるは平穏|Seeking Peace
 愛しき森を――|Beloved Forest 
 ときめきをもう一度|A Heart Throbs Once More 
 騎士と覚者|Knight and Arisen
 矜持の代償|The Price of Honor 
 ファビオの収集品|Fabio's Collectibles 
 ファビオと魔物退治|Fabio and Monster-Slaying
 天を覆う翼|Sky-Concealing Wings 
 偵察部隊との遭遇|Confrontation with Scouts
 井戸底の伏兵達|Ambush in the Well's Depths
 暗がりに住まう者|Dweller in the Darkness
 闇からのささやき|Whispers of the Dark 
 忌むべき番人|A Detestable Guard 
 騎士団の仇敵|The Knights' Bitter Enemy
 人喰い鬼、現る！|A Man-Eating Ogre Appears! 
 【緊急探索】財宝調査隊　ハイデル平原|Urgent Inspection: Hidell Plains Treasure Expedition 
 【怪盗乱魔】狂騒の兆し|Phantom Thieves: Omen of Madness 
 【鬼哭蒐集】邂逅の屍者|Collecting Souls: Corpse Encounter 
 海辺の強盗団|Beach Bandits
 船は良き友|Boat's Buddy 
 神秘の滝に|The Waterfall of Mystery 
 海の見張り手|The Sea-Watcher's Hand 
 闇に浮かぶ悪意|A Malice in the Dark 
 廃墟荒らしの怪|The Mystery of the Wasted Ruins
 遥か海原の先へ――|Along the Faraway Sea
 南の浜から迫る影|Shadow from the South Shore
 【進天動地】思いがけぬ急襲|Enter Heaven and Earth: Unexpected Descent 
 水底より来たりて|From the Water's Depths
 大地を踏みしだく者|That Which Tramples the Ground 
 月下の亡霊|Phantoms in the Moonlight
 思いがけぬ邂逅|An Unexpected Encounter
 海辺の怪奇|A Seaside Mystery
 ハーピーの群を討て！|Dispatch a Clamor of Harpies!
 【緊急探索】財宝調査隊　ブリア海岸|Urgent Inspection: Breya Coast Treasure Expedition 
 砦の物資事情|The Fort's Supply Problems 
 足りない報告書|The Missing Report 
 降って湧いた修練|Unexpected Training
 ざわめきの地下室|A Commotion in the Cellar
 リズの落し物|Lise's Lost Property 
 旧神殿に集う魔|A Gathering of Demons in the Old Temple
 緊急指令！　北部魔物討伐|Urgent Directive! Eliminate the Demons to the North
 山道の危機管理|A Situation on the Mountain Road 
 集う脅威|The Gathering Menace 
 暗がりの住民達|The Residents of Darkness
 奪われた逸品|The Stolen Treasure
 連絡路を取り戻せ|Reclaiming the Route 
 巣くいし魔獅子|The Resident Demonic Lion
 単眼の番人|The One-Eyed Guardian
 悪魔の翼膜を求めて|Seeking Fiend Wing Membrane
 潜みし略奪者|The Lurking Marauders
 銀色の悪鬼（他クエで名称流用中）|The Silver Fiend (他クエで名称流用中)
 大鎧、現る！|A Huge Armored Creature Appears! 
 遭遇の双撃|A Paired Encounter 
 骨の王|The King of Bones
 青鱗の凶竜|The Blue-Scaled Evil Dragon
 闇夜に舞う鷹|A Whirling Hawk on a Dark Night
 【緊急探索】財宝調査隊　バートランド平原|Urgent Inspection: Betland Plains Treasure Expedition
 愛と苦労の巣作り|A Nest of Labor and Love 
 美食家の探究心|The Curious Gourmand 
 時を刻む遺物|Historical Mementos
 悠久の古城|The Timeless Castle
 誇りは朽ちず|Undying Pride 
 コソ泥の受難|A Petty Thief's Woes 
 運べぬ運び屋|The Incapable Courier
 高みの見物|The Spectator
 珍客お断り|No Unexpected Guests 
 風鳴りと共に|With the Howling of the Wind 
 古城の魔女|The Witch of the Old Castle
 まどろみの巨人|The Sleeping Giant 
 石廊に響く足音|The Footsteps in the Halls 
 輝く一本角|The Glittering Horn
 彷徨える騎士団|The Wandering Knights
 騒乱のエイプ達|The Apes of Mayhem 
 霧に紛れた影|Misty Specters 
 貪り喰らうもの|A Desire to Feed 
 坑道に響く咆哮|The Echoing Roars in the Tunnel
 あの竜を追え！|After That Dragon! 
 【緊急探索】財宝調査隊　ダウ渓谷|Urgent Inspection: Dowe Valley Treasure Expedition 
 おしゃれの対価|A Stylish Consideration
 生きたお宝の謎|The Mysterious Living Treasure 
 縄張り守備隊長|A Territorial Dispute
 仕入れの重責|A Burden of Procurement
 湯詰まりの元|The Cause of the Hot Springs Blockage
 誘う光|The Tempting Lights
 険しき堂参り|A Grim Pilgrimage
 採掘師の生命線|A Miner's Lifeline 
 ボルド毒泉調査|Volden Poisonous Springs Investigation 
 傷ついた名誉|Wounded Honor
 大坑道に光る一つ目|The Bright One-Eyed
 黄泉からの使者|A Messenger from the Underworld
 岩窟の巨影|Shadows within the Cave
 坑道の怪物|The Tunnel Beast 
 岩砕きの大牙|Rock-Crushing Fangs
 覚めえぬ悪夢|Trapped in a Nightmare 
 レーゼ・エクストラクトを求めて|Seeking Riese Extract
 【緊急探索】財宝調査隊　ボルド鉱山|Urgent Inspection: Volden Mines Treasure Expedition
 【怪盗乱魔】情念の追跡隊|Phantom Thieves: Passionate Pursuit Team 
 迫る敵意|Approaching Hostility
 暗がりに消ゆ|In the Darkness
 洞穴に巣くう危機|Crisis within a Cave 
 リンウッド防衛戦|Defending Lynwood
 光浴びる花|Flowers Bathed in Light
 鍾乳洞に響く足音|Echoing Footsteps in the Cave
 森の魔術師|The Witch of the Forest
 古より集うもの|An Ancient Gathering 
 美食家の森林保護|A Gourmand's Forest Protection 
 橋は我らが命なり|The Bridges of Our Livelihood
 鱗持つ戦士達|Scaled Soldiers
 森に舞う妖鳥|A Strange Bird Dances in the Forest
 ミスリウ洞の怪|The Mystery of Mysree Limestone Cave 
 魔洞にひしめく影|Shadows in the Demon's Den 
 人攫いの正体|The Abductors' True Nature 
 死を呼ぶはばたき|Fluttering Calls of Death
 【緊急探索】財宝調査隊　ミスリウ森林|Urgent Inspection: Mysree Grove Treasure Expedition
 【怪盗乱魔】粗暴なる思慕|Phantom Thieves: Wild Yearning 
 【鬼哭蒐集】邂逅の亡者|Collecting Souls: Undead Encounter 
 古跡に響く子守歌|The Lullaby Echoing in the Ruins 
 翠緑の遺構|The Remains of Green 
 イニアスの怪物|The Inias Monster
 嘆きの下っぱ冒険者|The Grieving Underling 
 森の乱暴者|The Thugs of the Forest
 幽かなる凶兆|A Faint Ill Omen 
 蒼葉の守人|The Guardian of Green Leaves 
 招かれざる居候|The Unbidden Guest 
 銀色の悪鬼|The Silver Fiend 
 エルフィン・エクストラクトを求めて|Seeking Elfin Extract
 【緊急探索】財宝調査隊　ミスリウ森林深部|Urgent Inspection: Mysree Grove Treasure Expedition
 仇を求めて――|Seeking Vengeance
 妖しき秘薬|A Dubious Remedy 
 危険な賭け|A Dangerous Wager
 奪え！　オークの貯蓄品|To Steal from Orcs 
 うってつけの強者|The Perfect Warrior
 盗賊業の誘い|The Temptation of Thievery 
 一難去ってまた一難|From One Thing to Another
 唸る獅子王|The Roaring Lion King
 奪われた水路|The Occupied Channels
 猛る魔鳥|The Raging Demonic Bird
 オーク小隊を駆逐せよ！|Eliminate the Orc Platoon! 
 辺境の死線|The Deadly Frontier
 屍喰いの白鬼|The Corpse-Eating White Demon
 闇夜に佇む魔|The Evil in the Dark Night 
 鬼人達の宴|The Feast of Demons
 戦鬼将のベルトを求めて|Seeking Demon Commander's Belt 
 【緊急探索】財宝調査隊　バートランド平原北部|Urgent Inspection: Northern Betland Plains Treasure Expedition 
 麗しの古酒|The Lovely Vintage 
 囚われの亡霊|The Bound Spirit 
 気配の数だけ|The Sole Sign
 迷宮の難所|The Perilous Labyrinth 
 代えなき宝|An Irreplaceable Treasure
 闇色の翼|The Wings of Darkness
 招かれざる者達|The Uninvited Ones 
 忍び寄る悪意|The Evil Draws Near
 荒れ地の主|The Lord of the Wastes 
 屈強なる戦鬼達|The Mighty Brutes
 死出の旅路へ――|The Journey to Death 
 オーク遠征隊を殲滅せよ！|Eliminate the Orc Expedition!
 立ちはだかる魔像|The Obstructing Evil Statue
 不毛なる黒翼|The Barren Black Wings 
 襲い来るアギト|The Attacking Bite 
 空っぽの名誉|Empty Honor
 死王の眷族|The Dead Lord's Retainers
 いにしえよりの執念|An Ancient Perseverance
 【緊急探索】財宝調査隊　ザンドラ東部|Urgent Inspection: Eastern Zandora Treasure Expedition 
 亡都の記録|The Dead City's Chronicles 
 その名は“騎士喰らい”|"The One Called ""Knight-Devourer"" "
 禁じられし知識|Forbidden Knowledge
 帰りを祈って――|Pray for a Safe Return 
 炎紅の巨兵|The Fiery Titan
 智を欲せしもの|A Thirst for Knowledge 
 空を覆う黒影|The Dark Shadow Covering the Sky 
 禍々しき獣|The Sinister Beasts
 忘れられた守番|The Forgotten Guardian 
 地下水道の血戦|Bloody Battle in the Sewer 
 殺戮の魔道鉄騎|The Murderous Magick Cavalry 
 呪われし徘徊者|The Accursed Wanderer
 呪縛の廃屋|The Accursed Deserted Home 
 よみがえる古戦士|The Ancient Warrior Rises Again
 オーク精鋭部隊との遭遇|A Clash with the Orc Elite Corps 
 虚ろなる剣戟|A Hollow Swordfight
 溶熱に燃える巨躯|Monster Burning from Within
 禁域の処刑人|Executioner of the Wasteland 
 【緊急探索】財宝調査隊　ザンドラ禁域|Urgent Inspection: Zandora Wastelands Treasure Expedition
 探索の下ごしらえ|Expedition Preparations
 美食家のキノコ狩り|The Gourmand's Mushroom Hunt 
 壮麗なる残滓|The Remains of Splendor
 悪しき探求者|The Wicked Pursuer 
 純白の獅子王|The Snow-White Lion King 
 愚鈍なる占拠者|The Foolish Occupiers
 ほとばしる業火|A Surge of Hellfire
 黒雄鶏の啼く頃に|When the Black Fowl Crows
 深き森の番人|The Keeper of the Woods
 緑に舞い散るは――|The Greenery Falls, Dancing
 森の老魔女|The Old Witch of the Woods 
 不意に迫る殺意|A Sudden Urge to Kill
 【緊急探索】財宝調査隊　ディナン深層林|Urgent Inspection: Deenan Woods Treasure Expedition
 おそるべき被造物|A Horrible Creature
 乖離と補完|Separation and Completion
 眠りし叡智|A Deathly Wisdom 
 受け継がれる想い|Inherited Experience 
 金色の落とし仔|The Lost Golden Child
 アルケム・エクストラクトを求めて|Seeking Alchemical Extract 
 翼ある番兵|The Winged Sentry
 蒼き竜影|The Blue Dragon's Shadow 
 炎と岩よりい出し者|From Flame and Rock
 うち捨てられた巨人兵|The Abandoned Giant Warrior
 改造魔獣、襲撃！|An Altered Beast Attacks!
 錬成術の要|A Training Requirement 
 メルゴダ資源事情|Mergoda's Resource Issue 
 狂える竜脈|Mad Dragon's Pulse 
 実験動物の逆襲|The Experiment Strikes Back
 妄執の幽戦士|The Misguided Soldiers 
 亡都を歩む影|The Shadow That Roams the Dead City
 【緊急探索】財宝調査隊　亡都メルゴダ|Urgent Inspection: Mergoda Ruins Treasure Expedition 
 【高難度】冥闇に潜む影|High Difficulty: Lurking in the Shadows
 地下に舞いし幻影|Dancing Phantoms down Below
 郷想う気持ち|Hometown Concerns
 猛り狂う異形|A Monstrous Rampage
 魔女の噂|The Witch's Rumor
 【高難度】森のパトロール|High Difficulty: Forest Patrol 
 盗人は何処に|A Thief's Whereabouts
 期待された成果|Expected Results 
 洞窟の暴君|The Tyrant of the Cave 
 漂う妖光|The Wandering Light
 店主の苦悩|A Shopkeeper's Distress
 【高難度】喧騒の元|High Difficulty: The Source of Commotion 
 村に光を|Light in the Village 
 忘れられた魔像|The Forgotten Evil Image 
 灯台守の恩返し|The Lighthouse Keeper's Favor
 【高難度】静寂を裂く呻き声|High Difficulty: A Silence-Breaking Roar 
 大人への憧憬|Longing to Be an Adult 
 墓荒しを罰せよ|Punish Grave-Robbing 
 多忙は願い下げ|Heavily Occupied 
 【高難度】魔物の大掃除|High Difficulty: Demon Eradication 
 湖畔を掠める危機|A Lakeside Danger
 孤独のハンター|The Lonesome Hunter
 騎士の誇りに懸けて|Knight's Pride on the Line 
 冷風すさびし路|A Path Hardened by Cold Winds
 【高難度】魔巣の洞窟|High Difficulty: The Demon's Nest
 【財宝の扉】湿った殺気|Door of Treasures: Bloodlust 
 【宝飾の扉】現れた巨像|Door of Jewelry: Emerged Colossus
 【竜力の扉】誘いし怨霊|Door of Dragon Force: Call of Vengeful Spirits 
 【宝飾の扉】悪夢の根源|Door of Jewelry: The Source of the Nightmare 
 棄てられた獲物|Abandoned Prey 
 とっておきの情報|Prized Knowledge 
 【高難度】安息をもう一度|High Difficulty: To Rest, Once More
 悠久にて佇む|Remain for Eternity
 湧き出た邪念|A Gush of Wickedness 
 小鬼との取引|Deal with the Goblins
 【高難度】天秤に架けた誇り|High Difficulty: An Uncertain Pride
 悔恨晴らすまで|No Regrets 
 風光の中で|Within This Beautiful Scenery
 一人の戦士として|As a Single Soldier
 【宝飾の扉】伝承の真相|Door of Jewelry: Truth behind the Legend 
 呪われし聖域|The Cursed Sanctuary 
 【昌石の扉】蟠り、散らして|Door of Gemstones Away, Foul Things!
 職人気質|Spirit of a Craftsman
 【高難度】鑑賞の邪魔者|High Difficulty: Thank You for Your Trouble
 商売人の意地|A Merchant's Pride 
 【財宝の扉】暗晦に沈む想い|Door of Treasures: Dark and Depressing Thoughts
 遠方より想う|A Yearning from a Distance 
 【高難度】崩壊への狂宴|High Difficulty: A Revelry of Ruin 
 他言は無用|A Forbidden Disclosure 
 【竜力の扉】魔獣の栖|Door of Dragon Force: The Beast's Lair 
 郷土愛の痛み|Missing One's Hometown 
 水路に拡がる危機|A Situation in the Waterway
 分不相応の相手|An Unworthy Opponent 
 古跡の厄介者|Menace of the Ruins
 【高難度】危機迫る古跡|High Difficulty: Danger at the Ruins 
 引きつける影|Lure of the Shadow 
 【高難度】野望集めし魔物|High Difficulty: Monsters Full of Ambition 
 新天地へ向けて|Toward a New World 
 身近に潜みし魔|Demon Close at Hand
 友情はどこまでも|Friends to the End 
 騎士として|As a Knight
 洞窟に満ちる悪|The Evil Resounding in the Cave
 力試しの結果|A Trial of Strength's Outcome
 【高難度】島を救え|High Difficulty: Save the Island 
 【高難度】荒涼の地|High Difficulty: Desolate Land 
 【宝飾の扉】無鉄砲もいいところ|Door of Jewelry: Recklessness
 深奥の黒き影|A Deathly Black Shadow 
 遺跡の守り人|Guardian of Ancient Remains
 噂の尾ひれ|An Embellished Rumor 
 猪突猛進|Headlong into Danger 
 この世の地獄|Living Hell
 【高難度】漏れ聞こえる声|High Difficulty: An Overheard Voice
 立ちはだかる壁|Wall in One's Path 
 宿場の確保|Secure the Outpost 
 【高難度】若き力のために|High Difficulty: For Youthful Strength 
 水底に潜むもの|What Lies beneath the Waters 
 【宝飾の扉】新米の見せ場|Door of Jewelry: Newcomer's Highlight
 【財宝の扉】愚者葬られし場|Door of Treasures: The Fool's Burial Ground
 【宝飾の扉】異物排除|Door of Jewelry: Eliminate Invaders
 珠玉を求む|In Search of Gems
 あの日と今|That Day and Now 
 【高難度】封ぜられた闇|High Difficulty: The Sealed Darkness 
 呪われし巨影|A Great Cursed Shadow
 命知らずの地|Death-Defying Area 
 放浪の果てに|At the End of One's Wandering
 消えた貴重品|The Stolen Valuables 
 【高難度】油断大敵|High Difficulty: Don't Let Your Guard Down 
 【竜力の扉】巨魔との邂逅|Door of Dragon Force: A Monstrous Encounter
 懐かしき日|The Good Old Days
 亡者の誘い声|Call from the Undead 
 悔恨の地|A Place of Regrets 
 【昌石の扉】立入厳禁！|Door of Gemstones Absolutely No Entry!
 強欲の結末|An End to Greed
 孤独の主|Solitary Master
 【高難度】ただならぬ気配|High Difficulty: Unusual Prescence 
 【財宝の扉】轟きし咆哮|Door of Treasures: Thunderous Roar 
 悪夢の象徴|A Sign of Nightmares 
 秘密の取引き|Secret Dealings
 【高難度】海岸沿いの死闘|High Difficulty: Deathly Battle Along the Coast
 【竜力の扉】猛る魔角|Door of Dragon Force: Raging Horned Demon
 【.WQ】孤島|【.WQ】Solitary Island 
 守り人を守る人|Protecting the Protectors
 懐古たる洗礼|Fount of Nostalgia 
 【高難度】密林の潜伏者|High Difficulty: Lurker in the Deep Woods
 富と力|Wealth and Power 
 通商の先駆け|First to Trade 
 【時限採取】深夜の採草道|Time Restriction: Late Night Harvest 
 【時限採取】雨天の採水道|Time Restriction: Rainy Collection 
 【財宝の扉】虹覆う緑|Door of Treasures: The Green over Rainbow
 胡乱の目撃者|A Suspicious Eyewitness
 心痛の原因|Heartache's Cause
 振り向いてはいけない|Don't Look Behind You
 熱帯夜の無法者|The Warm Night Outlaw
 相棒を探して！|Searching for a Partner! 
 覚者隊の失態|The Arisen Corps' Blunder
 水林の旅人達|Water Grove Wayfarers
 見せしめの勲章|Medal To Set an Example
 類猿の血族|Simian Relatives 
 密林に輝く純白|Snow-White Gleam in the Deep Woods 
 エラニック・コントラスト|Elanic Contrast
 毒秘めし同胞|Brethren Hiding Poison 
 蔦覆い隠す呼び声|A Call from Beneath the Ivy
 踏み砕かれた心|A Trampled Heart
 【高難度】駆けゆく野生|High Difficulty: Rushing Wild
 【時限採取】暁の採泥道|Time Restriction: Dredging at Dawn 
 【昌石の扉】野獣たちの咆哮|Door of Gemstones Howls of the Beasts 
 看板娘の小手調べ|The Store Girl's Trial:s
 殊勝なる若輩者|A Commendable Novice 
 【高難度】魔影の侵攻|High Difficulty: The Specter's Invasion
 遠き地の子へ|To the Faraway Child 
 未来を見据える瞳|Eyes Fixed on the Future 
 【時限採取】真昼の採草道|Time Restriction: Midday Harvest 
 【時限採取】曇天の採石道|Time Restriction: Cloudy Mining
 【昌石の扉】無慈悲なる鋼爪|Door of Gemstones Cruel Steel Claws 
 弱腰の矜持|Pride of the Weak
 弱腰の試練|Ordeal of the Weak 
 昔取った槍柄|An Old Hand at the Spear 
 寡黙な師弟愛|Teacher and Pupil's Unspoken Affection 
 異邦捜査線|A Foreign Investigation
 惑いし砦守|The Troubled Fortification 
 消えた僚友|Missing Cohort 
 かの日の強者|Champion from that Day 
 水路を焦がす稲妻|Lightning Scorching the Waterway 
 好奇が呼ぶ不穏|Disturbance Stirring Curiosity 
 残酷なる翼影|Cruel Winged Shadow
 猛き尾と芳しき翼|Fierce Tail and Splendid Wings 
 無縫の墓荒らし|Flawless Grave-Robbing 
 小妖精の王|King of the Fairies
 【高難度】猛き王者の咆哮|High Difficulty: The Fierce King's Roar
 【時限採取】真夜中の採岩道|Time Restriction: Mining in the Dead of Night
 【財宝の扉】氷河裂く爪|Door of Treasures: Claws that Cleave the Glacier 
 騒ぎの原因|Source of Disturbance
 噂の検証|Verifying a Rumor
 【高難度】終止符を打つために|High Difficulty: To End This 
 優しさの報酬|A Kind Reward
 幼き家守|The Young Custodian
 【時限採取】夕暮の採木道|Time Restriction: Dusk Logging 
 【時限採取】晴天の採草道|Time Restriction: Fine Weather Harvest 
 【竜力の扉】侵緑の暴虐者|Door of Dragon Force: Verdant Tyrant 
 蝕鳥たちの舞|Flight of the Ravenous Birds 
 蒼き死路|Blue Road to Death 
 病み森の番人|Guardian of the Diseased Forest
 理解への茨道|The Thorny Path to Understanding 
 老兵の大暴れ|Rampage of Old Soldiers
 鈍腕の好学者|The Inept Scholar
 侵魔の強襲|Assault of Demons
 賢者の眠る地|Where the Sage Sleeps
 侵鬼の手招き|Beckoning Demons 
 緑園のために|For the Green Garden 
 異形の二本足|Two Grotesque Feet 
 跋扈する狂獣たち|Rampaging Wild Beasts
 彷徨う傀儡|Wandering Puppets
 淀みの狂翼|Stagnant Wings 
 【高難度】再来の緑魔|High Difficulty: The Green Demon's Return
 【時限採取】雨天の採木道|Time Restriction: Logging in the Rain
 【宝飾の扉】穢れし森の宝守り|Door of Jewelry: Guarding Treasure in the Defiled Forest 
 食堂の危機|Dining Danger
 竜魔事変|Dragon Disaster
 【高難度】深淵の伏魔殿|High Difficulty: The Mayhem Abyss
 支援の対価|Equivalent Support 
 先見の明|Foresight
 【時限採取】早朝の採石道|Time Restriction: Daybreak Mining
 【時限採取】晴天の採宝道|Time Restriction: Fine Weather Treasure Hunt 
 【宝飾の扉】異形たちの挽歌|Door of Jewelry: Elegy of the Grotesque
 長考の種|Seeds of Contemplation 
 明日を担う瞳|Eyes Burdened by Tomorrow
 冷徹なる獣道|The Steady Beasts' Path
 正義の代償|Just Reparations 
 蝕みの足音|Gnawing Footsteps
 消えた足音に気付く時|When the Footsteps Fade
 隠された懇情|Concealed Kindliness 
 魔の視線|An Evil Gaze 
 スクラップ・メイカー|Scrap Maker
 いにしえの復讐鬼|Ancient Vengeance Demon
 闇獣使いの魔女|The Dark Summoner Witch
 凍て付きし業炎|Frozen Blaze 
 旧知の宿敵|An Old Enemy 
 防疫の証明|Proof of Quarantine
 【高難度】邂逅の厄災|High Difficulty: A Disastrous Encounter
 【時限採取】曇天の採掘道|Time Restriction: Cloudy Excavation
 【竜力の扉】招かれざる侵翼|Door of Dragon Force: Uninvited Wings
 弱り目に盗み目|Another Misfortune 
 悪鬼軍の青田刈り|The Fiends' Early Recruitment
 命知らずの敢行|A Reckless Action
 弱卒の憂さ晴らし|The Cowardly Soldier's Distraction 
 想いし君へ|Thinking of You
 高みの奉仕家|Serve from Above 
 日和見の魔物捕り|Waiting to Catch Monsters
 【時限採取】暮夜の採草道|Time Restriction: Evening Harvest
 騒乱の野獣たち|Rioting Beasts 
 異邦の隣人愛|Love Thy Neighbor
 武装鬼軍の奇襲|Demon Army's Surprise Attack 
 暗躍者の露払い|Expose The One in the Shadows
 【時限採取】鬼の居ぬ間の採石道|Time Restriction: Mining Free of Demons
 豪商の恩返し|The Merchant's Requital
 剣呑たる白昼夢|Dangerous Daydream 
 女番頭の憂い事|The Clerk's Misery 
 【高難度】悪しき竜軍、強襲！|High Difficulty: Evil Dragon Army, Attack! 
 行商人の気配り|The Peddler's Consideration
 自立への投資|Investing for Independence 
 睦まじき日をもう一度|Happy Days Once Again
 悪鬼中隊の進撃|The Fiend's Troops Attack
 一宿一飯の恩|In Return for a Bed and a Meal 
 【時限採取】晴天の採取道|Time Restriction: Gathering Under Clear Skies
 命知らずの命運|Reckless Fate
 絆湛えし瞳|Eyes That Speak of a Deep Bond 
 伏し迫るオーク小隊|The Orc Platoon Creeps Closer
 より所の守り人|Guard of the Base
 【時限採取】鬼の居ぬ間の採取道|Time Restriction: Gathering Before the Demons Return 
 不安の矛先|Cause of Unease
 ちいさなおねがい|A Little Favor 
 積怨の禍つ鎧|Malicious Armor
 【高難度】百鬼千魔を調伏せよ|High Difficulty: Exorcising a Hundred Ghosts and a Thousand Demons 
 真白き戦慄|The White Terror 
 いにしえの邪眼|Ancient Evil Eye 
 暗然たる森の悪夢|Nightmare of the Dark Forest 
 不撓不屈の証明|Indomitable Proof
 やるかたなき宿怨|A Bitter Old Grudge
 練磨の魁|Eager to Train 
 闇より溢れ出る異変|Something Spilling from the Darkness 
 飛んで火に入る闖入者|An Intruder in Too Deep
 最後の嘘|The Last Lie 
 霧の中に猛る狂乱|Fury in the Fog
 怪異は深き闇に潜む|Apparition Lurking in Darkness 
 不穏の先触れ|A Disturbing Portent 
 蠱惑のアジテーション|Beguiled and Agitated
 門番の矜持|The Gatekeeper's Pride 
 【時限採取】早暁の採虫道|Time Restriction: Early Dawn Bug Hunting 
 【時限採取】鬼の居ぬ間の回収道|Time Restriction: Collecting Before the Demons Return
 独りよがりの信念|Self-Righteous Conviction
 【高難度】逆襲の悪鬼軍|High Difficulty: The Demon Army Counterattacks 
 暗晦の炎|Flames of Darkness 
 徘徊する炎の影|Flickering Shadow of Flame 
 石拾うにも苦難の道程|A Difficult Journey
 真偽の判定者|Judge of Truth 
 拭えぬ心労|Unshakeable Anxiety
 行方を眩ます陽炎|Lost in the Haze 
 【時限採取】鬼の居ぬ間の採灰道|Time Restriction: Collecting Ash Before the Demons Return
 悪を断ち切る抑止力|The Power to Deter Evil
 【高難度】アッカーシェラン各地より救援要請|High Difficulty: Rescue Acre Selund
 激昂の突進|Furious Charge 
 激昂の邂逅|Furious Encounter
 激昂の死闘|Furious Deathly Battle 
 激昂の激闘|Furious Fight
 激昂の処刑人|Furious Executioner
 激昂の黒煙|Furious Black Smoke
 ダクレイム砦奪還戦|Dacreim Fortress Recapture Battle
 ジフール砦攻略戦|Jifule Fortress Capture Battle 
 霧の森の死闘|The Deathly Battle of the Forest of Mist 
 蘇りし絶望の炎|Resurrection of the Flame of Despair 
 クエスト検証用ID１|Quest Verification ID1
 クエスト検証用ID２|Quest Verification ID2
 須田テスト突発！|test
 須田テスト用納品|test
 クエスト検証用ID５|Quest Verification ID5
 須田テスト用クエスト|quest test
 クエスト検証用ID７|Quest Verification ID7
 クエスト検証用ID８|Quest Verification ID8 
 クエスト検証用ID９|Quest Verification ID9
 .GM戦闘仮組|GM combat Temp
 .ダンジョンクエスト検証用|dungeon quest verification
 執務官からの依頼|Request from an Official 
 お願いがあります|A Favor to Ask 
 増えすぎた魔物|Too Many Monsters
 魔物征伐|Subjugate Monsters 
 執務官からの頼み事|Favor for an Official
 執務官からの討伐依頼|Suppresion Order from an Official
 力試しをしてみませんか？|Why Not Test Your Strength?
 治安維持のため|Preserve Public Order
 脅威排除|Eliminate the Threat 
 レスタニア平安のため|For the Peace of Lestania
 欲しがりさんからの納品依頼|Delivery Request From An Acquisitor
 これが欲しいの！|I Want This! 
 欲しがりさんからの頼まれ事|Request From An Acquisitor 
 あれが欲しいの！|I Want That! 
 モノ好きさんからの納品依頼|Delivery Request From A Connoisseur
 備蓄のために|For Stockpiling
 モノ好きさんからの頼まれ事|Request From A Connoisseur 
 お友達からの相談|A Friend Needs Advice
 我儘娘の頼み事|Request from a Spoiled Girl
 調達を手伝って|Resupply Help
 【高難度】討伐命令|High Difficulty: Subjugation Order 
 【高難度】忌避すべき魔物|High Difficulty: Monsters to Evade 
 【高難度】覚者への試練|High Difficulty: A Trial for the Arisen
 【高難度】脅威は排除せよ|High Difficulty: Eliminate the Threat
 【高難度】平穏を脅かす者|High Difficulty: The One Who Threatens the Peace 
 【高難度】緊急討伐要請|High Difficulty: Emergency Subjugation Demand
 【高難度】討伐任務|High Difficulty: Subjugation Duty
 【高難度】覚者への挑戦状|High Difficulty: A Challenge to the Arisen 
 【高難度】緊急討伐命令|High Difficulty: Emergency Subjugation Order 
 【高難度】強者求む|High Difficulty: Searching for a Hero
 【高難度】調達のお願い|High Difficulty: Request for Provisions
 【高難度】補給のお願い|High Difficulty: Replenishment Request 
 【高難度】物資手配依頼|High Difficulty: Request to Gather Supplies
 【高難度】採取の代行|High Difficulty: Assigned to Harvesting
 【高難度】友達のために|High Difficulty: For a Friend
 【高難度】必要な物資|High Difficulty: Necessary Supplies
 【高難度】納品依頼|High Difficulty: Delivery Request
 【高難度】緊急補給要請|High Difficulty: Emergency Replenishment Demand
 【高難度】物資確保のため|High Difficulty: To Secure Supplies
 【高難度】物資調達命令|High Difficulty: Order to Provide Supplies 
 街道の安全確保|Highway Security 
 害獣駆除|Dangerous Beasts 
 周辺治安維持|On the Outskirts 
 魔物の増加傾向に関して|Growing Number of Monsters 
 白騎団　往来の安全確保|White Knights Protection of Travelers 
 白騎団　討伐任務|White Knights Elimination 
 白騎団　緊急討伐指令|White Knights Emergency Elimination 
 白翼覚者隊・駆除任務　ハイデル平原|White Wings Extermination (Hidell Plains) 
 白翼覚者隊・討伐任務　ハイデル平原|White Wings Elimination (Hidell Plains) 
 ＜エリアオーダー＞神殿近郊魔物征伐|Area Order: Temple Outskirts Demon Extermination 
 本当は自分で行くんだが――|Would've Gone There
 クラフトルーム備品補充のお願い|For the Crafting Room
 武具の手入れ用品お願い|Dents in Armor 
 クラフト材料譲ってくれよ|A Plea for Craft Materials 
 あのヒトを虜に|Capitivated
 じ、実は紛失したんです！|Actually, I Lost It! 
 我が主のために――|For a Master 
 白翼覚者隊・収集依頼　ハイデル平原|White Wings Collection (Hidell Plains)
 白翼覚者隊・納品依頼　ハイデル平原|White Wings Delivery (Hidell Plains)
 ＜エリアオーダー＞白竜神殿補給|Area Order: White Dragon Temple Resupply 
 ハンティング競争|A Hunting Competition
 周囲定期警戒|Travel Safety
 腹の具合が――|Sick in the Stomach
 内緒の儲け話|Rags to Riches 
 武者震い|Trembling with Joy 
 他地域への侵入阻止|The Hidden Land
 貴様の腕を見せてみろ|Sparring Contest 
 グリッテン砦・協力要請|Gritten Fort Cooperation
 グリッテン砦・討伐任務|Gritten Fort Elimination
 ＜エリアオーダー＞砦の征伐任務|Area Order: Fort Subjugation Mission 
 提出命令|Deadlines
 調達を手伝ってくれ|Resupplying Help 
 内緒の小金稼ぎ|The Side Job 
 知り合いの頼み|From an Acquaintance 
 私的依頼|A Personal Request 
 郷里への土産に|Souvenirs
 バートランド名産品の入手依頼|Betland Materials Request
 グリッテン砦・物資調達|Gritten Fort Collection 
 グリッテン砦・補給手配|Gritten Fort Delivery 
 ＜エリアオーダー＞グリッテン砦補給|Area Order: Gritten Fort Resupply
 怪しい視線|A Suspicious Glance
 往来の悩み|A Traveler's Lament
 水汲みもできやしない|Out of Water 
 退治するはずだったんだが|To Be Rid of Them
 ブタの仇をとって！|Vengeance for the Pig! 
 病気の原因|The Cause of Illness 
 塔から見たら――|A Sight from the Tower 
 白翼覚者隊・協力要請　ハイデル平原|White Wings Cooperation (Hidell Plains) 
 白翼覚者隊・討伐任務　ハイデル平原|White Wings Elimination (Hidell Plains) 
 ＜エリアオーダー＞ハイデル魔物征伐|Area Order: Hidell Demon Extermination 
 薬の材料を届けてください|Remedy Ingredients 
 装具修理に|Equipment Repairs
 酒の具材|Drinking Necessities 
 肥料の材料|Fertilizer Ingredients 
 誰かアレ持ってない？|Does Anyone Have This? 
 希少資材の提供依頼|In Search of Rarities
 ハイデル名産品の入手依頼|Hidell Materials Request 
 白翼覚者隊・収集依頼　ハイデル平原|White Wings Collection (Hidell Plains)
 白翼覚者隊・納品依頼　ハイデル平原|White Wings Delivery (Hidell Plains)
 ＜エリアオーダー＞ハイデル補給|Area Order: Hidell Resupply
 言いにくいのですが――|The Hard Truth 
 散歩の不安|An Uneasy Stroll 
 警備が心配だ！|The Guard's Concern
 あんなのが出たんだよ！！|Where'd That Come From?! 
 何とかせぃ|A Demand 
 商売仇|Business Rivals
 青海に潜む危機|What Lurks in the Waters 
 白翼覚者隊・協力要請　ブリア海岸|White Wings Cooperation (Breya Coast) 
 白翼覚者隊・討伐任務　ブリア海岸|White Wings Elimination (Breya Coast) 
 ＜エリアオーダー＞ブリア魔物征伐|Area Order: Breya Demon Extermination
 海竜亭の新メニューにご協力を！|For the New Menu!
 素材入荷に協力を|Safe Arrival 
 海からの宝物|A Treasure from the Sea
 あの子のために|For a Child
 潮風の品|Taste the Salt 
 備蓄が心配だ！|Storage Woes 
 ブリア名産品の入手依頼|Breya Materials Request
 白翼覚者隊・収集依頼　ブリア海岸|White Wings Collection (Breya Coast)
 白翼覚者隊・納品依頼　ブリア海岸|White Wings Delivery (Breya Coast)
 ＜エリアオーダー＞ブリア補給|Area Order: Breya Resupply 
 ある部族との密約|A Secret Agreement 
 キノザに平和を！|For Kinoza's Peace!
 魅惑のタール風呂|Bathing in Tar 
 行商人と鉱員の敵|Peddlers and Miners
 高くつくと教えてあげたいの|Costly Service 
 輝く戦技|Shining Skill
 どっから湧いてきたんだい|From Where Did They Spawn
 白翼覚者隊・協力要請　ボルド鉱山|White Wings Cooperation (Volden Mines)
 白翼覚者隊・討伐任務　ボルド鉱山|White Wings Elimination (Volden Mines)
 ＜エリアオーダー＞ボルド魔物征伐|Area Order: Volden Demon Extermination 
 鉱山は道が険しいよ|Road Blocks
 厳選素材|Careful Selection
 仕入れ仕事|Restocking 
 温泉宿の自慢料理|Famous Cuisine 
 極楽！　湯の素|Water of Paradise
 商品確保を|Securing Goods 
 ボルド名産品の入手依頼|Volden Materials Request 
 白翼覚者隊・収集依頼　ボルド鉱山|White Wings Collection (Volden Mines) 
 白翼覚者隊・納品依頼　ボルド鉱山|White Wings Delivery (Volden Mines) 
 ＜エリアオーダー＞ボルド補給|Area Order: Volden Resupply
 渓谷を覆う影|Shadow Over the Valley 
 うざいのよ|Annoyances 
 心配ごとについて|Worries
 ジンゲンの脅威|A Threat in Jingen 
 谷合いの強敵|Enemy of the Valley
 関所警備情報|Barrier Defense
 ぎっくり腰の原因|Back Pains 
 白翼覚者隊・協力要請　ダウ渓谷|White Wings Cooperation (Dowe Valley) 
 白翼覚者隊・討伐任務　ダウ渓谷|White Wings Elimination (Dowe Valley) 
 ＜エリアオーダー＞ダウ魔物征伐|Area Order: Dowe Demon Extermination 
 ジンゲンの物資手配依頼|Supplies for Jingen
 仕入れのお願い|A Plea for Stock 
 価値ある品|Worth the Price
 腰の治療薬|Back Pain Remedy 
 備えは万端に|Preparation Is Key 
 取引しない？|Refusal to Transact? 
 ダウ名産品の入手依頼|Dowe Materials Request 
 白翼覚者隊・収集依頼　ダウ渓谷|White Wings Collection (Dowe Valley)
 白翼覚者隊・納品依頼　ダウ渓谷|White Wings Delivery (Dowe Valley)
 ＜エリアオーダー＞ダウ補給|Area Order: Dowe Resupply
 リンウッド悩みの種|A Disturbance in Lynwood 
 木陰の殺気|Vengeful Shadows 
 遊びに行きたいのに！|Postponement 
 森に潜む危機|In the Forest
 まずいヤツ目撃情報|Eyewitness 
 採取の邪魔者|A Thievery 
 庭の侵入者|Fenced Off 
 白翼覚者隊・協力要請　ミスリウ森林|White Wings Cooperation (Mysree Forest) 
 白翼覚者隊・討伐任務　ミスリウ森林|White Wings Elimination (Mysree Forest) 
 ＜エリアオーダー＞ミスリウ魔物征伐|Area Order: Mysree Demon Extermination 
 森の恵み|Gift of the Forest 
 仕入れ手伝い募集|Resupply 
 内緒で宝物持ってきて！|The Secret Treasure
 合間の一杯|A Reprieve 
 料理のアクセント|Allures of a Meal
 魔法使いのおまもり|A Sorceress' Charm 
 秘薬の材料依頼|Request for Elixir Ingredients 
 白翼覚者隊・収集依頼　ミスリウ森林|White Wings Collection (Mysree Forest)
 白翼覚者隊・納品依頼　ミスリウ森林|White Wings Delivery (Mysree Forest)
 ＜エリアオーダー＞ミスリウ補給|Area Order: Mysree Resupply
 死ヌカと思ッタ！|An Inch from Death 
 仕返シシテクレ！|Avenge Me! 
 アイツら嫌イ|Loathing 
 外ノ魔物ヤっパり怖イ|Monsters Beyond
 オデ、強イ！！|Shaken!! 
 要チュウイ|A Notice 
 きけん、アブナイ|Danger, Danger 
 王ノ命令　邪魔モノ排除|Royal Orders Resolution 
 王ノ命令　別勢力ノ排除|Royal Orders Competition
 ＜エリアオーダー＞危険ノ撃退|Area Order: Defense
 王ノ好物|The King's Favorite
 アレがナイ！！|Nowhere to Be Found!!
 ヨコセ、齧るド！！|Aggression 
 ニンゲンヨケ|Human Protection 
 外ノ魔物怖イ|Monsters Beyond
 オデ、偉イ！！|Shaken!! 
 たくわえ、少ナイ|Running Out
 今日ノ王へノ捧ゲ物　小遣イアリ|Royal Offering Coin 
 今日ノ王へノ捧ゲ物　報酬アリ|Royal Offering Toll 
 ＜エリアオーダー＞ホボリック蒐集|Area Order: Hobolic Gathering
 ドラワン周辺の脅威|Threat Surrounding Drawan
 荒れ地の怪|A Wasteland Mystery
 オーク軍の斥候|Orc Scouts 
 あんにゃろう！！|That Bastard!! 
 安全な採取のために|For a Safe Harvest 
 家畜の天敵|Livestock's Natural Enemy
 討伐協力を頼む|Call for Extermination 
 白翼覚者隊・協力要請　バートランド北部|White Wings Cooperation (Northern Betland)
 白翼覚者隊・討伐任務　バートランド北部|White Wings Elimination (Northern Betland)
 ＜エリアオーダー＞ドラワン近郊魔物征伐|Area Order: Drawan Outskirts Demon Extermination 
 どうにか調達をお願いする|A Most Pressing Need 
 女房の努め|A Wife's Endeavour 
 素材採取代行探してます|Requisition Agent Required 
 外出が恐ろしくて|Afraid of the Outdoors 
 取引|A Mere Transaction 
 譲ってください|Provide This, Please 
 バートランド北部名産品の入手依頼|Northern Betland Materials Request 
 白翼覚者隊・収集依頼　バートランド北部|White Wings Collection (Northern Betland) 
 白翼覚者隊・納品依頼　バートランド北部|White Wings Delivery (Northern Betland) 
 ＜エリアオーダー＞バートランド北部補給|Area Order: Northern Betland Resupply
 苦手なアレ|Those Bothersome Things
 イチイチ戦ってらんねぇよ|No One-on-Ones 
 ああいやだいやだ|How Tiresome!
 剛の者求むッ！！|Looking for a Hero!! 
 手が空いてたら|If Your Hands are Free 
 試させて貰うわ|I'll Test You
 ゾマに安全を！|A Safe Zoma! 
 白翼覚者隊・協力要請　ザンドラ東部|White Wings Cooperation (Eastern Zandora) 
 白翼覚者隊・討伐任務　ザンドラ東部|White Wings Elimination (Eastern Zandora) 
 ＜エリアオーダー＞ザンドラ東部魔物征伐|Area Order: Eastern Zandora Demon Extermination
 ザンドラ産地品の取引|Dealing in Zandora Goods 
 素材買い取ります！|Buying Materials!
 掘り出し物ある？|Any Great Finds? 
 ゾマに活気を！|A Lively Zoma! 
 入手経路は何でもＯＫ！|However You Can Get Your Hands on It!
 ブレンドカクテル|Blend Cocktail 
 ザンドラ東部名産品の入手依頼|Eastern Zandora Materials Request
 白翼覚者隊・収集依頼　ザンドラ東部|White Wings Collection (Eastern Zandora)
 白翼覚者隊・納品依頼　ザンドラ東部|White Wings Delivery (Eastern Zandora)
 ＜エリアオーダー＞ザンドラ東部補給|Area Order: Eastern Zandora Resupply 
 退治しておくメモ|A Note on Extermination
 狩っておく獲物メモ|A Note on Protection 
 狙う獲物メモ|A Note on Treasure 
 力試しをしてみないかな|A Trial 
 我々の狩猟場|Hunting Grounds
 ミスリウ深部の生態調査依頼|Mysree Grove Wildlife Survey 
 復讐してくれよぉ！|Seeking Vengeance! 
 白翼覚者隊・協力要請　ミスリウ森林深部|White Wings Cooperation (Mysree Grove)
 白翼覚者隊・討伐任務　ミスリウ森林深部|White Wings Elimination (Mysree Grove)
 ＜エリアオーダー＞ミスリウ深部魔物征伐|Area Order: Mysree Grove Demon Extermination 
 探訪者へ|From a Reporter
 手に入れておく物メモ|A Note on Goods
 必要な物メモ|A Note on Necessities
 見つけておく物メモ|A Note to Search 
 モノ好き仲間へ|For a Friend 
 美食家の食材探し|An Epicurean Meal
 ミスリウ深部名産品の入手依頼|Mysree Grove Materials Request 
 白翼覚者隊・収集依頼　ミスリウ森林深部|White Wings Collection (Mysree Grove) 
 白翼覚者隊・納品依頼　ミスリウ森林深部|White Wings Delivery (Mysree Grove) 
 ＜エリアオーダー＞ミスリウ深部補給|Area Order: Mysree Grove Resupply
 若き覚者の標に|Mark of the Newly Arisen 
 駆除が追いつきません|Outtaken 
 ミスリウ危険ガイド|An Unfortunate Guide 
 ああ、もうまたかよ！！|That's Enough! 
 退治依頼|Extermination
 共闘依頼|Forces United
 血を纏う者|Clad in Blood
 白翼覚者隊・協力要請　ミスリウ森林|White Wings Cooperation (Mysree Forest) 
 白翼覚者隊・討伐任務　ミスリウ森林|White Wings Elimination (Mysree Forest) 
 ＜エリアオーダー＞ポーン郷近郊魔物征伐|Area Order: Pawn Cathedral Outskirts Demon Extermination 
 クラフトお悩み相談|Crafting Woes
 効率的アイテム収集|An Item Search 
 修練の材具|For a Practice 
 有用なる恵み|A Convenient Blessing
 物資不足|Low on Supplies
 癒しの助けを|Healing Assistance 
 ミスリウ名産品の入手依頼|Mysree Materials Request 
 白翼覚者隊・収集依頼　ミスリウ森林|White Wings Collection (Mysree Forest)
 白翼覚者隊・納品依頼　ミスリウ森林|White Wings Delivery (Mysree Forest)
 ＜エリアオーダー＞ポーン郷補給|Area Order: Pawn Cathedral Resupply
 すぐそこにいる敵|Imminent Threat
 錬魔注意報告|Look Out for Alchemised 
 哀れな傀儡|A Pitiful Puppet 
 ノイズの原因|The Source of the Noise
 恐るべき傀儡|A Fearsome Puppet
 錬魔警戒警報|Beware the Alchemised
 遺された脅威|A Menace Remains 
 排除すべき者|Exterminate Them 
 錬魔の兵|Alchemised Soldiers
 ＜エリアオーダー＞メルゴダ魔物征伐|Area Order: Mergoda Demon Extermination
 水薬の原料|Potion Raw Materials 
 限られたメルゴダ|Limited Mergoda
 最大限有効利用する|Taking Full Advantage
 エッセンス抽出を|Essence Extraction 
 失われし秘物|Lost Secret
 メルガンの糧|Mergan Provisions
 調達しておけよ|Have Supplies Ready
 資源の増補|Supplementing Resources
 錬成の媒介|Mediating Training 
 ＜エリアオーダー＞メルゴダ補給|Area Order: Mergoda Resupply 
 減らした方がいいね|Best to Reduce Their Numbers 
 狩っておくよ|To the Hunt
 注意して|Be Wary
 先手を打とうか|Shall We Strike First? 
 あれはどうにかしないと|To Be Taken Care Of
 掃除の敵|A Clean Sweep
 外出時の用心|Caution When Outdoors
 庵の危険|Perilous Retreat 
 力試しをしてみないかな|A Trial:
 ＜エリアオーダー＞ディナン魔物征伐|Area Order: Deenan Demon Extermination 
 そろそろ追加がいるかも|Need More, Quick!
 あったらでいいわ|A Humble Request 
 確保しといてくれない？|Won't You Get This for Me? 
 見つけたら必ず入手よ|You Have It, I'll Take It
 自給自足の心得|To Be Self-Sufficient
 エルフの薬再現|Reproducing Elven Medicine 
 エルフの武具再現|Reproducing Elven Weapons
 エルフの道具再現|Reproducing Elven Tools
 神秘の宝庫|A Mysterious Treasure
 ＜エリアオーダー＞ディナン収集|Area Order: Deenan Resupply
 うるさき者|Scoundrels 
 忌避すべき者|A Wide Berth 
 近寄るべからざる者|Come No Closer 
 禁域の小物共めッ！！！|No Trespassers!!!
 ザンドラ魔物戦闘検分|Zandora Enemy Investigation
 禁域生物の調査依頼|Investigate Wasteland Creatures
 力試しをしてみないかな|A Trial:
 禁域探訪者への連絡：敵遭遇に関して|Message for Wasteland Explorers: Enemy Encounters
 禁域探訪者への指示：敵遭遇に関して|Directions for Wasteland Explorers: Enemy Encounters 
 ＜エリアオーダー＞ザンドラ魔物征伐|Area Order: Zandora Demon Extermination
 あると良い物|Hoping for This
 興味深き物|Of Great Interest
 大いに調べ究明すべき物|Deserving Close Inspection 
 美食家のスパイス探し|An Epicure Seeks Spices
 相当のモノ好き仲間へ|For a Friend with Unusual Tastes 
 お願いがございます|A Favor to Ask 
 頼まれてくれるかい？|May I Ask A Favor? 
 禁域探訪者への連絡：取得物に関して|Message for Wasteland Explorers: About Finds 
 禁域探訪者への指示：取得物に関して|Directions for Wasteland Explorers: About Finds
 ＜エリアオーダー＞ザンドラ補給|Area Order: Zandora Resupply 
 こらしめてやってください|Teach Them a Lesson
 清潔なベッドシーツのため|For Clean Bedsheets
 火種泥棒|Set Off By a Robbery 
 花の敵討ち|Flower's Revenge 
 物資運搬路の安全確保|Securing Transport Routes
 魔赤島生物の行動調査|Investigating Bloodbane Isle Wildlife Activities 
 群れの半数|Half of the Crowd
 討伐協力依頼|Cooperate with Subjugation 
 衛生環境の維持のため|To Maintain a Clean Environment
 ＜エリアオーダー＞魔赤島魔物征伐|Area Order: Bloodbane Isle Demon Extermination 
 薬効検証のため|Investigating Medicine's Effects 
 土産の材料|Supplies for a Souvenir
 仕事終わりの一風呂|A Bath After Work
 どこにあるんだ|Where Is It
 裏マーケット需要|Back Alley Market Demand 
 調査を手伝いたくて|Wanting to Help Investigate
 魔赤島調査隊のモノ好き仲間へ|For the Bloodbane Isle Scouts With Strange Tastes
 礼はするって話だぜ|My Thanks
 魔赤島の珍味|Bloodbane Isle Delicacy
 ＜エリアオーダー＞魔赤島補給|Area Order: Bloodbane Isle Resupply
 静かな休息時間のため|For A Quiet Rest 
 歯型付きのふくらはぎ|Teeth Marks on the Calf
 散歩道での遭遇|A Run-In on the Path 
 たまには手伝ってほしい|I Could Use a Hand Sometimes 
 良心の呵責|Pang of Conscience 
 大掃除の準備|Preparing for Major Cleanup
 腰痛の原因|Cause of My Back Pain
 息抜きも必要|We All Need Rest 
 努力を無にしたくない|Efforts Shall Not Go to Waste
 ＜エリアオーダー＞魔赤島魔物征伐|Area Order: Bloodbane Isle Demon Extermination 
 自給自足も健康のため|Self-Sufficiency for Health
 余っていたらでいい|If There's Any Left Over 
 今回は仕方ねぇな|Just This Once 
 報告に添えるサンプル分|The Sample is Just as Reported 
 湿布の代用品|Substitute for a Poultice
 買い取り強化中|Buyback Prices Up
 魔赤島での楽しみ|Fun at Bloodbane Isle
 クセになる味|An Addictive Flavor
 内密に調達してほしい|Please Procure This Privately
 ＜エリアオーダー＞魔赤島補給|Area Order: Bloodbane Isle Resupply
 旅人たちへの注意勧告|A Warning to Travelers 
 洗濯物泥棒|The Laundry Thief
 ちょっと気になってさ|I've Been Wondering
 住まいを追われて|Driven From Their Homes
 木陰から飛び出すもの|Springing Out From the Shade of a Tree 
 手負いの魔物|The Wounded Demon
 不穏な視線|An Unsettled Gaze
 書物荒らしを懲らしめて|Punishment for Ransacking Books
 風の噂で|Rumors on the Wind 
 ＜エリアオーダー＞エラン魔物征伐|Area Order: Elan Demon Extermination 
 次回買い物メモ|A Shopping List for Next Time
 特製の装具|Specially Made Equipment 
 困らせたくないのに|I Don't Want to Cause Trouble
 庵の修理品|The Hermitage's Refurbished Goods
 鹿狩りの罠|A Trap for Hunting Deer
 燻製の隠し味|Smoke to Enhance the Flavor
 磨いてビーズに|Polish Into Beads
 新たな試作物|A New Prototype
 安請け合いしたみたい|Agreed Too Quickly 
 ＜エリアオーダー＞エラン補給|Area Order: Elan Resupply
 本日の記録|Today's Record 
 万が一のための駆除|Precautionary Extermination
 食糧庫を守れ！|Protect the Food Warehouse!
 仕入れの邪魔者|Hindering Restock
 食材調達の邪魔者|Hindering Food Procurement 
 思惑が外れて|Expectations Unmet 
 小さな監視人|The Little Watchman
 古兵の主張|The Veteran's Claim
 鹿が減った理由|Why the Deer Are Fewer 
 ＜エリアオーダー＞ファーラナ魔物征伐|Area Order: Farana Demon Extermination 
 ついでのおつかい|An Errand While You're Here
 負けが込んでな|A Losing Streak
 少女の探究心|A Girl's Inquisitive Mind
 美味し酒を求めて|In Search of Delicious Liquor
 取扱いの無い品|We Don't Handle Those Goods
 突然の入り用|A Sudden Need
 遠出準備|Preparing for a Trip 
 すぐに棚が空になってね|It Flew Off the Shelves
 魔物避けのお香|Demon-Warding Incense
 ＜エリアオーダー＞ファーラナ補給|Area Order: Farana Resupply
 毎日の疲労度調査|Researching Each Day's Exhaustion
 一人歩きの不安|Afraid to Walk Alone 
 騒ぐ野生の血|Blood of the Clamoring Beasts
 畑の実りを狙う輩|They're After the Crops
 日頃の討伐努力|The Usual Subjugation Efforts
 憎きハーブ泥棒|A Detestable Herb Thief
 子供たちの安全確保|Ensure the Children's Safety 
 よみがえる記憶|Reawakened Memories
 みんなの無事を祈って|Prayer for Everyone's Safety 
 ＜エリアオーダー＞モロー魔物征伐|Area Order: Morrow Demon Extermination 
 在庫管理は万全に|Perfect Inventory Management 
 多忙な見張り番|The Overworked Watchman
 見るのも嫌なヤツらの影|Shadows of That Damned Lot 
 虫寄らずの――？|Is It Bug Repellent? 
 香油が切れる前に|Before the Balm Runs Out 
 秘密のペット|The Secret Pet 
 アナタにお願い|A Request for You
 旅人の土産物|The Traveler's Souvenirs 
 畑にならないアレ|Not Fit for a Field
 ＜エリアオーダー＞モロー補給|Area Order: Morrow Resupply
 ママの説得材料|The Material to Persuade Mama
 武器さえ持っていれば――|If Only I Had a Weapon 
 戦士の直感|A Soldier's Intuition
 村の警戒は自分たちで|Watch Over the Village Yourselves
 ハーブ採取の穴場|A Secret Place for Picking Herbs 
 何かの呪い？|Some Kind of Curse?
 軽い片付け事|A Small Matter to Settle 
 牛を襲ったのは|What Attacked the Cows 
 門は村の顔|The Gate Is the Face of the Village
 ＜エリアオーダー＞キンガル魔物征伐|Area Order: Kingal Demon Extermination 
 遊んでみたいだけ|Just Want to Play
 釣り餌の代替品|A Substitute for Fishing Bait
 独自の火種レシピ|A Unique Firestarter Recipe
 明日のミルクの素|Base for Tomorrow's Milk 
 みんな大好きミートパイ！|Everyone's Favorite Meat Pies! 
 採取のためであっても|Even If It's For Harvesting
 グルメな家畜たち|The Gourmet Livestock
 壁の補修材|Repair Materials for the Wall
 シェナのキッチン事情|The State of Shenna's Kitchen
 ＜エリアオーダー＞キンガル補給|Area Order: Kingal Resupply
 強いヒトへ|To A Strong Person 
 やつらを怖がらせてやれ|Scare Them Off 
 うろつく足音|Loitering Footsteps
 怖いの、なくそう|No More Being Scared 
 怖くて眠れナイ|So Scary I Can't Sleep 
 きっとまた来る魔物|Those Monsters Will Be Back
 この稀有なる集落|This Rare Settlement 
 ちゃんと支払う|I'll Pay Up
 ギョロギョロ覗いてた|Gazing with Goggling Eyes
 ＜エリアオーダー＞マヌン魔物征伐|Area Order: Manun Demon Extermination
 ダリンのお願い|Darin's Request
 見張り番は忙しい|The Guard is Busy
 ハフの秘密の畑|Huff's Secret Field
 寄る年波には|For Oncoming Age 
 集落を守る罠作り|A Trap to Protect the Village
 ヴォーラのいじわる|Vora's Mean Trick
 最近のお気に入り|Recent Favorites 
 独自の修理材|Unique Repair Materials
 ここにあった袋は？|Where Did That Bag Go? 
 ＜エリアオーダー＞マヌン補給|Area Order: Manun Resupply 
 今の話を聞かせて|Tell Me What You Said Just Now 
 塔にまで響く騒ぎ声|A Clamor That Reaches the Tower
 収穫量減少の訳|Reason for the Reduced Harvest 
 壊された籠|A Broken Basket
 若者の身を案じて|Worried for the Young Ones 
 さざめく塔内|Commotion in the Tower 
 せめてもの安全確保|Ensuring Safety if Nothing Else
 長老の独り言|An Elder's Monologue 
 塔攻略の打ち合わせ？|A Briefing to Capture the Tower? 
 ＜エリアオーダー＞イヴァノスの塔近郊魔物征伐|Area Order: Tower of Ivanos Outskirts Demon Extermination
 遠路持ち帰った資材|Materials Brought Back from Afar 
 後回しの伝言|A Message Postponed
 いたずら者の提案|A Trickster's Proposal 
 調達時の携行品|Carrying One's Provisions
 取引上の戦略|Transaction Strategies 
 磨かれしタイル|Scrubbed Tiles 
 楽天家の提案|An Optimist's Proposal 
 節約を重ねて|Scrimping and Saving 
 心もとない蓄え|Anxious Hoarding 
 ＜エリアオーダー＞イヴァノスの塔補給|Area Order: Tower of Ivanos Resupply 
 【週期要請】ハイデル平原：治安維持討伐|Periodic Request: Hidell Plains - Subjugation for Public Order 
 【週期要請】ハイデル平原：物資供給|Periodic Request: Hidell Plains - Supply Provision 
 【週期要請】ブリア海岸：治安維持討伐|Periodic Request: Breya Coast - Subjugation for Public Order 
 【週期要請】ブリア海岸：物資供給|Periodic Request: Breya Coast - Supply Provision 
 【週期要請】ミスリウ森林：治安維持討伐|Periodic Request: Mysree Forest - Subjugation for Public Order 
 【週期要請】ミスリウ森林：物資供給|Periodic Request: Mysree Forest - Supply Provision 
 【週期要請】ボルド鉱山：治安維持討伐|Periodic Request: Volden Mines - Subjugation for Public Order
 【週期要請】ボルド鉱山：物資供給|Periodic Request: Volden Mines - Supply Provision
 【週期要請】ミスリウ森林深部：治安維持討伐|Periodic Request: Mysree Grove - Subjugation for Public Order
 【週期要請】ミスリウ森林深部：物資供給|Periodic Request: Mysree Grove - Supply Provision
 【週期要請】バートランド平原：治安維持討伐|Periodic Request: Betland Plains - Subjugation for Public Order
 【週期要請】バートランド平原：物資供給|Periodic Request: Betland Plains - Supply Provision
 【週期要請】ダウ渓谷：治安維持討伐|Periodic Request: Dowe Valley - Subjugation for Public Order 
 【週期要請】ダウ渓谷：物資供給|Periodic Request: Dowe Valley - Supply Provision 
 【週期要請】ディナン深層林：治安維持討伐|Periodic Request: Deenan Woods - Subjugation for Public Order
 【週期要請】ディナン深層林：物資供給|Periodic Request: Deenan Woods - Supply Provision
 【週期要請】バートランド平原北部：治安維持討伐|Periodic Request: Northern Betland Plains - Subjugation for Public Order 
 【週期要請】バートランド平原北部：物資供給|Periodic Request: Northern Betland Plains - Supply Provision 
 【週期要請】ザンドラ東部：治安維持討伐|Periodic Request: Eastern Zandora - Subjugation for Public Order 
 【週期要請】ザンドラ東部：物資供給|Periodic Request: Eastern Zandora - Supply Provision 
 【週期要請】ザンドラ禁域：治安維持討伐|Periodic Request: Zandora Wastelands - Subjugation for Public Order
 【週期要請】ザンドラ禁域：物資供給|Periodic Request: Zandora Wastelands - Supply Provision
 【週期要請】亡都メルゴダ：治安維持討伐|Periodic Request: Mergoda Ruins - Subjugation for Public Order 
 【週期要請】亡都メルゴダ：物資供給|Periodic Request: Mergoda Ruins - Supply Provision 
 【週期要請】魔赤島①：定点調査討伐|Periodic Request: Bloodbane Isle I - Area Investigation & Subjugation
 【週期要請】魔赤島①：物資供給|Periodic Request: Bloodbane Isle I - Supply Provision
 【週期要請】魔赤島②：定点調査討伐|Periodic Request: Bloodbane Isle II - Area Investigation & Subjugation 
 【週期要請】魔赤島②：物資供給|Periodic Request: Bloodbane Isle II - Supply Provision 
 ＜ウィークリー＞長期魔物討伐：テル村|Weekly: Long-Term Demon Subjugation - Tel Village
 ＜ウィークリー＞物資供給：テル村|Weekly: Supply Provision - Tel Village 
 【週期要請】ミスリウ森林（リンウッド）：治安維持討伐|Periodic Request: Mysree Forest (Lynwood) - Subjugation for Public Order 
 【週期要請】ミスリウ森林（リンウッド）：物資供給|Periodic Request: Mysree Forest (Lynwood) - Supply Provision 
 【週期要請】ボルド鉱山（ホボリック）：治安維持討伐|Periodic Request: Volden Mines (Hobolic) - Subjugation for Public Order
 【週期要請】ボルド鉱山（ホボリック）：物資供給|Periodic Request: Volden Mines (Hobolic) - Supply Provision
 ＜ウィークリー＞長期魔物討伐：テル村|Weekly: Long-Term Demon Subjugation - Tel Village
 ＜ウィークリー＞物資供給：テル村|Weekly: Supply Provision - Tel Village 
 ＜ウィークリー＞長期魔物討伐：テル村|Weekly: Long-Term Demon Subjugation - Tel Village
 ＜ウィークリー＞物資供給：テル村|Weekly: Supply Provision - Tel Village 
 失意の矢不足|Out of Arrows and Frustrated 
 小さな隠れ村の警備事情|Security at the Little Hidden Village
 小物への牽制を頼む|Take It Easy on the Lightweights 
 子連れの道中|A Journey with the Children
 とにかく気になるんだよ|It Just Bothers Me 
 傷薬を落とした理由|Why I Dropped the Ointment 
 篝火の下の不安|Unease Under the Bonfire 
 とても大切な用事|A Very Important Matter
 負傷兵の仇討ち|Vengeance for the Wounded Soldiers 
 ＜エリアオーダー＞剣持たぬ人々を|Area Order: Those Without Swords 
 小さな隠れ村の物資事情|Supplies for the Little Hidden Village 
 このままじゃ食い詰めちまう|At This Rate I'll Go Broke 
 へし折れた斧|A Broken Axe 
 馬車の修繕材料|Repair Supplies for the Carriage 
 軽くなった手提げ袋|My Shopping Bag Grows Lighter
 旅路の支えに|To Support the Journey 
 気がかりな背中|A Worried Posture
 家内の治療に必要なもの|The Cure for My Wife 
 身を守る最低限の手入れ|The Minimum Needed to Protect Yourself 
 ＜エリアオーダー＞ここを拠り所とする人々を|Area Order: Those Who Rely on This Place 
 夜は冷えるからな|It Gets Cold at Night
 好奇心は災いの元？|Curiosity, the Root of Misfortune? 
 何かせずにはいられないのさ|Can't Stand By Idly
 いたいけな依頼|An Innocent Request
 爽やかな活躍|Invigorating Activity
 再起を懸けた双葉|Betting on a Comeback
 弱腰狩人の忠告|The Weak-Willed Hunter's Advice
 現状維持のための協力|Uniting to Preserve the Status Quo 
 扉開きて待つ日々|Waiting By an Open Door
 ＜エリアオーダー＞癒しを齎す眠り|Area Order: Sleep that Brings Comfort
 地道に材料集めから|Start With Steadily Collecting Materials 
 探し求めて一千里|Searching Over Vast Distances
 糊口をしのぐ日々|Living from Hand to Mouth
 品切れ品の素材|Materials for Out of Stock Goods 
 些細で大きな悩み|A Trifling and Great Dilemma 
 帰路での災難|Disaster on the Way Home 
 秘密の楽しみ|A Secret Pleasure
 買取りいたします！|I'll Buy From You! 
 待ち焦がれる瞳|Impatient Eyes 
 ＜エリアオーダー＞求める人へ行き渡るよう|Area Order: May It Reach Those Who Need It 
 ロスからの注意書き|A Cautionary Note from Ross
 旅人の置き手紙|Letter Left by a Traveler
 ユーリからの注意書き|A Cautionary Note from Yuri
 商隊の荷物を守れ|Protect the Caravan's Goods
 故郷を一目|A Glimpse of My Hometown 
 ドリスに伝えてくれ|Please Tell Doris
 乱れた筆跡のメモ|A Note in Scrawled Handwriting 
 エリ警備塔の皆さまへ――|To All in Eli Guard Tower
 護衛兵の急務|The Bodyguard's Urgent Mission 
 ＜エリアオーダー＞エリ警備塔魔物征伐|Area Order: Eli Guard Tower Demon Extermination
 拠点であるならば|If This Is The Place 
 一般人の保護に備え|Preparing to Protect the Commoners 
 膏薬の材料集め|Collecting Ingredients for Ointment
 日々の痛みに耐え|Enduring Daily Pains 
 備え付けの寝台修理|Repairing the Provided Beds
 次回立ち寄り時の依頼|A Request for Next Time You Drop By
 見知らぬ旅人のメモ|Note from a Traveling Stranger 
 出発した兵士の置き手紙|Letter Left by the Departing Soldier 
 隠れ潜む日々で|Days Spent in Hiding 
 ＜エリアオーダー＞エリ警備塔補給|Area Order: Eli Guard Tower Resupply 
 小物なりの挑発？|A Small-Time Provocation?
 いつの日か採れたてを|A Fresh Harvest Someday
 心優しき姉の目線|The Kind Sister's Gaze 
 手負いの後始末|Dealing With the Wounded 
 大都市への道のり|Journey to the Great City
 勇む若者からの挑戦状|Challenge from a Lively Youth
 素材を抱えて|Holding Materials
 老賢者の心配の種|The Wise Elder's Seed of Worry 
 あの大ケガ人の噂|Rumors of the Gravely Wounded Person 
 ＜エリアオーダー＞城塞都市メガド魔物征伐|Area Order: Fortress City Megado Demon Extermination 
 明日を生きる小さな手|A Small Hand Living Tomorrow 
 友人からの頼まれごと|Request from a Friend
 可憐な強射手|A Sweet and Strong Bowman
 新・メガドの名物メニュー|New Megado's Menu of Specialties 
 お洒落は挑戦|Strive to Be Stylish 
 外れの空き家と小さな善意|Abandoned House on the Outskirts and Good Intentions 
 依頼に理由が必要か？|Do I Need a Reason to Ask For Help?
 鍛冶屋の思いつき|The Blacksmith's Fancy 
 荷馬車の事故|A Wagon Accident 
 ＜エリアオーダー＞城塞都市メガド補給|Area Order: Fortress City Megado Resupply
 スペシャル任務|Special Mission
 無限課金討伐|Infinite Subjugation
 無限課金討伐|Infinite Subjugation
 無限課金討伐|Infinite Subjugation
 無限課金討伐|Infinite Subjugation
 無限課金討伐|Infinite Subjugation
 無限課金討伐|Infinite Subjugation
 無限課金討伐|Infinite Subjugation
 無限課金討伐|Infinite Subjugation
 無限課金討伐|Infinite Subjugation
 密な情報共有|Secretly Sharing Information 
 誰かヘマしたのか？|Did Someone Make a Blunder?
 疲労困憊の盗伐依頼|An Exhausted Request to Steal Trees
 仮初のアジト、その安全|Safety at the Temporary Hideout
 巣ごと潰したいよな|I'd Like to Quash the Whole Nest 
 盗賊たちのゲーム|The Bandits' Game
 若き紅一点の努力|The Young Woman's Efforts
 馴染みの狩人の不幸|The Familiar Hunter's Misfortune 
 北の盗賊アジト、危機|Crisis at the Northern Bandit Hideout
 ＜エリアオーダー＞北の盗賊のアジト魔物征伐|Area Order: Northern Bandit Hideout Demon Extermination
 隠れアジトに咲く花|Flower Blooming in the Hideout 
 マルテンのメモ書き|Marten's Notes 
 資材の管理ミス|A Mistake Managing Materials 
 病気の子ブタ|An Ailing Piglet 
 アジトの寝床事情|The Beds at the Hideout
 盗賊手製の腹薬|The Bandits' Homemade Stomach Medicine 
 どちらかというと、募集|You Could Say I'm Recruiting 
 今ばかりは勝手を慎み|Think of Others For Once 
 宙に浮いた買取り金|Profits Hanging in Midair
 ＜エリアオーダー＞北の盗賊のアジト補給|Area Order: Northern Bandit Hideout Resupply 
 遠路、重い荷を背負って|Bearing a Heavy Burden a Long Way
 運動がてらの軽い討伐|Exercise Doubling as Subjugation 
 野営地の周辺の魔物|Demons Around the Campground 
 並の戦力では敵わない|Ordinary Power Is No Match for Them 
 軽やかな身のこなし|An Easy-Going Bearing
 諦観に撤退する狩人|The Hunter Who Retreats in Resignation 
 口を噤む詩人|The Poet Who Holds His Tongue
 急務！　巣作りの妨害|Urgent! Nest-Building Interference 
 周辺魔物の動向確認|Following the Nearby Demons' Movements 
 ＜エリアオーダー＞火垂れ山野営地魔物征伐|Area Order: Firefall Mountain Campsite Demon Extermination 
 消えた目当ての休息所|Our Resting Place Has Disappeared
 アジトからの運搬コスト|Transport Costs from the Hideout 
 予備はあるに越したことがない|Nothing Better Than Having a Spare 
 異国から聞きつけて|Heard from a Foreign Land
 爪牙忘れぬ盗賊|The Bandit Who Is a Vassal at Heart
 他言無用、納品依頼|Keep This Delivery Request a Secret
 断熱靴下の試作|A Prototype for Insulated Socks
 秘密裡に進めたい取り引き|A Transaction Behind Closed Doors
 盗賊料理の材料集め|Collecting Ingredients for the Bandits' Cooking
 ＜エリアオーダー＞火垂れ山野営地補給|Area Order: Firefall Mountain Campsite Resupply
 地下墓場の誘い|The Call of the Catacombs
 古き力に魅かれし者|Drawn to Ancient Power 
 古都の賜物|The Ancient City's Legacy
 輝く扉|The Shining Gate 
 地下墓場の誘い|The Call of the Catacombs
 地下墓場の誘い|The Call of the Catacombs
 地下墓場の誘い|The Call of the Catacombs
 魔界村コラボ 特別ミッション|Ghosts 'n Goblins Collaboration Special Mission 
 古き力に魅かれし者|Drawn to Ancient Power 
 古き力に魅かれし者|Drawn to Ancient Power 
 古き力に魅かれし者|Drawn to Ancient Power 
 古都の賜物|The Ancient City's Legacy
 古都の賜物|The Ancient City's Legacy
 古都の賜物|The Ancient City's Legacy
 輝く扉|The Shining Gate 
 レスタニア追懐戦記|Lestania War Chronicles
 歪みの執行人|Agent of Corruption
 歪みの執行人・限界域|Agent of Corruption Restricted Stage:
 淀みし大竜力|Phantasmic Great Dragon
 淀みし大竜力・限界域|Phantasmic Great Dragon Restricted Stage:
 戦技闘会・竜伐戦|Battle Competition Dragon Battle
 戦徒と共に|With the Myrmidons 
 大地の怒り|Earth's Fury 
 大地の怒り・限界域|Earth's Fury Restricted Stage: 
 闇の再動|Recurrence of Darkness 
 降臨せし闇・限界域|Onset of Darkness Restricted Stage:
 降臨せし闇|Onset of Darkness
 異人の遺跡|The Foreigner's Remains
 異人の洞窟|The Foreigner's Cave 
 異人の地下墓所|The Foreigner's Underground Tomb 
 異人の塔|The Foreigner's Tower
 フィンダム追懐戦記|Phindym War Chronicles 
 【１周年記念】 白竜杯|1st Anniversary: White Dragon Cup
 【２周年記念】白竜杯|2nd Anniversary: White Dragon Cup
 グリッテン砦攻防戦　戦況：激戦|Battle for Gritten Fort: Fierce Battle 
 太古の強者|Ancient Warrior
 グリッテン砦攻防戦　戦況：怪戦|Battle for Gritten Fort: Mystery Battle
 失われた秩序|The Lost Order 
 グリッテン砦攻防戦　戦況：奪回戦|Battle for Gritten Fort Recapture Battle
 魔物のるつぼ|The Crucible of Demons 
 眩き黄金|The Dazzling Gold
 目覚めし闇の魔物|The Demon of Darkness Awakens
 魔赤島の狂宴|Bloodbane Isle's Feast of Madness
 古代神殿の死闘|The Deathly Battle of the Ancient Temple 
 呼び覚まされし竜|The Dragon Awakened
 絶望と惨劇の砲声 限界域|Enfilade of Despair and Tragedy Restricted Stage:
 速壊の極み　ダクレイム砦|Breakneck Destruction Dacreim Fortress
 誘う眼　限界域|The Inviting Eye Restricted Stage: 
 速移の極み　ジフール砦|Breakneck Speed Jifule Fortress 
 暗晦の炎　限界域|Flames of Darkness Restricted Stage: 
 【３周年記念】白竜杯|3rd Anniversary: White Dragon Cup
 【３周年記念】速移の極み|3rd Anniversary: Breakneck Speed 
 黒界の門番|Gatekeeper of the Dark World 
 【高難度】黒界の門番|High Difficulty: Gatekeeper of the Dark World
 狂宴に舞う蒼影|Blue Shadow Dancing in Revelry 
 【高難度】狂宴に舞う蒼影|High Difficulty: Blue Shadow Dancing in Revelry
 黒き闇の覚者|Arisen of the Black Darkness 
 【高難度】黒き闇の覚者|High Difficulty: Arisen of the Deep Darkness 
 理を破壊する力|Power that Destroys Reason 
 【高難度】理を破壊する力|High Difficulty: Power that Destroys Reason
 大竜晶破壊戦：抗う大地|The Great Dragon Crystal War: The Resisting Land 
 大竜晶破壊戦：奪われた王宮|The Great Dragon Crystal War: Captured Palace
 大竜晶破壊戦：主無き古城|The Great Dragon Crystal War: Castle with No Lord
 大竜晶破壊戦：捧げられし廃都|The Great Dragon Crystal War: The Sacrificed Capital 
 【限界域】理を破壊する力|Restricted Stage: Power that Destroys Reason 
 砦に轟く戦鬼連合|Demon Forces Thundering Through the Fortress 
 黒の殉教者|The Black Martyr 
 レジェンドオブレスタニア|Legend of Lestania 
 破攻の証　ファイター戦術試練|Fighter Tactics Trial: Break Attack
 クラン酒場に集う勇|Gathering in the Clan Tavern 
 頑盾の証　ファイター戦術試練|Fighter Tactics Trial: A Stubborn Shield 
 浄化の証　プリースト戦術試練|Priest Tactics Trial: Purification 
 旋風の証　シーカー戦術試練|Seeker Tactics Trial: A Whirlwind
 魔盾の証　シールドセージ戦術試練|Shield Sage TacticsA Magick Shield 
 狙弓の証　ハンター戦術試練|Hunter Tactics Trial: An Ambushing Bow 
 魔攻の証　ソーサラー戦術試練|Sorcer Tactics Trial: A Magick Attack
 魔弓の証　エレメントアーチャー戦術試練|Element Archer Tactics Trial: A Magick Bow 
 剛剣の証　ウォリアー戦術試練|Warrior Tactics Trial: A Strong Sword
 錬金の証　アルケミスト戦術試練|Alchemist Tactics Trial: Alchemy 
 覚者の甲斐性|The Arisen's Abilities 
 神殿の商い人|The Temple's Tradespeople
 確かな情報源|Reliable Source of Information 
 レスタニアの着飾り美人|Lestania's Best Dressed
 クラフトで伝える心|Crafted Token of the Heart 
 破攻の証　プリースト戦術試練|Priest Tactics Trial: Break Attack 
 破攻の証　シールドセージ戦術試練|Shield Sage Tactics Trial: Break Attack
 破攻の証　ハンター戦術試練|Hunter Tactics Trial: Break Attack 
 続・クラン酒場に集う勇|Gathering in the Clan Tavern (Continued) 
 求道の師を訪ねて　ファイター|Seeking the Master Fighter
 求道の師を訪ねて　プリースト|Seeking the Master Priest 
 求道の師を訪ねて　ハンター|Seeking the Master Hunter 
 求道の師を訪ねて　シールドセージ|Seeking the Master Shield Sage
 求道の師を訪ねて　シーカー|Seeking the Master Seeker 
 求道の師を訪ねて　ソーサラー|Seeking the Master Sorcerer 
 求道の師を訪ねて　エレメントアーチャ―|Seeking the Master Element Archer 
 求道の師を訪ねて　ウォリアー|Seeking the Master Warrior
 求道の師を訪ねて　アルケミスト|Seeking the Master Alchemist
 更なる厄災の兆し|Further Signs of Misfortune
 竜力の渦|Whirls of Dragon Force 
 ハイデル平原　試練：霊廟に潜むもの|Hidell Plains Trial: What Lurks in the Catacombs 
 ハイデル平原　試練：災いの病巣|Hidell Plains Trial: The Cause of Calamity 
 ブリア海岸　依頼：浜を悩ます厄介者|Breya Coast Request: Troubled Shores
 ブリア海岸　試練：財宝を追いかけて|Breya Coast Trial: Seeking Treasure
 ブリア海岸　依頼：浜を悩ます厄介者２|Breya Coast Request Troubled Shores
 ミスリウ森林　試練：古よりの使者|Mysree Forest Trial: An Ancient Emissary 
 ミスリウ森林　試練：討伐！　魔獅子シンガ|Mysree Forest Trial: Elimination - Singa, the Ensorcelled One
 ボルド鉱山　試練：大坑道探検|Volden Mines Trial: The Large Tunnels Exploration
 ボルド鉱山　試練：山頂を覆う翼|Volden Mines Trial: Summit-Concealing Wings
 ダウ渓谷　試練：鳴り響きしは――？|Dowe Valley Trial: Echoes
 ダウ渓谷　試練：恐ろしの歌姫|Dowe Valley Trial: Fear's Songstress 
 ミスリウ森林深部　試練：困った居候|Mysree Grove Trial: The Unwanted Guest 
 ミスリウ森林深部　試練：貪る巨鬼|Mysree Grove Trial: The Hungry Giant 
 ディナン深層林　試練：遺跡に舞う石鶏|Deenan Woods Trial: The Stone Fowl in the Ruins
 ディナン深層林　試練：白い災厄|Deenan Woods Trial: The White Scourge
 バートランド平原　試練：ほの暗き調査任務|Betland Plains Trial: The Shadowy Survey Mission 
 バートランド平原　試練：オーク隊追撃任務|Betland Plains Trial: Pursuing the Orc Company 
 バートランド平原北部　試練：納骨堂の影|Northern Betland Plains Trial: The Crypt's Shadow
 バートランド平原北部　試練：暴走の軍竜|Northern Betland Plains Trial: The Rampaging War Dragon
 ザンドラ禁域　試練：目覚めし兵器|Zandora Wastelands Trial: To Arms
 ザンドラ禁域　試練：死を誘う歌|Zandora Wastelands Trial: The Song for Death 
 ザンドラ東部　試練：灼熱の脅威|Eastern Zandora Trial: The Scorching Menace
 ザンドラ東部　試練：亡霊騎士と呪いの秘宝|Eastern Zandora Trial: The Spectral Knight's Cursed Treasure 
 亡都メルゴダ　試練：秘術の代償|Mergoda Ruins Trial: The Price of the Secret Arts
 亡都メルゴダ　試練：秘術の落とし仔|Mergoda Ruins Trial: The Secret Arts' Lost Progeny 
 パートナーポーンとの暮らし|Living with the Partner Pawn 
 戦技の継承　新たなる白竜の導き|Skill Augmentation Guidance of a Renewed White Dragon 
 魔の足音|Dangerous Footsteps
 混沌の兆し|Signs of Chaos 
 至高の輝き|Supreme Radiance 
 クラン拠点の門を叩いて|Banging the Gates of the Clan Hall 
 辺境に眠りし宝１|The Treasure Lying in the Frontier
 辺境に眠りし宝２|The Treasure Lying in the Frontier
 辺境に眠りし宝３|The Treasure Lying in the Frontier
 辺境に眠りし宝４|The Treasure Lying in the Frontier
 ざわめきし大地|The Stirring Ground
 蠢きし影|The Squirming Shadow 
 アークに眠りし宝|The Treasure Sleeping in the Ark 
 歌い継がれし勇姿|Singing Praises of Success 
 道を極めんがため|Road to Mastery
 パンプキンランタンが照らすのは？|Light a Pumpkin Lantern? 
 パンプキンランタンが照らすのは？|Light a Pumpkin Lantern? 
 奇蹟者への道＜１＞|Path to Miracles () 
 奇蹟者への道＜２＞|Path to Miracles () 
 奇蹟者への道＜３＞|Path to Miracles () 
 贈り物に願いをこめて＜上＞|With Great Desire to Gift (Upper)
 贈り物に願いをこめて＜下＞|With Great Desire to Gift (Lower)
 クリスマスイベントNPCセット用|NPC sets for Christmas
 想い人への愛の形＜１＞|Shape of Love for Someone ()
 想い人への愛の形＜２＞|Shape of Love for Someone ()
 想い人への愛の形|Shape of Love for Someone
 心を込めたお返しを|Heartfelt Gift Return
 ホワイトデーのお返し・リズとメイリーフ|White Day Gift Return Lise and Mayleaf
 ホワイトデーのお返し・エリオットとガルドリン|White Day Gift Return Elliot and Gurdolin 
 ホワイトデーのお返し・クラウス|White Day Gift Return Klaus 
 ホワイトデーセット用|For White Day Set
 サマー！ビーチフェスティバル＜１＞|Summer! Beach Festival () 
 サマー！ビーチフェスティバル＜２＞|Summer! Beach Festival () 
 霊槍の証　スピリットランサー戦術試練|Spirit Lancer Tactics Trial: A Spirit Lance
 求道の師を訪ねて　スピリットランサー|Seeking the Master Spirit Lancer
 戦技の継承　ファイター求道試練１|Skill Augmentation Fighter Trial: I
 戦技の継承　ファイター求道試練|Skill Augmentation Fighter Trial: II 
 戦技の継承　ファイター求道試練３|Skill Augmentation Fighter Trial: III
 戦技の継承　ファイター求道試練４|Skill Augmentation Fighter Trial: IV 
 戦技の継承　プリースト求道試練１|Skill Augmentation Priest Trial: I 
 戦技の継承　プリースト求道試練|Skill Augmentation Priest Trial: II
 戦技の継承　プリースト求道試練３|Skill Augmentation Priest Trial: III 
 戦技の継承　プリースト求道試練４|Skill Augmentation Priest Trial: IV
 戦技の継承　ハンター求道試練１|Skill Augmentation Hunter Trial: I 
 戦技の継承　ハンター求道試練|Skill Augmentation Hunter Trial: II
 戦技の継承　ハンター求道試練３|Skill Augmentation Hunter Trial: III 
 戦技の継承　ハンター求道試練４|Skill Augmentation Hunter Trial: IV
 戦技の継承　シールドセージ求道試練１|Skill Augmentation Shield Sage Trial: I
 戦技の継承　シールドセージ求道試練|Skill Augmentation Shield Sage Trial: II 
 戦技の継承　シールドセージ求道試練３|Skill Augmentation Shield Sage Trial: III
 戦技の継承　シールドセージ求道試練４|Skill Augmentation Shield Sage Trial: IV 
 戦技の継承　シーカー求道試練１|Skill Augmentation Seeker Trial: I 
 戦技の継承　シーカー求道試練|Skill Augmentation Seeker Trial: II
 戦技の継承　シーカー求道試練３|Skill Augmentation Seeker Trial: III 
 戦技の継承　シーカー求道試練４|Skill Augmentation Seeker Trial: IV
 戦技の継承　ソーサラー求道試練１|Skill Augmentation Sorcerer Trial: I 
 戦技の継承　ソーサラー求道試練|Skill Augmentation Sorcerer Trial: II
 戦技の継承　ソーサラー求道試練３|Skill Augmentation Sorcerer Trial: III 
 戦技の継承　ソーサラー求道試練４|Skill Augmentation Sorcerer Trial: IV
 戦技の継承　エレメントアーチャ―求道試練１|Skill Augmentation Element Archer Trial: I 
 戦技の継承　エレメントアーチャ―求道試練|Skill Augmentation Element Archer Trial: II
 戦技の継承　エレメントアーチャ―求道試練３|Skill Augmentation Element Archer Trial: III 
 戦技の継承　エレメントアーチャ―求道試練４|Skill Augmentation Element Archer Trial: IV
 戦技の継承　ウォリアー求道試練１|Skill Augmentation Warrior Trial: I
 戦技の継承　ウォリアー求道試練|Skill Augmentation Warrior Trial: II 
 戦技の継承　ウォリアー求道試練３|Skill Augmentation Warrior Trial: III
 戦技の継承　ウォリアー求道試練４|Skill Augmentation Warrior Trial: IV 
 戦技の継承　アルケミスト求道試練１|Skill Augmentation Alchemist Trial: I
 戦技の継承　アルケミスト求道試練|Skill Augmentation Alchemist Trial: II 
 戦技の継承　アルケミスト求道試練３|Skill Augmentation Alchemist Trial: III
 戦技の継承　アルケミスト求道試練４|Skill Augmentation Alchemist Trial: IV 
 戦技の継承　スピリットランサー求道試練１|Skill Augmentation Spirit Lancer Trial: I
 戦技の継承　スピリットランサー求道試練|Skill Augmentation Spirit Lancer Trial: II 
 戦技の継承　スピリットランサー求道試練３|Skill Augmentation Spirit Lancer Trial: III
 戦技の継承　スピリットランサー求道試練４|Skill Augmentation Spirit Lancer Trial: IV 
 誰が一番？|Who Is the Best? 
 メイリーフと小鳥の報せ|Story of Mayleaf and the Songbird
 クラウスとジョゼフ|Klaus and Joseph 
 レオの遺せし物|Leo's Legacy 
 ハイデル平原　試練：湧き出ずる災い|Hidell Plains Trial: A Gush of Misfortune
 ハイデル平原　試練：アークの守護者|Hidell Plains Trial: The Ark's Guardian
 ブリア海岸　試練：蒼き燐光|Breya Coast Trial: A Bright Blue Glow
 ブリア海岸　試練：轟く白き雷鳴|Breya Coast Trial: A Great White Thunder 
 ミスリウ森林　試練：悪夢の巨影|Mysree Forest Trial: A Nightmare's Great Shadow
 ミスリウ森林　試練：黒き呪縛の殺意|Mysree Forest Trial: The Malice of the Accursed
 ボルド鉱山　試練：漆黒に浮かぶ怨|Volden Mines Trial: A Forlorn Complaint
 ボルド鉱山　試練：炎の蒸留源|Volden Mines Trial: Spirits Aflame 
 ダウ渓谷　試練：石呪の木立|Dowe Valley Trial: The Cursed Grove
 ダウ渓谷　試練：井戸底からの呼び声|Dowe Valley Trial: The Cries from the Bottom of the Well 
 ミスリウ森林深部　試練：忘れられた想い|Mysree Grove Trial: The Long-Forgotten Memory
 ミスリウ森林深部　試練：忘我の果てに|Mysree Grove Trial: The End of Oblivion
 ディナン深層林　試練：ヘレティックグリーン|Deenan Woods Trial: Heretic Green
 ディナン深層林　試練：絶対零度の咆哮|Deenan Woods Trial: A Roar of Absolute Zero
 バートランド平原　試練：狡猾な石刃|Betland Plains Trial: The Crafty Stone Ones
 バートランド平原　試練：亡き貴婦人へのレクイエム|Betland Plains Trial: Requiem for the Fallen Lady
 バートランド平原北部　試練：砦の騒動|Northern Betland Plains Trial: The Turmoil in the Fort 
 バートランド平原北部　試練：廃水廊に潜むもの|Northern Betland Plains Trial: What Lurks in Wastewater
 ザンドラ禁域　試練：漆黒のつむじ風|Zandora Wastelands Trial: A Jet-Black Whirlwind
 ザンドラ禁域　試練：赤き十字架の礎|Zandora Wastelands Trial: Cornerstone of the Crimson Cross 
 ザンドラ東部　試練：虚ろの客人|Eastern Zandora Trial: The Hollow Visitors 
 ザンドラ東部　試練：眠らずの始祖たち|Eastern Zandora Trial: The Restless Ancestors
 亡都メルゴダ　試練：破滅のサロン|Mergoda Ruins Trial: The Fall of Salon 
 亡都メルゴダ　試練：凍てつく魂の標榜|Mergoda Ruins Trial: The Frost Spirit Champion 
 魔赤島　試練：異郷の聖堂|Bloodbane Isle Trial: A Strange Land's Temple
 魔赤島　試練：狂乱の異形|Bloodbane Isle Trial: A Frenzied Abomination 
 魔赤島　試練：蝕まれゆく双牙|Bloodbane Isle Trial: The Worn Twin Tusks
 エラン水林　試練：闇より響く遠吠え|Elan Water Grove Trial: The Howling from the Dark
 エラン水林　試練：友の足取り|Elan Water Grove Trial: A Friend's Trail 
 エラン水林　試練：舞い降りし銀影|Elan Water Grove Trial: A Silvery Shadow Swoops
 エラン水林　試練：緑の妄執|Elan Water Grove Trial: Green Delusions
 エラン水林　試練：荒れ狂う青樹|Elan Water Grove Trial: Rampaging Green Tree 
 エラン水林　試練：無秩序なる訪れ|Elan Water Grove Trial: Tidings of Turmoil 
 ファーラナ平原　試練：過ぎし日の教えを|Farana Plains Trial: The Old Ways
 ファーラナ平原　試練：栄誉の守り番|Farana Plains Trial: The Honor Guards
 ファーラナ平原　試練：響き来る滅亡|Farana Plains Trial: Approaching Echoes of Doom
 ファーラナ平原　試練：もう一つの枝|Farana Plains Trial: Another Branch
 ファーラナ平原　試練：轟鳴せし滅亡|Farana Plains Trial: Thundering Downfall 
 ファーラナ平原　試練：対岸に揺らぐ影|Farana Plains Trial: The Shadow on the opposite Shore
 ファーラナ平原　試練：赤き妖光の謎|Farana Plains Trial: The Mystery of the Red Light
 モロー樹林　試練：群れ、蔓延する不安|Morrow Forest Trial: Flocking Apprehension 
 モロー樹林　試練：変わり果てた同胞に宛てて|Morrow Forest Trial: For Our Altered Kin 
 モロー樹林　試練：明日を屠る暴虐|Morrow Forest Trial: An Impending Massacre 
 モロー樹林　試練：苦難のきざし|Morrow Forest Trial: Traces of Tribulation 
 モロー樹林　試練：悲哀の羽ばたき|Morrow Forest Trial: Flight of Sorrow
 キンガル峡谷　試練：水面を舞う影|Kingal Canyon Trial: Dancing Shadows on the Water
 キンガル峡谷　試練：悪逆の証明|Kingal Canyon Trial: Proof of Atrocities 
 キンガル峡谷　試練：閉ざされし扉の向こう|Kingal Canyon Trial: Behind the Closed Doors 
 キンガル峡谷　試練：置き去りの記憶|Kingal Canyon Trial: Memories of Desertion 
 キンガル峡谷　試練：望まれし変革|Kingal Canyon Trial: A Desired Transformation
 ガーデン・エクステンド|Extend Garden
 奇妙な魔物探索|Strange Creature Investigation 
 カスタムメイド工房１　探求者の帰還|Custom-Made WorkshopSearcher's Return
 カスタムメイド工房２　リミット解除|Custom-Made WorkshopLimit Break
 カスタムメイド工房３　武具極限合成|Custom-Made WorkshopUltimate Arms Synthesis
 不思議な呼び鈴|Mysterious Summoning Bell
 忠心の内に輝くもの|Shining Within a Loyal Heart 
 英霊眠りし道へ　ラスニテ地方|To the Heroic Spirit Sleeping Path Rathnite District
 英霊眠りし道へ　フェルヤナ地方|To the Heroic Spirit Sleeping Path Feryana District 
 英霊眠りし道へ　メガドシス地方|To the Heroic Spirit Sleeping Path Megadosys District 
 英霊眠りし道へ　ウルテカ地方|To the Heroic Spirit Sleeping Path Urteca District
 王家を救いし料理番|Save the Royal Family Cook 
 奪還を指揮せし異才者|Rescue the Genius Commander
 暗部を暴きし暗躍者|Expose the Dark Side to the One Operating behind the Scenes
 王家再興の褒章１|Restored Medal of the Royal Family I 
 王家再興の褒章２|Restored Medal of the Royal Family II
 王家再興の褒章３|Restored Medal of the Royal Family III 
 王家再興の褒章４|Restored Medal of the Royal Family IV
 ハイセプターを継ぎし者|The High Scepter's Heir
 黒呪の迷宮へ|To the Bitterblack Maze
 【調理日課】ティネス　調理支給|Daily Cooking: Thines - Cooking Supply 
 【調理日課】ロスギル　出張調理|Daily Cooking: Rosguill - Cooking Trip 
 【調理日課】ピレモス　悪童保護|Daily Cooking: Piremoth - Babysitting Brats
 【参謀日課】展望城　任務指示|Daily Council: Lookout Castle - Instructions for Duty
 【参謀日課】メフィテ　弱点研究|Daily Council: Mefite - Research Materials 
 【参謀日課】盗賊アジト　情報収集|Daily Council: Bandit Hideout - Collect Information
 冒険スポットの手引き：ラスニテ山麓１|Adventure Spot Guide: Rathnite Foothills I 
 冒険スポットの手引き：ラスニテ山麓２|Adventure Spot Guide: Rathnite Foothills II
 冒険スポットの手引き：ラスニテ山麓３|Adventure Spot Guide: Rathnite Foothills III 
 冒険スポットの手引き：ラスニテ山麓４|Adventure Spot Guide: Rathnite Foothills IV
 冒険スポットの手引き：フェルヤナ荒原１|Adventure Spot Guide: Feryana Wilderness I 
 冒険スポットの手引き：フェルヤナ荒原２|Adventure Spot Guide: Feryana Wilderness II
 冒険スポットの手引き：フェルヤナ荒原３|Adventure Spot Guide: Feryana Wilderness III 
 冒険スポットの手引き：メガドシス高地|Adventure Spot Guide: Megadosys Plateau I
 冒険スポットの手引き：メガドシス高地|Adventure Spot Guide: Megadosys Plateau II 
 冒険スポットの手引き：メガドシス高地|Adventure Spot Guide: Megadosys Plateau III
 冒険スポットの手引き：ウルテカ山岳|Adventure Spot Guide: Urteca Mountains I 
 冒険スポットの手引き：ウルテカ山岳|Adventure Spot Guide: Urteca Mountains II
 冒険スポットの手引き：ウルテカ山岳|Adventure Spot Guide: Urteca Mountains III 
 王冠と王笏＜１＞|Crown and Scepter I
 王冠と王笏＜２＞|Crown and Scepter II 
 王冠と王笏＜３＞|Crown and Scepter III
 王冠と王笏＜４＞|Crown and Scepter IV 
 ガルドリンはどこだ！？|Where Is Gurdolin!?
 ガルドリンはどこだ！？|Where Is Gurdolin!?
 ガルドリンはどこだ！？|Where Is Gurdolin!?
 ガルドリンはどこだ！？|Where Is Gurdolin!?
 魔剣の証　ハイセプター戦術試練|High Scepter Tactics Trial: A Magick Sword 
 求道の師を訪ねて　ハイセプター|Seeking the Master High Scepter 
 ジョブエンブレム試練　ファイター|Vocation Emblem Trial: Fighter 
 ジョブエンブレム試練　プリースト|Vocation Emblem Trial: Priest
 ジョブエンブレム試練　ハンター|Vocation Emblem Trial: Hunter
 ジョブエンブレム試練　シールドセージ|Vocation Emblem Trial: Shield Sage 
 ジョブエンブレム試練　シーカー|Vocation Emblem Trial: Seeker
 ジョブエンブレム試練　ソーサラー|Vocation Emblem Trial: Sorcerer
 ジョブエンブレム試練　エレメントアーチャー|Vocation Emblem Trial: Element Archer
 ジョブエンブレム試練　ウォリアー|Vocation Emblem Trial: Warrior 
 ジョブエンブレム試練　アルケミスト|Vocation Emblem Trial: Alchemist 
 ジョブエンブレム試練　スピリットランサー|Vocation Emblem Trial: Spirit Lancer 
 ジョブエンブレム試練　ハイセプター|Vocation Emblem Trial: High Scepter
 エンブレムストーンの行方|The Emblem Stone's Whereabouts 
 戦技の継承　火竜求道試練１|Skill Augmentation Fire Dragon Trial: I
 戦技の継承　火竜求道試練２|Skill Augmentation Fire Dragon Trial: II 
 ハロウィンの闇|The Darkness of Halloween
 不思議な流れ星とみんなの願い＜１＞|Wish on a Shooting Star I
 不思議な流れ星とみんなの願い＜２＞|Wish on a Shooting Star II 
 不思議な流れ星とみんなの願い＜３＞|Wish on a Shooting Star III
 不思議な流れ星とみんなの願い＜４＞|Wish on a Shooting Star IV 
 クリスマス　（準備用）| 
 艶やか、かつ華やか|How Glamorous, How Gorgeous
 ただ一つの想い＜For Men＞|The Only One in My Thoughts (For Men)
 ただ一つの想い＜For Women＞|The Only One in My Thoughts (For Women)
 愛し君のための贈り物＜１＞|A Gift for You, My Love ()
 愛し君のための贈り物＜２＞|A Gift for You, My Love ()
 緊急！　お菓子が足りない！＜１＞|Emergency! Not Enough Candy! () 
 事件？　お菓子が足りない！＜２＞|Emergency! Not Enough Candy! () 
 笑顔振りまくメリークリスマス＜１＞|A Merry Christmas Spreading Cheer ()
 笑顔振りまくメリークリスマス＜２＞|A Merry Christmas Spreading Cheer ()
 【鬼哭蒐集】異世界は突然に|Ghost Wail Collection: Suddenly a Different World
 【鬼哭蒐集】クエストオブオーバーロード|Ghost Wail Collection: Quest of Overlord 
 【鬼哭蒐集】オバロコラボセット用|Ghost Wail Collection: For Overlord Collaboration Set
 ラスニテ山麓　試練：捕虜奪還|Rathnite Foothills Trial: Recover Prisoners of War 
 ラスニテ山麓　救援要請|Rathnite Foothills Rescue Request 
 ラスニテ山麓　解放軍支援|Rathnite Foothills Liberation Army Support
 ラスニテ山麓　敵追跡討伐|Rathnite Foothills Defeat Enemy Pursuit 
 ラスニテ山麓　敵襲撃阻止|Rathnite Foothills Prevent Enemy Attack 
 ラスニテ山麓　試練：魔軍襲撃探知|Rathnite Foothills Trial: Detect the Demon Army's Attack 
 魔軍戦車カトブレパス|Demon Army Tank Catoblepas 
 フェルヤナ荒原　試練：調達部隊支援|Feryana Wilderness Trial: Support the Provision Forces 
 フェルヤナ荒原　敵追跡討伐|Feryana Wilderness Defeat Enemy Pursuit 
 フェルヤナ荒原　解放軍支援|Feryana Wilderness Liberation Army Support
 フェルヤナ荒原　救援要請|Feryana Wilderness Rescue Request 
 フェルヤナ荒原　敵襲撃阻止|Feryana Wilderness Prevent Enemy Attack 
 フェルヤナ荒原　試練：魔の封印捜査|Feryana Wilderness Trial: Investigate Sealed Evil
 古代の闇の中へ|Into the Ancient Darkness
 メガドシス高地　試練：資材調達|Megadosys Plateau Trial: Material Procurement
 メガドシス高地　救援要請|Megadosys Plateau Rescue Request
 メガドシス高地　解放軍支援|Megadosys Plateau Liberation Army Support 
 メガドシス高地　敵追跡討伐|Megadosys Plateau Defeat Enemy Pursuit
 メガドシス高地　敵襲撃阻止|Megadosys Plateau Prevent Enemy Attack
 メガドシス高地　試練：異端の影|Megadosys Plateau Trial: Shadow of Heresy
 力に呑まれし王者|The Ruler Overwhelmed by Power 
 【ベルセルク】因果の流れの中に――|Berserk In the Flow of Causality... 
 ウルテカ山岳　試練：原種の縄張り|Urteca Mountains Trial: Territory of the Ancestors 
 ウルテカ山岳　試練：痛刻の洞|Urteca Mountains Trial: The Scarred Cavern 
 ウルテカ山岳　試練：静かな抗戦跡|Urteca Mountains Trial: Quiet Battlefield of the Resistance
 ウルテカ山岳　試練：原初の集落|Urteca Mountains Trial: Primitive Settlement 
 ウルテカ山岳　試練：建設資材集積場|Urteca Mountains Trial: Construction Materials Collection Spot 
 ウルテカ山岳　試練：闇の滴り|Urteca Mountains Trial: A Trickle in the Darkness
 彼方より堕ち呼ばれし魔道|Magick Called to the Deepest Depths
 一目ごとに想いを込めて＜１＞|All Your Feelings in One Glance I
 一目ごとに想いを込めて＜２＞|All Your Feelings in One Glance II 
 麗しの君へ綴る文＜１＞|A Letter to You, My Beloved I
 麗しの君へ綴る文＜２＞|A Letter to You, My Beloved II 
 ガルドノック砦の異変|Strange Happening at Guardknock Fortress 
 神殿を狙うは――|Aiming for the Temple
 次代の竜となる者へ|To The One Who Will Become the Next Dragon 
 ワイルドハントのご案内|Information on Wild Hunt 
 竜の力を帯びた武具＜１＞|Arms With the Power of the Dragon I
 竜の力を帯びた武具＜２＞|Arms With the Power of the Dragon II 
 竜スキル解放PQ③|Unlocking Dragon Skills
 黒呪の迷宮　深淵への案内|Information on Bitterblack Maze Abyss
 途絶えぬ闇|Unending Darkness
 野菜料理初級編|Elementary Vegetable Dish
 キノコ料理初級編|Elementary Mushroom Dish 
 肉料理初級編|Elementary Meat Dish 
 野菜料理中級編|Intermediate Vegetable Dish
 キノコ料理中級編|Intermediate Mushroom Dish 
 肉料理中級編|Intermediate Meat Dish 
 駐労感謝の日|Labor Appreciation Day 
 始まりの扉|Gate of Origin 
 禁断のスプラッシュ！|Forbidden Splash!
 名も無き墓標|Nameless Gravestone
 青空キャンプ|Blue Sky Camp
 不思議なかたち|Mysterious Shape 
 蒼き神樹|Blue Heavenly Tree 
 楽園の扉|Gate of Paradise 
 端正なる鋭槍|A Straight Sharp Spear 
 湖畔の涼地|Lush Lake Shore
 賢者の墓参り|A Visit to the Sage's Grave
 本の虫？|A Bookworm?
 動かぬ番人|Unyielding Watchman
 厳かなる泉|The Solemn Spring
 君を想う|Thinking of You
 写っているのは――？|What Is Being Photographed?
 改めて敬意を|Paying Respects Again
 悩める右腕|A Troublesome Right Arm
 青田買い？|Recruiting Already?
 秘密の部屋|The Hidden Chamber 
 堅守の灯火|The Light of Defense 
 燐光に包まれて|Engulfed in Phosphorescence
 遺風残香|Traces of Old Customs
 ご機嫌を伺いに|Courtesy Visit 
 和みの湯|A Soothing Hot Bath
 光るガラクタ|Shining Junk 
 豪奢な隠れ家|A Luxurious Hideout
 古城の眺望|View from the Old Castle 
 お邪魔はしません|Won't Intrude
 イニアスの猟奇|Seeking the Strange Inias
 密猟駆逐作戦|Poaching Elimination Strategy
 可憐なる射手|The Lovely Archer
 秘境の温泉|A Secluded Hot Spring
 華麗な遺風|Magnificent Traditions 
 湖畔の神殿|The Temple on the Lake 
 華麗なる戦士|The Splendid Soldier 
 砦の威光|The Fort's Authority 
 堅牢の砦|The Solid Fortress 
 立ち塞がるは仁王|Gods Stand in One's Path 
 万年床|Unmade Bedding 
 赤々しき球|Bright Red Orb 
 灯台鎮魂歌|Lighthouse Requiem 
 奇妙な屍竜|Strange Undead Dragon
 秘めし豪運|Secret Great Luck
 とある錬金実験室|A Certain Alchemy Laboratory 
 ドラゴンフォール|Dragon Falls 
 遺りし噴水|The Remaining Fountain 
 巨大機兵と共に|With the Goliath 
 王宮の面影|Image of the Palace
 安眠の虜|The Peacefully Sleeping Captive
 知略集う場所|Where the Resourceful Gather 
 いにしえの女帝像|The Ancient Empress Statue 
 華麗なる舞姫|The Grand Dancing Girl 
 堂々たる名華|The Magnificent Flower 
 遠望の灼溶山|View of the Melting Mountain 
 隠れ村の麗滝|Lovely Waterfall of the Hidden Village 
 フォトモードを使い、指定の場所でポーンと写真を撮る|Take a picture with your pawn at the specified location using Photo Mode 
 【調理日課】ティネス　調理支給|Daily Cooking: Thines - Cooking Supply 
 【調理日課】ロスギル　出張調理|Daily Cooking: Rosguill - Cooking Trip 
 【調理日課】ピレモス　悪童保護|Daily Cooking: Piremoth - Babysitting Brats
 【参謀日課】展望城　任務指示|Daily Council: Lookout Castle - Instructions for Duty
 【参謀日課】メフィテ　素材研究|Daily Council: Mefite - Research Materials 
 【参謀日課】盗賊アジト　情報収集|Daily Council: Bandit Hideout - Collect Information
 【諜報日課】王都メガド　追跡捜査|Daily Espionage: Royal Capital Megado - Follow Clues 
 【諜報日課】エリ警備塔　資材回収|Daily Espionage: Eli Guard Tower - Recover Materials 
 【諜報日課】メガドシス高地　仲間救出|Daily Espionage Megadosys Plateau - Rescue Friends
 グリッテン砦攻防戦|Battle for Gritten Fort
 グリッテン砦攻防戦|Battle for Gritten Fort
 グリッテン砦攻防戦|Battle for Gritten Fort
 グリッテン砦攻防戦|Battle for Gritten Fort
 グリッテン砦攻防戦|Battle for Gritten Fort
 グリッテン砦攻防戦　戦況：接戦|Battle for Gritten Fort: Close Battle
 グリッテン砦攻防戦　戦況：接戦|Battle for Gritten Fort: Close Battle
 グリッテン砦攻防戦　戦況：苦戦|Battle for Gritten Fort: Uphill Battle 
 グリッテン砦攻防戦　戦況：苦戦|Battle for Gritten Fort: Uphill Battle 
 グリッテン砦攻防戦　戦況：激戦|Battle for Gritten Fort: Fierce Battle 
 グリッテン砦攻防戦　戦況：激戦|Battle for Gritten Fort: Fierce Battle 
 グリッテン砦攻防戦　戦況：決死戦|Battle for Gritten Fort: Desperate Battle
 グリッテン砦攻防戦　戦況：怪戦|Battle for Gritten Fort: Mystery Battle
 グリッテン砦攻防戦　戦況：決死戦|Battle for Gritten Fort: Desperate Battle
 グリッテン砦攻防戦　戦況：奪回戦|Battle for Gritten Fort: Recapture Battle
 グリッテン砦攻防戦　戦況：ラストバトル|Battle for Gritten Fort Last Battle 
 魔物のるつぼ|The Crucible of Demons 
 魔物のるつぼ|The Crucible of Demons 
 魔物のるつぼ|The Crucible of Demons 
 魔物のるつぼ|The Crucible of Demons 
 魔物のるつぼ|The Crucible of Demons 
 魔物のるつぼ　：熱波|The Crucible of Demons: Heat Wave
 魔物のるつぼ　：火炎|The Crucible of Demons: Blaze
 魔物のるつぼ　：業火|The Crucible of Demons Inferno
 太古の強者|Ancient Warrior
 太古の強者|Ancient Warrior
 太古の強者|Ancient Warrior
 太古の強者|Ancient Warrior
 太古の強者|Ancient Warrior
 太古の強者|Ancient Warrior
 太古の強者|Ancient Warrior
 眩き黄金|The Dazzling Gold
 眩き黄金|The Dazzling Gold
 眩き黄金|The Dazzling Gold
 眩き黄金|The Dazzling Gold
 眩き黄金|The Dazzling Gold
 眩き黄金|The Dazzling Gold
 失われた秩序|The Lost Order 
 失われた秩序|The Lost Order 
 失われた秩序|The Lost Order 
 失われた秩序|The Lost Order 
 失われた秩序|The Lost Order 
 失われた秩序|The Lost Order 
 目覚めし闇の魔物|The Demon of Darkness Awakens
 目覚めし闇の魔物|The Demon of Darkness Awakens
 目覚めし闇の魔物|The Demon of Darkness Awakens
 目覚めし闇の魔物|The Demon of Darkness Awakens
 魔赤島の狂宴|Bloodbane Isle's Feast of Madness
 魔赤島の狂宴|Bloodbane Isle's Feast of Madness
 魔赤島の狂宴|Bloodbane Isle's Feast of Madness
 魔赤島の狂宴|Bloodbane Isle's Feast of Madness
 古代神殿の死闘|The Deathly Battle of the Ancient Temple 
 古代神殿の死闘|The Deathly Battle of the Ancient Temple 
 古代神殿の死闘|The Deathly Battle of the Ancient Temple 
 古代神殿の死闘　戦況：軽度|The Deathly Battle of the Ancient Temple: Minor
 古代神殿の死闘　戦況：重度|The Deathly Battle of the Ancient Temple: Severe 
 古代神殿の死闘　戦況：危険|The Deathly Battle of the Ancient Temple Peril
 呼び覚まされし竜|The Dragon Awakened
 呼び覚まされし竜|The Dragon Awakened
 呼び覚まされし竜|The Dragon Awakened
 呼び覚まされし竜|The Dragon Awakened
 ダクレイム砦奪還戦|Dacreim Fortress Recapture Battle
 ダクレイム砦奪還戦|Dacreim Fortress Recapture Battle
 ダクレイム砦奪還戦|Dacreim Fortress Recapture Battle
 ダクレイム砦奪還戦|Dacreim Fortress Recapture Battle
 ダクレイム砦奪還戦　戦況：敵軍殲滅|Dacreim Fortress Recapture Battle: Enemy Annihilation
 ダクレイム砦奪還戦　戦況：大将討滅|Dacreim Fortress Recapture Battle: Boss Annihilation 
 ダクレイム砦奪還戦　戦況：大将奮起|Dacreim Fortress Recapture Battle Stirring General
 ジフール砦攻略戦|Jifule Fortress Capture Battle 
 ジフール砦攻略戦|Jifule Fortress Capture Battle 
 ジフール砦攻略戦|Jifule Fortress Capture Battle 
 ジフール砦攻略戦|Jifule Fortress Capture Battle 
 ジフール砦攻略戦　戦況：敵軍殲滅|Jifule Fortress Capture Battle: Enemy Annihilation 
 ジフール砦攻略戦　戦況：大将討滅|Jifule Fortress Capture Battle: Boss Annihilation
 ジフール砦攻略戦　戦況：大将奮起|Jifule Fortress Capture Battle: Stirring General 
 霧の森の死闘|The Deathly Battle of the Forest of Mist 
 霧の森の死闘|The Deathly Battle of the Forest of Mist 
 霧の森の死闘|The Deathly Battle of the Forest of Mist 
 霧の森の死闘|The Deathly Battle of the Forest of Mist 
 霧の森の死闘　戦況：敵軍殲滅|The Deathly Battle of the Forest of Mist Enemy Annihilation 
 霧の森の死闘　戦況：大将討滅|The Deathly Battle of the Forest of Mist: Boss Annihilation
 霧の森の死闘　戦況：大将奮起|The Deathly Battle of the Forest of Mist: Stirring General 
 蘇りし絶望の炎|Resurrection of the Flame of Despair 
 蘇りし絶望の炎|Resurrection of the Flame of Despair 
 蘇りし絶望の炎|Resurrection of the Flame of Despair 
 蘇りし絶望の炎|Resurrection of the Flame of Despair 
 蘇りし絶望の炎　戦況：悪しき竜再誕|Resurrection of the Flame of Despair: Evil Dragon Reborn 
 蘇りし絶望の炎　戦況：火垂れ山頂上|Resurrection of the Flame of Despair: Firefall Peak
 蘇りし絶望の炎　戦況：限界域|Resurrection of the Flame of Despair: Restricted Stage
 アッカーシェラン追懐戦記|Acre Selund War Chronicles 
 アッカーシェラン追懐戦記|Acre Selund War Chronicles 
 アッカーシェラン追懐戦記|Acre Selund War Chronicles 
 アッカーシェラン追懐戦記|Acre Selund War Chronicles 
 アッカーシェラン追懐戦記|Acre Selund War Chronicles 
 獣の将との戦い：ダクレイム砦|Battle with the Beast Commander: Dacreim Fortress
 骸の将との戦い：ジフール砦|Battle with the Undead Commander: Jifule Fortress
 戦の将との戦い：展望城|Battle with the War Commander: Lookout Castle
 闇の将との戦い：霧の森|Battle with the Dark Commander: The Forest of Mist 
