Japanese,English
廃骨場,Abandoned Boneyard
廃屋の地下室,Abandoned House Cellar
棄てられた地下道,Abandoned Underground Passage
ハイデル街道の枯れ井戸,Abandoned Well on Hidell Road
肉裂き館,Abattoir
アッバス,Abbas
忌み標の領域,Abhorrent territory
エイブラム,Abram
アシル,Achille​
アッカーシェラン,Acre Selund
アッカーシェラン[過去],Acre Selund (Past)
アクタイオン,Actaeon
ポーン会話用アクティブ,Active Pawn
アデルドナハ,Adair Donnchadh
アデリン,Adelin
アデム,Adem
冒険者,Adventurer
アイダン,Aidan
エイダス,Aidas
アクギス,Akgis
アキム,Akim
アラン,Alan
アルベ,Albe
アルケミスト,Alchemist
亡都の錬金術師,Alchemist of the Dead City
錬金研究室,Alchemy Laboratory
錬金研究棟,Alchemy Research Building
アルフレド,Alfred
アルカン,Alkane
アレン,Allen
アルマ,Alma
アルタード・ズール,Altered Zuhl
選択の道,Alternative Path
アルヴァー,Alvar
アルビン,Alvin
アンビュロス大遺跡,Amburos Great Ruins
アンビュロス大遺跡 ,Amburos Great Ruins
アンビュロス大遺跡　深部,Amburos Great Ruins Depths
アンビュロス大遺跡　中央部,Amburos Great Ruins: Center
さる錬金術師の家,An Alchemist's Home
原種の縄張り,Ancestral Territory
ミスリウ古墳墓,Ancient Burial Mound
ミスリウ古墳墓　狩猟の間,Ancient Burial Mound: Chamber of Hunting
ミスリウ古墳墓　不死の間,Ancient Burial Mound: Chamber of Immortality
ミスリウ古墳墓　危険区域,Ancient Burial Mound: Dangerous Area
古の祭祀場,Ancient Place of Rituals
古き地下水網,Ancient Underground Channels
古代地下宮,Ancient Underground Shrine
古代地下宮　2階,Ancient Underground Shrine 2nd Floor
古代地下宮　最深部,Ancient Underground Shrine Innermost Depths
古代地下宮　隠し部屋,Ancient Underground Shrine Secret Chamber
アンドレア,Andrea
アネリアン,Anelian
アンジェロ,Angelo
アニス,Anise
アニタ,Anita
アンナ,Anna
見習い覚者,Apprentice Arisen
見習い騎士,Apprentice Knight
アーチボルト,Archibald
アリアドネ,Ariadne
覚者,Arisen
覚者隊の隊士,Arisen Corps Regimental Soldier
覚者の自室,Arisen's Room
軍妖鳥の関所,Army Demon Bird's Checkpoint
軍鬼の哨戒地,Army Demon's Patrol Ground
アルトフェイル,Arthfael
アルティン,Artin
アセナ,Asena
アーシェ,Ashe
アシュトン,Ashton
アスラン,Aslan
謁見の間,Audience Chamber
オドラン,Audran
オーギュスト,August
アウグスト,Augusto
アクセル,Axel
アイセル,Aysel
バボ,Babo
バシアス,Bacias
中二階,Balcony
バルシ,Balsh
バンデッドホーント,Banded Haunt
盗賊,Bandit
盗賊の隠れ家,Bandit Hideaway
バランジャ,Baranja
バーバラ,Barbara
バークレイ,Barclay
軍事演習棟,Barracks
兵舎,Barracks
バリス,Barris
バリー,Barry
バート,Bart
バートン,Barton
ベイジル,Basil
バジット,Basit
グリッテン砦前　戦野,Battlefield outside Gritten Fort
バイヤール,Bayard
浜辺の地下保管庫,Beach Underground Stores
獣の将,Beast Master
軍獣強化場,Beast Training Ground
獣将の園生,Beastmaster's Garden
ベアトリクス,Beatrix
美容院前,Beauty Salon
エラン大門前,Before Elan Front Gate
グリッテン砦 正門前,Before Gritten Fort Main Gate
アーク前,Before the Ark
謁見の間 手前,Before the Audience Chamber
秘泉の間,Before the Secret Spring
王家の墓前,Before the Tomb of the Royal Family
ベルス,Berce
ベレナス,Berenas
ベルク,Berg
ベルタ,Bertha
ベルタ盗賊団,Bertha's Bandit Group
ベルタ盗賊団のアジト,Bertha's Bandit Group Hideout
ベルトラン,Bertrand
ベステ,Beste
バートランド大橋,Betland Bridge
バートランド墓地,Betland Cemetery
バートランド東関所,Betland East Side
バートランド山道,Betland Mountain Road
バートランド平原,Betland Plains
バートランド地下道,Betland Underground Passage
聖雫の間,Between Sacred Drops
妖艶な錬金術師,Bewitching Alchemist
ベイザ,Beza
大樹の広場,Big Tree Dell
ビルジ,Bilge
鳥寄せ岩,Birdcall Rock
黒呪の迷宮,Bitterblack Maze
黒呪の迷宮：入り江,Bitterblack Maze Cove
黒呪の迷宮：黒呪の祭壇,Bitterblack Maze: Altar of the Black Curse
黒呪の迷宮：羨月楼,Bitterblack Maze: Duskmoon Tower
黒呪の迷宮：異邦の落都,Bitterblack Maze: Fallen City
黒呪の迷宮：凱旋者なき庭園,Bitterblack Maze: Garden of Ignominy
黒呪の迷宮：冥府１,Bitterblack Maze: Netherworld 1
黒呪の迷宮：冥府２,Bitterblack Maze: Netherworld 2
黒呪の迷宮：冥府３,Bitterblack Maze: Netherworld 3
黒呪の迷宮：冥府４,Bitterblack Maze: Netherworld 4
黒呪の迷宮：瘴気の満ちる聖堂,Bitterblack Maze: Noxious Cathedral
黒呪の迷宮：異界,Bitterblack Maze: Rift
黒呪の迷宮：畏れの天蓋,Bitterblack Maze: Rotunda of Dread
黒呪の迷宮 深淵,Bitterblack Maze: The Abyss
黒呪の迷宮：裏切り者の処刑塔,Bitterblack Maze: Traitors' Tower
黒淵谷,Black Abyss Valley
黒竜,Black Dragon
テル組合宿　黒ブドウ亭,Black Grape Inn
黒示す王の間,Black King's Room
黒騎士,Black Knight
刃擦れの細道,Blade Scarred Path
ブレア,Blair
開かずの路,Blocked Passage
魔赤島,Bloodbane Isle
魔赤島・絶崖,Bloodbane Isle Precipice
魔赤島・山頂,Bloodbane Isle Summit
血すすぎ河原,Bloodwater Bank
滝裏の青洞,Blue Cave in the Waterfall
青爪浜,Blue Claw Beach
青静の遺跡,Blue Stillness Ruins
蒼水路,Blue Waterway
ボーデシア,Boadicea
ボブ,Bob
ボーナスダンジョン【BO】,Bonus Dungeon (BO)
ボーナスダンジョン【ゴールド】,Bonus Dungeon (G)
ボーナスダンジョン【HO】,Bonus Dungeon (HO)
ボーナスダンジョン【JP】,Bonus Dungeon (JP)
ボーナスダンジョン【リム】,Bonus Dungeon (R)
ボーナスダンジョン【SP】,Bonus Dungeon (SP)
ボーナスダンジョン【XP】,Bonus Dungeon (XP)
ボーナスダンジョンロビー,Bonus Dungeon Lobby
ボリス,Boris
大石塊(アーク),Boulder (The Ark)
賞金稼ぎ,Bounty Hunter
木陰の古井戸,Bower Old Well
石像立つ木陰,Bowered Stone Statues
少年,Boy
ブラッド,Brad
ブレーデン,Braden
静慮の枝,Branch of Contemplation
懐旧の枝,Branch of Nostalgia
追憶の枝,Branch of Remembrance
悔恨の枝,Branch of Remorse
ブランドン,Brandon
ブランドン武具店,Brandon's Armor Shop
ブレット,Brett
ブリア海岸,Breya Coast
ブリジット,Bridgette
ブルース,Bruce
ブルーノ,Bruno
ブッグ,Buggu
ブルジュ,Burj
羽音の高台,Buzzing Plateau
バイラム,Byram
目撃者予備枠30,Bystander
カデル,Cadell
カイン,Cain
キャメロン,Cameron
カミュ,Camus
キャナ,Cana
キャプテンオーク,Captain Orc
虜囚尋問牢,Captive Interrogation Prison
カラドック,Caradoc
カール,Carl
カルロッタ,Carlotta
キャリー,Carrie
腐肉のほとり,Carrion Bank
ケイシー,Casey
ケイシーの雑貨店,Casey's General Store
カタコンベ,Catacombs
冥府下りの洞穴,Cave of Hell's Descent
冥府下りの洞穴 奥底,Cave of Hell's Descent Depths
冥府下りの洞穴 深層部,Cave of Hell's Descent Inner Depths
憩いの坑洞,Cave of Rest
憩いの坑洞 最深部,Cave of Rest Innermost Depths
憩いの坑洞 中層,Cave of Rest: Middle Level
痛刻の洞,Cave of Suffering
セシリー,Cecily
セドリック,Cedric
根の独房,Cell
ファーラナ中央洲,Central Farana Sandbank
中央大水廊,Central Flood Corridor
中央広場,Central Square
汚水溜め,Cesspool
不浄の掃き溜め,Cesspool of Filth
聖滝の間,Chamber of the Holy Waterfall
チャールズ,Charles
チャールストン,Charleston
チャウラ,Chawla
チェスター,Chester
チーフマンドラゴラ,Chief Mandragora
子供,Child
クロエ,Chloe
クリスティーヌ,Christine
クリストフ,Christoph
チャンク,Chunk
キアラン,Ciarán
クラン管理人枠,Clan Administrator
クラン拠点,Clan Hall
クラン拠点用ポーン枠10,Clan Member's Pawn_
クラン拠点用ポーン枠2,Clan Pawn
クラリッサ,Clarissa
断崖の坑道,Cliff Tunnels
コレット,Colette
生活用水汲み場,Common Waterhole
コナーン,Conan
建設資材集積場,Construction Material Depot
工事作業員1-A,Construction Worker
ポーン会話用クール,Cool Pawn
コランタン,Corentin
コーネリア,Cornelia
滝を臨む蝕地,Corrupted Ground Facing the Waterfall
コリー,Cory
クラフトルーム,Craft Room
クラフトサポート1,Crafter NPC
クレイグ,Craig
クロムウェル,Cromwell
崩れた進入路,Crumbling Entrance Path
崩れた進入路 最深部,Crumbling Entrance Path Innermost Depths
岩砕きの河岸,Crushing Rock Riverbank
せせらぎの地下聖堂,Crypt of Murmurs
カーティス,Curtis
セロ,Cyril
サイラス,Cyrus
ダクレイム砦,Dacreim Fortress
ダリア,Dalia
ダーマード,Damad
ダン,Dan
ダナ,Dana
ダーナ,Dana
ダナ・セントラム,Dana Centrum
ダナ族長の家,Dana Chief's Home
ダナンデール洞窟,Danandell Cave
ダナンデール洞窟　深部,Danandell Cave Depths
ダナンデール洞窟　最深部,Danandell Cave Innermost Depths
ダナンデール洞窟　通路,Danandell Cave: Passage
円形舞踊場,Dancing Circle
虹舞い洞窟,Dancing Rainbow Cave
虹舞い洞窟　深部,Dancing Rainbow Cave Depths
虹舞い洞窟　危険区域,Dancing Rainbow Cave: Dangerous Area
ダレン,Daren
ダリン,Darin
鎧幽の巨岩,Dark Armor Crag
闇大陸：アッカーシエラン,Dark Continent: Acre Selund
闇大陸：レスタニア,Dark Continent: Lestania
闇大陸：メルゴダ,Dark Continent: Mergoda
闇大陸：フィンダム,Dark Continent: Phindym
深緑のテラス,Dark Green Terrace
秘泉への暗道,Dark Path to the Secret Spring
秘泉への暗道 深層部,Dark Path to the Secret Spring Inner Depths
冥き大地下墓地,Dark Tree Great Catacombs
暗樹の大淵,Dark Woods Great Depths
闇に覆われた錬金研究棟,Darkness Shrouded Alchemy Research Building
闇に覆われた錬金研究棟 １階,Darkness Shrouded Alchemy Research Building 1st Floor
闇に覆われた錬金研究棟 ２階,Darkness Shrouded Alchemy Research Building 2nd Floor
闇に覆われたドリード城,Darkness Shrouded Dreed Castle
闇に覆われたドリード城 中央階段,Darkness Shrouded Dreed Castle Central Staircase
闇に覆われたドリード城 地下水路,Darkness Shrouded Dreed Castle Underground Waterway
闇に覆われたメガド回廊,Darkness Shrouded Megado Corridor
闇に覆われたメガド回廊 １階,Darkness Shrouded Megado Corridor 1st Floor
闇に覆われたメガド回廊 ３階,Darkness Shrouded Megado Corridor 3rd Floor
闇に覆われたメガド王宮層,Darkness Shrouded Mergoda Royal Palace Level
闇に覆われたメルゴダ護政区,Darkness Shrouded Mergoda Security District
闇に覆われた軍事演習棟,Darkness Shrouded Military Training Facility
闇に覆われた軍事演習棟 １階,Darkness Shrouded Military Training Facility 1st Floor
闇に覆われた軍事演習棟 ２階,Darkness Shrouded Military Training Facility 2nd Floor
闇に覆われたシェドレアン大神殿,Darkness Shrouded Shadolean Great Temple
死王の迷宮,Dead Lord's Labyrinth
ディーン,Dean
朽ちかけた井戸,Decaying Well
ディナン山道,Deenan Mountain Road
ディナン深層林,Deenan Woods
霧たなびく深森,Deep Misty Woods
水陰の淵辺,Deep Water's Edge
ディプニエ大侵林,Deepney Great Forest
デリーン,Deleen
デミル,Demir
魔軍緊急野営地,Demon Army Camp
魔軍進行中継場,Demon Army Relay Station
魔軍出撃待機所,Demon Army Standby Spot
魔軍戦車駐留地,Demon Army War Machine Garrison
魔犬養育所,Demon Dog Kennel
魔狼の縄張り,Demon Wolf Territory
魔獣の巣穴,Demon's Den
デニス,Dennis
リムの淵辺,Depths of the Rift
デレード,Deredo
デレク,Derek
廃村エスリグ,Deserted Village of Aethrig
廃村デニスィル,Deserted Village of Denisyr
廃村クラーハ,Deserted Village of Kraag
廃村ナバド,Deserted Village of Nabhadh
廃村ルフロー,Deserted Village of Ruflow
殲滅指定区域　最奥下層,Designated Extermination Area: Innermost Lower
殲滅指定区域　最奥上層左,Designated Extermination Area: Innermost Upper Left
殲滅指定区域　最奥上層右,Designated Extermination Area: Innermost Upper Right
殲滅指定区域　左方,Designated Extermination Area: Left Side
殲滅指定区域　右方,Designated Extermination Area: Right Side
落露の大穴,Dewdrop Crater
デューイ,Dewey
ディアドラ,Diadora
ディアマンテス,Diamantes
ダイオン,Dian
ディッカ,Dikka
ディンガス,Dingus
ダイアン,Dion
ディリス,Dirith
変装したガルドリン,Disguised Gurdolin
神花のテラス,Divine Blossom Terrace
ドハティ,Doherty
ドルキ,Dolkey
ドネル,Donnell
異界の扉,Door to the Other World
ドリス,Doris
ドロテア,Dorothea
ドロシー,Dorothy
ダウ渓谷,Dowe Valley
竜スキル合体,Dragon Skill Coalescence
竜の巣,Dragon's Nest
ドラワン,Drawan
ドラワン教会,Drawan Church
ドリード城,Dreed Castle
ドリード連絡路,Dreed Connecting Passage
ドリード排水路,Dreed Drainage Channels
ドリード監視塔,Dreed Watchtower
ドリード水路跡,Dreed Waterway Ruins
ドルー,Drew
小塔傍の枯れ井戸,Dried Well by the Tower
酔っぱらった男,Drunk Man
酔っぱらった女,Drunk Woman
酔っ払い,Drunkard
乾いた地下倉庫,Dry Underground Stores
枯れ井戸の中（カスタム）00,Dry well interior (custom) 00
デュボワ,Dubois
ダドリー,Dudley
デューク,Duke
ダナウィンの挑堂,Dunhain's Hall of Trials
ドワーフオーク,Dwarf Orc
暗黒の統べる地　東端,East Land of Darkness
ミスリウ森林 東側,East Mysree Forest
東ザンドラ廃墟群,East Zandora Ruins
ウルテカ山岳 東部,Eastern Urteca Mountains
ザンドラ東部,Eastern Zandora
エコール,Ecole
エディ,Eddie
エディーズ,Eddys
イーデン,Eden
エイリーン,Eileen
エジェ,Eje
エクレム,Ekrem
エラン採石洞,Elan Quarry Cave
エラン採石洞　最深部,Elan Quarry Cave Innermost Depths
エラン採石洞　中央部,Elan Quarry Cave: Center
エラン水林,Elan Water Grove
エラン水林 深層,Elan Water Grove Depths
エラン水林 船着き場,Elan Water Grove Wharf
エレメントアーチャー,Element Archer
エルフ遺跡（カスタム）00,Elf ruins (custom) 00
エリ警備塔,Eli Guard Tower
エリクシル精製室,Elixir Refining Chamber
エリン,Ellen
エリオット,Elliot
エルマー,Elmer
エルネア・スプリング,Elnea Spring
エルセン,Elsen
エルトン,Elton
エルナ,Eluna
エルネド,Eluned
エメラダ,Emerada
エミール,Emil
エミリア,Emilia
エミーネ,Emine
エンポリオ,Emporio
虚ろの小堂,Empty Chapel
エンド誘導予備1,End Content NPC
エンド誘導予備2,End Content NPC
エンド誘導予備3,End Content NPC
エンデール,Endale
エンディング用部屋,Ending Office
エンフ,Enf
エンナ,Enna
エニス,Ennis
エルデム,Erdem
エルテ・ディナン,Erte Deenan
エルドアン,Erudoan
エセン,Esen
エテルナ,Eterna
エテルナ装具屋,Eterna's Outfitter
イーサン,Ethan
エセル,Ethel
エトナ,Etna
ユージーン,Eugene
エウニケ,Eunike
エバ,Eva
イベントダンジョン,Event Dungeon
イベントビューアー部屋,Event Viewer Room
イーヴィ,Evey
悪しき竜のねぐら,Evil Dragon's Roost
エヴレン,Evren
疲弊した盗賊男,Exhausted Male Bandit
調査隊駐屯地,Expedition Garrison
ファビオ,Fabio
妖精の枯れ井戸,Fairy's Withered Well
ファルク,Falk
いつわりの遺構,False Remains
いつわりの遺構 深層部,False Remains Inner Depths
いつわりの遺構 武器庫,False Remains: Armory
いつわりの遺構 通路,False Remains: Passage
狂信者の潜伏地,Fanatic's Hiding Ground
ファーラナ平原,Farana Plains
ファーラナ平原 中央,Farana Plains Center
ファーラナ平原 船着き場,Farana Plains Wharf
ファーラナ遺跡,Farana Ruins
ファーラナ遺跡　深部,Farana Ruins Depths
ファーラナ遺跡　危険区域,Farana Ruins: Dangerous Area
農夫,Farmer
最果ての岸,Farthest Bank
フェデルコ,Federico
フェリクス,Felix
女性神官,Female Priest
女性戦士,Female Soldier
女戦士,Female Soldier
ファーガル,Fergal
ファーガソン,Ferguson
フェルヤナ関所前,Feryana Border Checkpoint
フェルヤナ荒原,Feryana Wilderness
フェルヤナ荒原 城下,Feryana Wilderness by Castle
悪鬼の岩窟,Fiend's Cavern
ファイター,Fighter
最終防衛区画,Final Defense Area
フィンバー,Finbar
フィン,Fionn
火垂れ山野営地,Firefall Mountain Campsite
火垂れ山拝竜院,Firefall Mountain Dragon Temple
火垂れ山拝竜院 最深部,Firefall Mountain Dragon Temple Innermost Depths
火垂れ山拝竜院 中層,Firefall Mountain Dragon Temple: Middle Level
火垂れ山の穿ち石,Firefall Mountain Eroded Rock
第一防衛区画,First Defense Area
第一の門,First Gate
第一捕虜収容所,First Prison Camp
フラナン,Flannan
フラベル,Flavell
フラベルの店,Flavell's Shop
フロックヴァルト大橋,Flocwald Bridge
お花ちゃん,Flower-chan
異邦の岬,Foreign Cape
森小人の集落,Forest Goblins' Village
森民の地下道,Forest People's Tunnel
森の廃墟地下,Forest Ruins Cellar
森精の隠れ家,Forest Sprite's Refuge
霧の森,Forest of Mist
霧の森 征圧エリア １,Forest of Mist Conquest Area 1
霧の森 征圧エリア ２,Forest of Mist Conquest Area 2
霧の森 征圧エリア ３,Forest of Mist Conquest Area 3
霧の森 征圧エリア ４,Forest of Mist Conquest Area 4
霧の森 征圧エリア ５,Forest of Mist Conquest Area 5
霧の森 征圧エリア ６,Forest of Mist Conquest Area 6
霧の森 征圧エリア ７,Forest of Mist Conquest Area 7
忘却の廃村,Forgotten Abandoned Village
旧闘技場跡地,Former Arena
休憩所跡地,Former Rest Station
見捨てられた井戸,Forsaken Well
見捨てられた井戸　危険区域,Forsaken Well: Dangerous Area
ティネス砦,Fort Thines
ティネス砦　大食堂,Fort Thines: Great Dining Hall
城の古井戸,Fort's Old Well
城塞都市メガド,Fortress City Megado
城塞都市メガド 美容院前,Fortress City Megado: Beauty Salon
城塞都市メガド 旧英霊廟前,Fortress City Megado: Before Old Heroic Spirit Shrine
城塞都市メガド 水車部屋前,Fortress City Megado: Before Water Wheel Room
城塞都市メガド 城門,Fortress City Megado: City Gate
城塞都市メガド クラフトルーム,Fortress City Megado: Craft Room
城塞都市メガド 大通り,Fortress City Megado: Main Street
城塞都市メガド 広場,Fortress City Megado: Plaza
城塞都市メガド 裏広場,Fortress City Megado: Rear Square
城塞都市メガド 居住層,Fortress City Megado: Residential Level
城塞都市メガド　居住層,Fortress City Megado: Residential Level
城塞都市メガド 王宮層,Fortress City Megado: Royal Palace Level
城塞都市メガド 王宮層 玉座,Fortress City Megado: Royal Palace Level Throne
城塞都市メガド 酒場,Fortress City Megado: Tavern
砦前・千本棘の陣,Fortress Front: Barbed Line
不浄の地下水道,Foul Water Channel
フラン,Fran
フランチェスカ,Francesca
フレッド,Fred
フレディー,Freddy
フロイト,Freud
フレイア,Freya
氷気の遺路,Frigid Ancient Passage
氷気の遺路　深部,Frigid Ancient Passage Depths
氷気の遺路　　危険区域,Frigid Ancient Passage: Dangerous Area
大門前,Front Gate
菌糸の襲窟,Fungal Colony Caves
菌糸の襲窟　脇道,Fungal Colony Caves: Byway
菌糸の襲窟　深層,Fungal Colony Caves: Deepest Level
菌糸の襲窟　鍾乳通路,Fungal Colony Caves: Limestone Passage
菌糸の襲窟　中層,Fungal Colony Caves: Middle Level
ガリプ,Gallip
呪詛の庭,Garden of Curses
ガルドノック砦,Gardnox Fortress
ガルドノック哨戒地,Gardnox Patrol Area
ガルドノック廃水廊,Gardnox Wastewater Tunnel
ガルドノック廃水廊　深部,Gardnox Wastewater Tunnel Depths
ガルドノック廃水廊　危険区域,Gardnox Wastewater Tunnel: Dangerous Area
饒舌なスケルトン,Garrulous Skeleton
ガス,Gas
ガッシュ,Gash
大門前野営地,Gate Camp
聖域の門,Gate of Sacred Grounds
波打ちの門洞,Gate of the Waving Cave
ガヴァン,Gavan
ガラダ,Gearóid
ガラダの護衛戦士,Gearóid's Escort Guard
ジェネラルオーク,General Orc
ジェラール,Gerald
ゲルト,Gerd
ジェレン,Geren
イェルハルド,Gerhard
ガーシュウィン,Gershwin
オオネズミ,Giant Rat
ギブソン,Gibson
ギリアム,Gilliam
ジリアン,Gillian
ギルロイ,Gilroy
ギルスタン,Gilstan
ジネット,Ginette
少女,Girl
ジゼル,Giselle
グリニス,Glenis
グレナー,Glenner
グロリア,Gloria
燐光虫の洞窟,Glowworm Cave
グリンデュア,Glyndwr
グリンデュア・セントラム,Glyndwr Centrum
ゴビネット,Gobinet
ゴブリン,Goblin
小鬼の野営地,Goblin Camp
小鬼の物見台,Goblin Lookout
ゴーゴ,Gogo
ゾマ組合宿　金の杯亭,Golden Tankard Inn
ゴルゴラン,Golgorran
ゴルタス,Goltas
ゴーン,Gon
ゴートン,Gordon
ゴート,Gort
グランエント,Grand Ent
グレイ,Gray
大神殿前広場,Great Temple Plaza
大翼の谷,Great Wings Valley
緑夜の庵,Green Nights Retreat
蒼葉のテラス,Greenleaf Terrace
グレゴリー,Gregory
グリンメル遺跡,Grinmel Ruins
グリンメル遺跡　中深部,Grinmel Ruins Center Depths
グリンメル遺跡　中央通路,Grinmel Ruins Center Passage
グリンメル遺跡　最深部,Grinmel Ruins Innermost Depths
グリンメル遺跡　危険区域,Grinmel Ruins: Dangerous Area
グリッテン砦,Gritten Fort
グリッテン砦　通行許可,Gritten Fort Travel Office
グローン・ノス,Groan Nos
呻きの枯れ井戸,Groaning Old Well
禁域守の神官,Guardian Priest of the Wasteland
ギュンター,Gunther
ガルドリン,Gurdolin
３周年を祝うガルドリン,Gurdolin celebrating 3rd Anniversary
水声の瞑堂,Gurgling Meditation Temple
ガイ,Guy
グェネイラ,Gwenhwyfar
ハディン地下古道,Hadin Underground Old Road
ハディン地下古道　深部,Hadin Underground Old Road Depths
ハディン地下古道　中央部,Hadin Underground Old Road: Center
ハディン地下古道　危険区域,Hadin Underground Old Road: Dangerous Area
魔角の間,Hall of the Magic Horns
ハムザ,Hamza
ハンコック,Hancock
ハンナ,Hannah
ハロルド,Harold
ハリエット,Harriet
ハーヴェイ,Harvey
ホーソーン,Hawthorne
ハヤル,Hayal
ヘイデン,Hayden
ヘザー,Heather
飛天のテラス,Heavenly Terrace
飛天のテラス　危険区域,Heavenly Terrace: Dangerous Area
飛天のテラス　深層,Heavenly Terrace: Deepest Level
ヘフィーナ,Hefina
ハインツ,Heinz
エナン,Henin
ヘンリー,Henry
臥竜のうろ,Hermit's Hollow
隠者の家,Hermit's House
英霊眠りし道,Heroic Spirit Sleeping Path
英霊眠りし道 洞窟 深層 脇道,Heroic Spirit Sleeping Path Cave Deepest Level: Byway
英霊眠りし道 洞窟 深層 第一の間,Heroic Spirit Sleeping Path Cave Deepest Level: First Space
英霊眠りし道 洞窟 深層 第四の間,Heroic Spirit Sleeping Path Cave Deepest Level: Fourth Space
英霊眠りし道 洞窟 深層 第二の間,Heroic Spirit Sleeping Path Cave Deepest Level: Second Space
英霊眠りし道 洞窟 深層 石像の間,Heroic Spirit Sleeping Path Cave Deepest Level: Stone Statue Space
英霊眠りし道 洞窟 深層 第三の間,Heroic Spirit Sleeping Path Cave Deepest Level: Third Space
英霊眠りし道 洞窟 深層,Heroic Spirit Sleeping Path Cave: Deepest Level
英霊眠りし道 洞窟 第一の間,Heroic Spirit Sleeping Path Cave: First Space
英霊眠りし道 洞窟 第四の間,Heroic Spirit Sleeping Path Cave: Fourth Space
英霊眠りし道 洞窟 通路,Heroic Spirit Sleeping Path Cave: Passage
英霊眠りし道 洞窟 第二の間,Heroic Spirit Sleeping Path Cave: Second Space
英霊眠りし道 洞窟 石像の間,Heroic Spirit Sleeping Path Cave: Stone Statue Space
英霊眠りし道 洞窟 第三の間,Heroic Spirit Sleeping Path Cave: Third Space
英霊眠りし道 遺跡,Heroic Spirit Sleeping Path Ruins
英霊眠りし道 遺跡 深層 第一の間,Heroic Spirit Sleeping Path Ruins Deepest Level: First Space
英霊眠りし道 遺跡 深層 第四の間,Heroic Spirit Sleeping Path Ruins Deepest Level: Fourth Space
英霊眠りし道 遺跡 深層 大広間,Heroic Spirit Sleeping Path Ruins Deepest Level: Great Hall
英霊眠りし道 遺跡 深層 広間,Heroic Spirit Sleeping Path Ruins Deepest Level: Hall
英霊眠りし道 遺跡 深層 隠し通路,Heroic Spirit Sleeping Path Ruins Deepest Level: Hidden Passage
英霊眠りし道 遺跡 深層 通路,Heroic Spirit Sleeping Path Ruins Deepest Level: Passage
英霊眠りし道 遺跡 深層 第二の間,Heroic Spirit Sleeping Path Ruins Deepest Level: Second Space
英霊眠りし道 遺跡 深層 石像の間,Heroic Spirit Sleeping Path Ruins Deepest Level: Stone Statue Space
英霊眠りし道 遺跡 深層 第三の間,Heroic Spirit Sleeping Path Ruins Deepest Level: Third Space
英霊眠りし道 遺跡 深層 武神の間,Heroic Spirit Sleeping Path Ruins Deepest Level: War God Space
英霊眠りし道 遺跡 深層,Heroic Spirit Sleeping Path Ruins: Deepest Level
英霊眠りし道 遺跡 第一の間,Heroic Spirit Sleeping Path Ruins: First Space
英霊眠りし道 遺跡 第四の間,Heroic Spirit Sleeping Path Ruins: Fourth Space
英霊眠りし道 遺跡 通路,Heroic Spirit Sleeping Path Ruins: Passage
英霊眠りし道 遺跡 第二の間,Heroic Spirit Sleeping Path Ruins: Second Space
英霊眠りし道 遺跡 螺旋回廊,Heroic Spirit Sleeping Path Ruins: Spiral Corridor
英霊眠りし道 遺跡 石像の間,Heroic Spirit Sleeping Path Ruins: Stone Statue Space
英霊眠りし道 遺跡 第三の間,Heroic Spirit Sleeping Path Ruins: Third Space
英霊眠りし道 祠 深層,Heroic Spirit Sleeping Path Shrine: Deepest Level
英霊眠りし道 祠 第一の間,Heroic Spirit Sleeping Path Shrine: First Space
英霊眠りし道 祠 第四の間,Heroic Spirit Sleeping Path Shrine: Fourth Space
英霊眠りし道 祠 通路,Heroic Spirit Sleeping Path Shrine: Passage
英霊眠りし道 祠 第二の間,Heroic Spirit Sleeping Path Shrine: Second Space
英霊眠りし道 祠 石像の間,Heroic Spirit Sleeping Path Shrine: Stone Statue Space
英霊眠りし道 祠 第三の間,Heroic Spirit Sleeping Path Shrine: Third Space
英霊眠りし道 墓所,Heroic Spirit Sleeping Path Tomb
英霊眠りし道 墓所 第一の間,Heroic Spirit Sleeping Path Tomb: First Space
英霊眠りし道 墓所 第四の間,Heroic Spirit Sleeping Path Tomb: Fourth Space
英霊眠りし道 墓所 広間,Heroic Spirit Sleeping Path Tomb: Hall
英霊眠りし道 墓所 通路,Heroic Spirit Sleeping Path Tomb: Passage
英霊眠りし道 墓所 第二の間,Heroic Spirit Sleeping Path Tomb: Second Space
英霊眠りし道 墓所 石像の間,Heroic Spirit Sleeping Path Tomb: Stone Statue Space
英霊眠りし道 墓所 第三の間,Heroic Spirit Sleeping Path Tomb: Third Space
英霊眠りし道 水路,Heroic Spirit Sleeping Path Waterway
英霊眠りし道 水路 脇道,Heroic Spirit Sleeping Path Waterway: Byway
英霊眠りし道 水路 第一の間,Heroic Spirit Sleeping Path Waterway: First Space
英霊眠りし道 水路 第四の間,Heroic Spirit Sleeping Path Waterway: Fourth Space
英霊眠りし道 水路 第二の間,Heroic Spirit Sleeping Path Waterway: Second Space
英霊眠りし道 水路 石像の間,Heroic Spirit Sleeping Path Waterway: Stone Statue Space
英霊眠りし道 水路 第三の間,Heroic Spirit Sleeping Path Waterway: Third Space
英霊眠りし道 水路 武神の間,Heroic Spirit Sleeping Path Waterway: War God Space
英霊眠りし道 井戸,Heroic Spirit Sleeping Path Well
英霊眠りし道 井戸 深部,Heroic Spirit Sleeping Path Well Depths
英霊眠りし道 井戸 入口,Heroic Spirit Sleeping Path Well: Entrance
英霊眠りし道 井戸 第一の間,Heroic Spirit Sleeping Path Well: First Space
英霊眠りし道 井戸 第四の間,Heroic Spirit Sleeping Path Well: Fourth Space
英霊眠りし道 井戸 通路,Heroic Spirit Sleeping Path Well: Passage
英霊眠りし道 井戸 第二の間,Heroic Spirit Sleeping Path Well: Second Space
英霊眠りし道 井戸 石像の間,Heroic Spirit Sleeping Path Well: Stone Statue Space
英霊眠りし道 井戸 第三の間,Heroic Spirit Sleeping Path Well: Third Space
英霊眠りし道 洞窟,Heroic Spirit Sleeping Path: Cave
英霊眠りし道　フェルヤナ荒原,Heroic Spirit Sleeping Path: Feryana Wilderness
英霊眠りし道 フェルヤナ荒原,Heroic Spirit Sleeping Path: Feryana Wilderness
英霊眠りし道　ラスニテ山麓,Heroic Spirit Sleeping Path: Rathnite Foothills
英霊眠りし道 ラスニテ山麓,Heroic Spirit Sleeping Path: Rathnite Foothills
英霊眠りし道 祠,Heroic Spirit Sleeping Path: Shrine
ヘスター,Hester
ヘストン,Heston
ヒックス,Hicks
隠れ浜,Hidden Beach
隠れ村ピレモス,Hidden Village Piremoth
メガドへの隠れ水路,Hidden Waterway to Megado
ハイデル地下霊廟,Hidell Catacombs
ハイデル地下霊廟　深部,Hidell Catacombs Depths
ハイデル地下霊廟　最深部,Hidell Catacombs Innermost Depths
ハイデル教会,Hidell Church
ハイデル平原,Hidell Plains
隠れ潜むガルドリン,Hiding Gurdolin
ハイセプター,High Scepter
ヒルデ,Hilde
ホボリック洞穴,Hobolic Cave
始まりの洞,Hollow of Beginnings
始まりの洞　集いの間,Hollow of Beginnings: Gathering Area
始まりの洞　集いの間　,Hollow of Beginnings: Gathering Area
フーリャ,Holya
ハフ,Hough
民家,House
風鳴り洞窟,Howling Wind Cave
ハンター,Hunter
狩人,Hunter
狩人の抜け穴,Hunters' Secret Passage
イデ,Ide
イーファ,Ifa
イルマズ,Ilmaz
イナタイヤ,Inataya
イネス,Ines
侵染の窪地,Infected Basin
侵食魔の巣窟,Infected Den
侵食魔の巣窟　奥底,Infected Den Depths
侵食魔の巣窟　奥底　危険区域,Infected Den Depths: Dangerous Area
侵食魔の巣窟　奥底　深層,Infected Den Depths: Deepest Level
侵食魔の巣窟　脇道,Infected Den: Byway
イングリッド,Ingrid
イニアス湿地帯,Inias Wetlands
負傷した男性,Injured Man
負傷した戦士,Injured Soldier
マグサス古水路　最奥,Innermost Magusas Ancient Watercourse
静穏の隠れ洞 最奥,Innermost Quiet Concealed Cave
王家の墓 最奥,Innermost Royal Family Mausoleum
侵鬼の洞穴,Invading Demons Cave
侵鬼の洞穴　中央通路,Invading Demons Cave Center Passage
侵鬼の洞穴　最深部,Invading Demons Cave Innermost Depths
イオセフ,Iosef
アイラ,Ira
イリス,Iris
イルヴァ,Iruva
アイザック,Isaac
イザベル,Isabel
イサップ,Isap
イゼル,Isel
イゼット,Isetto
幽縁ヶ浜,Isolated Beach
隔離兵舎,Isolation Barracks
イヴァン,Ivan
イヴァンの山小屋,Ivan's Lodge
アイヴィ,Ivey
ジャン,Jan
ジャレッド,Jared
ジャスパー,Jasper
ジェミル,Jemir
ジェンナ,Jenna
ジフール砦,Jifule Fortress
慈恵の斎場,Jikei's Funeral Parlor
ジンゲン,Jingen
ジョアンナ,Joanna
ヨアキム,Joaquim
ヨハン,Johann
ジョウホウヤ,Johoya
ジョナス,Jonas
ジョーダン,Jordan
ジョゼフ,Joseph
ジョセフィン,Josephine
ジョシュ,Josh
ジュディス,Judith
ジュリア,Julia
ジュリエンヌ,Julienne
密林の鍾乳洞,Jungle Limestone Caves
密林の鍾乳洞　深部,Jungle Limestone Caves Depths
カレン,Karen
カルノ,Karno
啼き井戸,Keening Well
ケイーク,Keiku
ケマル,Kemal
ケナン,Kenan
ケネック,Kennec
ハリル,Khalil
キビザ,Kibiza
キーファー,Kiefer
キースヒルト,Kieshildt
王の間,King's Space
キンガル峡谷,Kingal Canyon
キンガル峡谷 深層,Kingal Canyon Depths
キンガル遺跡路,Kingal Ruins Road
キンガル西岸,Kingal West Bank
キノザ,Kinoza
キノザ治水路,Kinoza Flood Control Channel
キノザ鉱泉,Kinoza Mineral Springs
キルスティ,Kirsty
キトリッジ,Kittredge
クラウス,Klaus
騎士,Knight
騎士団補給所跡,Knights' Depot Ruins
旧騎士団詰め所,Knights' Old Guardhouse
旧騎士団連絡路,Knights' Old Route
旧騎士団資材庫,Knights' Old Storehouse
旧騎士団監視塔,Knights' Old Watchtower
夜の女,Lady of the Night
聖獣の間,Lair of the Holy Beast
セラー湖,Lake Cera
セラー湖船墓場,Lake Cera Ship Graveyard
イニアス湖,Lake Inias
湖底連絡路,Lakebottom Connecting Passage
湖岸地下室,Lakeside Cellar
湖畔の洞窟,Lakeside Grotto
湖畔の洞窟 深層部,Lakeside Grotto Inner Depths
湖畔の洞窟 鍾乳洞,Lakeside Grotto: Limestone Cave
湖畔の洞窟 通路,Lakeside Grotto: Passage
湖岸の廃墟,Lakeside Ruins
ラピス,Lapis
ララ,Lara
大演習場,Large Training Area
ラウラ,Laura
レ・カルバス・アーマ,Le Karvas Arma
レ・カルバス・ロタナ,Le Karvas Lotana
レ・カルバス・パティーロ,Le Karvas Patiro
レ・カルバス・サルトー,Le Karvas Salto
リーザ,Leeza
レント,Lent
レオ,Leo
レオのアジト,Leo's Hideout
レスタニア,Lestania
レウェラ,Lewela
リアム,Liam
解放軍戦士,Liberation Army Soldier
息絶えた覚者,Lifeless Arisen
息絶えた騎士,Lifeless Knight
息絶えた村人,Lifeless Villager
灯台守の家,Lighthouse Keeper's House
灯台下の古井戸,Lighthouse Old Well
灯台の地下倉庫,Lighthouse Underground Stores
軽装の女戦士,Lightly-Equipped Female Soldier
軽装の戦士,Lightly-Equipped Soldier
たたずむスケルトン,Lingering Skeleton
ライナス,Linus
リサ,Lisa
リズ,Lise
リビアン,Livian
ルヴィア,Lluvia
ロイグ,Loeg
ローガン,Logan
森の一軒家,Lone House in the Forest
渓谷の一軒家,Lone House in the Valley
展望城,Lookout Castle
展望城城外,Lookout Castle Exterior
展望城城外 ソネルキャンプ,Lookout Castle Exterior: Sonel's Camp
展望城 城門前,Lookout Castle: Before the Castle Gate
展望城 中庭,Lookout Castle: Courtyard
展望城 地下牢,Lookout Castle: Dungeon
展望城 大広間,Lookout Castle: Great Hall
展望城 港,Lookout Castle: Harbor
展望城 中層,Lookout Castle: Middle Level
展望城 王宮層,Lookout Castle: Royal Palace Level
展望城 上層,Lookout Castle: Upper Level
ロルカン,Lorcan
ローナ,Lorna
ロッタ,Lotta
ローラ,Loura
ルーカス,Lucas
ルキーノ,Luchino
リュシアン,Lucien
ルチーナ,Lucina
ルシンダ,Lucinda
ルーシー,Lucy
ルドヴィカ,Ludovika
木こり,Lumberjack
ライアム,Lyam
リュカ,Lyka
リンウッド,Lynwood
リンウッド地下水路,Lynwood Underground Waterway
ライオネット,Lyonnet
マデリーン,Madeline
メーヴ,Maeve
マグサス古水路,Magusas Ancient Watercourse
マグサス古水路　入り口,Magusas Ancient Watercourse Entrance
マグサス古水路　隠し通路,Magusas Ancient Watercourse: Hidden Passage
マグサス古水路　排水処理場,Magusas Ancient Watercourse: Wastewater Processing Site
マハル,Mahal
マイア,Maia
マジョリー,Majori
魔界村地下墓地,Makaimura Catacombs
雄シカ,Male Deer
男,Man
男性,Man
助けを求める男,Man Seeking Help
ボロをまとった男,Man in rags
マヌンの集落,Manun Village
マルコ,Marco
マルクス,Marcus
マーガレット,Margaret
マーホン,Marhon
マリオ,Mario
マリサ,Marisa
マルキス,Marquis
クルト侯爵邸,Marquise Kurt's residence
マルテン,Marten
メアリー,Mary
マヴェイル,Mavail
メイリーフ,Mayleaf
メイリーフの寝室,Mayleaf's Bedroom
マコーミック,McCormick
マクマホン,McMahon
集会場,Meeting Spot
メガド大聖堂,Megado Cathedral
メガド回廊,Megado Corridor
闇に覆われる前のメガド回廊,"Megado Corridor, Unshrouded"
メガド離宮,Megado Detached Palace
メガド護衛兵,Megado Guard
メガド上水網,Megado Water Supply Network
メガド上水網 深層部,Megado Water Supply Network Inner Depths
メガド上水網 通路,Megado Water Supply Network: Passage
メガドシス古道,Megadosys Old Road
メガドシス古道 フェルヤナ方面,Megadosys Old Road: Feryana Direction
メガドシス古道 メガドシス方面,Megadosys Old Road: Megadosys Direction
メガドシス古道 中腹,Megadosys Old Road: Mountainside
メガドシス高地,Megadosys Plateau
メイロワ,Meirova
メル,Mel
メリッサ,Melissa
大地の記憶 聖炎の参竜道,Memories of the Earth: Sacred Flame Path
大地の記憶 火垂れ山野営地,Memory of Firefall Mountain Campsite
メガドシスの記憶,Memory of Megadosys
大地の記憶 メガドシス古道,Memory of Megadosys Old Road
大地の記憶 メガドシス古道 脇道,Memory of Megadosys Old Road: Byway
大地の記憶 メガドシス古道 フェルヤナ方面,Memory of Megadosys Old Road: Feryana Direction
大地の記憶 メガドシス古道 メガドシス方面,Memory of Megadosys Old Road: Megadosys Direction
大地の記憶 メガドシス古道 中腹,Memory of Megadosys Old Road: Mountainside
メガドシスの記憶 武神の間,Memory of Megadosys: War God Space
大地の記憶 王家の墓,Memory of Royal Family Mausoleum
ウルテカの記憶,Memory of Urteca
ウルテカの記憶 東部 入口,Memory of Urteca: Eastern Entrance
ウルテカの記憶 北部 入口,Memory of Urteca: Northern Entrance
ウルテカの記憶 武神の間,Memory of Urteca: War God Space
ウルテカの記憶 西部 入口,Memory of Urteca: Western Entrance
メフィス,Mephis
メフィテ,Mephite
メフィテ旅人宿,Mephite Traveler's Inn
商人,Merchant
メルガン・アルケミデア,Mergan Alchemdia
メルゴダ大水網,Mergoda Flood Channels
メルゴダ・黄金宮,Mergoda Golden Palace
メルゴダ下層,Mergoda Lower Level
メルゴダ下層　廃墟群,Mergoda Lower Level: Abundant Ruins
メルゴダ下層　礎前,Mergoda Lower Level: Previous Portcrystal
メルゴダ居住区,Mergoda Residential Area
メルゴダ王宮層,Mergoda Royal Palace Level
メルゴダ王宮層　空庭,Mergoda Royal Palace Level: Empty Court
亡都メルゴダ,Mergoda Ruins
亡都メルゴダ　下層,Mergoda Ruins: Lower Level
亡都メルゴダ　王宮層,Mergoda Ruins: Royal Palace Level
メルゴダ護政区,Mergoda Security District
メルゴダ民の住居,Mergodan Residence
メルテム,Mertem
メリエム,Meryem
不在伝言係,Messenger
メトロファネス,Metrophanes
ミーア,Mia
ミカエラ,Michaela
ミラン,Milan
ミルバーン,Milburn
マイルズ,Miles
憲兵,Military Police
鉱員,Miner
採掘師の隠れ道,Miners' Secret Route
鉱山の大踊り場,Mines' Large Landing
ミランダ,Miranda
ミリヤム,Miriam
霧幻のテラス,Misty Illusion Terrace
霧幻のテラス　危険区域,Misty Illusion Terrace: Dangerous Area
霧幻のテラス　深層,Misty Illusion Terrace: Deepest Level
霧幻のテラス　中層,Misty Illusion Terrace: Middle Level
霧幻のテラス　浅層,Misty Illusion Terrace: Surface Level
モアナ,Moana
モゴック,Mogok
モル,Mole
モルトバ灯台,Moltova Lighthouse
モルトバ遺跡,Moltova Ruins
モルトバ遺跡　危険区域,Moltova Ruins: Dangerous Area
モルトバ遺跡　左路,Moltova Ruins: Left Path
モルトバ遺跡　右路,Moltova Ruins: Right Path
モナ,Mona
月影のテラス,Moonlight Terrace
モードレッド,Mordred
モルフォール,Morfaul
モルフォール・セントラム,Morfaul Centrum
モルフォール族長の家,Morfaul Chief's Home
モーガン,Morgan
モルガーナ,Morgana
モーリス,Morris
モローケイヴァン,Morrow Cavern
モローケイヴァン　深部,Morrow Cavern Depths
モローケイヴァン　最深部,Morrow Cavern Innermost Depths
モローケイヴァン　危険区域,Morrow Cavern: Dangerous Area
モロー樹林,Morrow Forest
モロー樹林 深層,Morrow Forest Depths
モロー古跡,Morrow Old Ruins
モルテン,Morten
山腹の野戦場,Mountainside Battlefield
ムバラク,Mubarak
ミュゲ,Muget
ムラト,Murad
ミューセル,Musel
音楽家,Musician
ムスタファ,Mustafa
マイラ,Myra
ミシアル,Mysial
ミスリウ森林,Mysree Forest
ミスリウ森林深部,Mysree Grove
標の祠　ミスリウ森林深部,Mysree Grove Shrine
ミスリウ鍾乳洞,Mysree Limestone Cave
ミステラ,Mystera
謎のお化け,Mysterious Ghost
不思議な少女,Mysterious Girl
謎の礎,Mysterious Keystone
幽玄の霊堂,Mysterious Mausoleum
幽玄の霊堂　危険区域,Mysterious Mausoleum: Dangerous Area
幽玄の霊堂　深層,Mysterious Mausoleum: Deepest Level
幽玄の霊堂　中層,Mysterious Mausoleum: Middle Level
ナバル,Nabal
ナディア,Nadia
名もなき廃村,Nameless Deserted Village
ナンシー,Nancy
ナタリア,Natalia
ネイト,Nate
ナサニエル,Nathaniel
自然洞窟＋坑道（カスタム）00,Natural Cave + Tunnel (custom) 00
ナーヴ,Nave
ナヴィド,Navido
ナヤジーク,Nayajiku
ネビュラ小神殿,Nebula Temple
ネビュラ小神殿　回廊,Nebula Temple Corridor
ネビュラ小神殿　深部,Nebula Temple Depths
ネビュラ小神殿　中央部,Nebula Temple: Center
骸の将,Necro Master
ネド,Nedo
ネイア,Neia
ネルソン,Nelson
術師の地下泉,Neophyte's Cellar
ネストーレ,Nestor
ニュートの巣穴,Newt Den
ニコラス,Nicholas
ニコラ,Nicola
ニキ,Nikki
ニルビリス大橋関所,Nilviris Bridge Checkpoint
ニルヴァーナ,Nirvana
貴族,Nobleman
ノーラ,Nora
ポーン会話用ノーマル,Normal Pawn
ノーマン,Norman
ノーメル,Normel
北側排水路,North Drainage Channel
暗黒の統べる地　北端,North Land of Darkness
ラスニテ山麓 北側,North Rathnite Foothills
ボルド鉱山 北側,North Volden Mines
北の盗賊のアジト,Northern Bandit Hideout
バートランド平原北部,Northern Betland Plains
ウルテカ山岳 北部,Northern Urteca Mountains
ノーザナス侵林,Northerners Infected Woods
ノーザナス侵林　危険区域,Northerners Infected Woods: Dangerous Area
オニール,O'Neill
オブリン,Obren
奇岩谷,Odd Rock Valley
オイングス,Oengus
オフタイムのガルドリン,Off-time Gurdolin
オジナの支配圏,Ogina's Domination Area
廃都の住居跡,Old Capital Ruins
旧船頭寄合所,Old Ferryman's Haunt
旧船頭寄合所　最深部,Old Ferryman's Haunt Innermost Depths
旧船頭寄合所　中央広場,Old Ferryman's Haunt: Central Square
旧船頭寄合所　危険区域,Old Ferryman's Haunt: Dangerous Area
旧船頭寄合所　深部通路,Old Ferryman's Haunt: Depths Passage
旧英霊廟,Old Heroic Spirit Shrine
古住居遺跡,Old Residence Ruins
旧鉱泉湧き口,Old Spring
古テキア洞窟,Old Tekia Grotto
古テキア洞窟　中心部,Old Tekia Grotto: Central Part
旧地下実験所,Old Underground Laboratory
旧水汲み場,Old Waterhole
老婦,Old Woman
オリバー,Oliver
ウーナ,Oona
オフィリア,Ophelia
オーク,Orc
オーク残党宿営地,Orc Remnants Camp
オルハン,Orhan
オリア,Oria
オズワルド,Oswald
オズワルドの武具店,Oswald's Armor Shop
外に出る,Outside
オーウェン,Owen
牛,Ox
オズギュル,Ozgur
宮殿前広場,Palace Plaza
パメラ,Pamela
パリスハルト,Paris Hart
掘削中の井戸,Partly-Dug Well
パートナーポーン,Partner Pawn
パスカル,Pascal
通りすがりの旅人,Passing Traveler
モローへの小路,Path to Morrow
モローへの小路 船着き場,Path to Morrow Wharf
パトリシア,Patricia
ポール,Paul
ポーラ,Paula
ポーン郷,Pawn Cathedral
ペコ,Peco
行商人,Peddler
行商人の難所,Peddler's Peril
ペドロ,Pedro
ペドロ雑貨店,Pedro's General Store
ペール,Pehr
罪人の修獄,Penitentiary
罪人の修獄　危険区域,Penitentiary: Dangerous Area
亡都の民,People of the Dead City
パーシー,Percy
パーシモン,Persimmon
淀みし大竜力,Phantasmic Great Dragon
フィンダム,Phindym
群像の岩屋,Picturesque Grotto
ピエリ,Pieri
ブタ,Pig
ピレモス旅人宿,Piremoth Traveler's Inn
ピサル,Pisarr
叫びの竪穴,Pit of Screams
叫びの竪穴　危険区域,Pit of Screams: Dangerous Area
ピット,Pitt
ピクシーズキャンプ,Pixies' Camp
平原の廃墟地下室,Plains Abandoned House Cellar
高地のあばら屋,Plateau Shack
プラム,Plum
密猟者のキャンプ,Poachers' Camp
ポー,Poe
詩人,Poet
還れぬ炎の吹き溜まり,Pool of Inextinguishable Flames
捕食者たちの低地,Predators' Lowland
プリースト,Priest
神官,Priest
原初の集落,Primordial settlement
守り人の庵,Protector's Retreat
パブ用ステージ,Pubs' Stage
ポーン会話用ピュア,Pure Pawn
浄水区,Purified Water Section
紫花の園,Purple Flower Garden
サラマンダーコロニー,Pyre Saurian Colony
静穏の隠れ洞,Quiet Concealed Cave
静穏の隠れ洞 洞窟通路,Quiet Concealed Cave: Cave Passage
クインタス,Quintus
ウサギ,Rabbit
ガクシャ,Raksha
腐臭の溜まり場,Rancid Haunt
ランドル,Randolf
ラスニテ納骨廟,Rathnite Columbarium
ラスニテ納骨廟 深層部,Rathnite Columbarium Inner Depths
ラスニテ納骨廟 中央広場,Rathnite Columbarium: Central Square
ラスニテ山麓,Rathnite Foothills
ラスニテ山麓　湖畔部,Rathnite Foothills Lakeside
ラスニテ地下水路,Rathnite Underground Waterway
ラスニテ地下水路 通路,Rathnite Underground Waterway: Passage
ラウル,Raul
ラウル武具工房,Raul's Arms and Armor Workshop
レイベン,Raven
レイ,Ray
レヤ,Ray
レイモンド,Raymond
ラザネイル,Razanailt
再帰の浜辺,Recrudescent Beach
キノザ組合宿　紅水晶亭,Red Crystal Inn
レジーナ,Regina
ライシュ,Reich
宿場区,Relay Station District
レンテン,Renton
水源へ続く地下道,Reservoir Underground Tunnel
安息無き地下水道,Restless Water Channel
安息無き地下水道 深層部,Restless Water Channel Inner Depths
レヴェント,Revento
リアガン,Riagan
リキャルド,Ricardo
リック,Rick
リドリー,Ridley
リングディール,Ringdeel
木漏れ日の川辺,Riverside of Dappled Sunlight
鬼鳴き橋,Roaring Demon Bridge
潮騒洞窟,Roaring Tide Cave
潮騒の隠れ部屋,Roaring Tide Hidden Chamber
ローシェ,Rocher
ロルフ,Rolf
ロンドジール,Rondejeel
ローザ,Rosa
ロス,Ross
ローテス,Rotes
ロスギル,Rothgill
ロスギル兵士,Rothgill Soldier
ロスギル旅人宿,Rothgill Traveler's Inn
ロイ,Roy
王家の隠れ部屋 メガドシス高地,Royal Family's Hidden Chamber (Megadosys Plateau)
王家の隠れ部屋 ウルテカ山岳,Royal Family's Hidden Chamber (Urteca Mountains)
王家の隠れ道,Royal Family's Secret Path
王家の隠れ道 秘密の扉前,Royal Family's Secret Path: Before the Hidden Door
王家の隠れ道 書庫,Royal Family's Secret Path: Library
王家の隠れ道 聖堂,Royal Family's Secret Path: Shrine
王家の隠れ道 宝物庫,Royal Family's Secret Path: Treasury
ルドルフォ,Rudolfo
廃墟の地下室,Ruins Cellar
遺跡の地下室,Ruins Site Cellar
聖炎の参竜道,Sacred Flame Path
聖炎の参竜道 上層,Sacred Flame Path: Upper Level
聖域,Sacred Grounds
聖河の遺跡,Sacred River Ruins
聖河の遺跡　中央通路,Sacred River Ruins Center Passage
聖河の遺跡 船着き場,Sacred River Ruins Wharf
聖河の遺跡　中心部,Sacred River Ruins: Central Part
霊泉のテラス,Sacred Spring Terrace
聖樹のテラス,Sacred Tree Terrace
セイディ,Sadie
聖遺の塔,Sage Tower Ruins
賢者の墓標,Sage's Gravestone
賢者の古井戸,Sage's Old Well
サゴー,Sago
サラミス,Salamis
サリー,Sally
救出ポーン1,Salvage pawn
サマンサ,Samantha
サムエル,Samuel
サーニャ,Sanya
サーラ,Sara
サウザネル侵林,Sauzanel Infected Woods
サーズ・ディナン,Sazu Deenan
怯えた男,Scared Man
おびえた様子の女性,Scared Woman
大地の傷跡,Scarred Earth
スケルツォ,Scherzo
灼熱の封鎖道,Scorching Blocked Passage
灼熱の封鎖道　脇道,Scorching Blocked Passage: Byway
灼熱の封鎖道　危険区域,Scorching Blocked Passage: Dangerous Area
シラ,Scylla
ローテス組合宿　海竜亭,Sea Dragon Inn
シーベル,Seabell
閉ざされた古井戸,Sealed Old Well
封じの玄室,Sealed Sepulcher
ショーン,Sean
海辺の地下室,Seaside Cellar
セバスチャン,Sebastian
第二防衛区画,Second Defense Area
第二の門,Second Gate
セカンドポーン,Second Pawn
第二捕虜収容所,Second Prison Camp
秘弓師の住居,Secret Bowmaker's Home
秘匿の実験場,Secret Proving Ground
秘匿の実験場　危険区域,Secret Proving Ground: Dangerous Area
秘匿の実験場　深層,Secret Proving Ground: Deepest Level
秘匿の実験場　中層,Secret Proving Ground: Middle Level
セダ,Seda
シーカー,Seeker
セリム,Selim
セルマ,Selma
セマ,Sema
セネカ,Seneka
老夫婦,Senior Couple
古参の騎士,Senior Knight
セラ,Sera
セレア,Serea
セリク,Serik
セリン,Serine
シェドレアン大神殿,Shadolean Great Temple
闇に覆われる前のシェドレアン大神殿,"Shadolean Great Temple, Unshrouded"
シェドレアン大神殿　最奥前,Shadolean Great Temple: Before Innermost
シェドレアン大神殿　中央部,Shadolean Great Temple: Center
シェドレアン大神殿　宝物庫,Shadolean Great Temple: Treasury
闇の将,Shadow Master
シャロム,Shalom
シーラ,Sheelah
シェケル,Shekel
甲竜の湿原,Shell Dragon's Bog
シェリー,Shelly
セム,Shem
シェナ,Shena
シェナイ,Shenai
シェリン,Sheryn
シールドセージ,Shield Sage
彩光の滝,Shimmering Waterfall
商店区,Shopping District
商店区 裏通り,Shopping District Alley
戦練の社,Shrine of Combat
戦練の社 最奥,Shrine of Combat: Deepest Depths
戦練の社 不死の路,Shrine of Combat: Immortal Road
戦練の社 自然の路,Shrine of Combat: Nature's Path
戦練の社 霊の路,Shrine of Combat: Spirit Path
怨嗟の祠,Shrine of Resentment
劫炎の祠堂,Shrine of the Eternal Blaze
劫炎の祠堂 脇道,Shrine of the Eternal Blaze: Byway
ポーン会話用シャイ,Shy Pawn
シディカ,Sidika
静かな抗戦跡,Silent Resistance Battle Site
銀隠者の根城,Silver Hermit's Stronghold
ジンゲン組合宿　風啼き亭,Singing Winds Inn
シスレー,Sisley
スケルトン,Skeleton
空望広場,Skygazing Spot
ドラワン組合宿　眠り狼亭,Sleeping Wolf Inn
スライ,Sly
死者の小窟,Small Cave Tombs
知恵の小塔,Small Tower of Wisdom
ポーン会話用スマート,Smart Pawn
鍛冶職人,Smith
戦士,Soldier
兵士詰所,Soldier Station
ソネル,Sonel
ソニア,Sonia
ソーニャ,Sonya
ソーサラー,Sorcerer
魔術師,Sorcerer
スーレ,Soule
ブリア海岸 南側,South Breya Coast
南ハイデル大橋,South Hidell Bridge
暗黒の統べる地　南端,South Land of Darkness
南メルゴダ遺跡群,South Mergoda Ruins
南壁のひび,Southern Wall Fissure
南壁谷の道,Southern Wall Gorge
術師の取引所,Specialist Trading Post
武霊の庵,Spirit Arts Hut
精霊竜セシリー,Spirit Dragon Cecily
精霊竜ウィルミア,Spirit Dragon Willmia
精霊竜のねぐら,Spirit Dragon's Roost
スピリットランサー,Spirit Lancer
豊穣の泉,Spring of Abundance
癒しの泉,Spring of Healing
活力の泉,Spring of Vitality
隊将ドワーフオーク,Squad Leader Dwarf Orc
スターク,Stark
不気味な男,Strange Man
野良ポーン1,Stray pawn
流水の小路,Stream Alley
立ち病みの森,Suffering Forest
スレイマン,Suleiman
サリヴァン,Sullivan
山頂の小堂,Summit Chapel
スニーカー,Sunika
陽射す地下洞,Sunlit Underground Cave
サニー,Sunny
斜陽のテラス,Sunset Terrace
食糧庫,Supply Store
廃墟の食糧庫,Supply Store Ruins
スラボ,Surabo
スローニャ,Suronya
スザンナ,Susanna
怪しいゴブリン,Suspicious Goblin
スヴェン,Sven
タバサ,Tabitha
タルコット,Talcott
タネル,Tanel
タリーエの小塔,Tarie Small Tower
酒場,Tavern
酒場の女,Tavern Woman
テッド,Ted
テゴル治水路,Tegor Flood Control Channel
テゴル川,Tegor River
テル,Tel
テルの枯れ井戸,Tel's Withered Well
神殿女：予備枠,Temple Bystander
禊の神殿,Temple of Purification
禊の神殿 湖畔,Temple of Purification Lakeside
禊の神殿　離殿,Temple of Purification: South Chamber
テントの抜け道,Tent's Secret Path
ターグ,Terg
タラーテ集水路,Thalati Waterway
タラーテ集水路　中央通路,Thalati Waterway Central Passage
タラーテ集水路　最深部,Thalati Waterway Innermost Depths
タラーテ集水路　危険区域,Thalati Waterway: Dangerous Area
ターレス,Thales
アーク,The Ark
アーク　裏層,The Ark's Lower Level
アーク　裏層　危険区域,The Ark's Lower Level: Dangerous Area
アーク　裏層　貯蔵所,The Ark's Lower Level: Storage
アーク　裏層　宝物庫,The Ark's Lower Level: Treasury
黒狼団のアジト,The Black Wolves' Hideout
悼まれぬ者の葬室,The Burial Chamber of the Unmourned
悼まれぬ者の葬室 最深部,The Burial Chamber of the Unmourned Innermost Depths
悼まれぬ者の葬室 不死者の房,The Burial Chamber of the Unmourned: Cell of the Immortals
悼まれぬ者の葬室　火炎体の巣窟,The Burial Chamber of the Unmourned: Funeral Pyre
悪しき竜,The Evil Dragon
異人の洞窟,The Foreigner's Cave
異人の遺跡,The Foreigner's Remains
異人の塔,The Foreigner's Tower
異人の地下墓所,The Foreigner's Underground Tomb
巨鷲の宝物溜め,The Giant Eagle's Treasure Hoard
巨人の寝床,The Giant's Bed
黄金宮,The Golden Palace
遠吠えの前線,The Howling Front
隠匿の王間,The King's Room of Concealment
豚喰いのねぐら,The Pig-Eater's Den
異界の狭間,The Rift
異界の狭間　深層部,The Rift's Inner Depths
異界の狭間・深層部　左淵,The Rift's Inner Depths: Left Pool
異界の狭間・深層部　右淵,The Rift's Inner Depths: Right Pool
唸り猿の縄張り,The Roaring Ape's Territory
王家の墓,The Royal Family Mausoleum
第二のアーク,The Second Ark
歌姫の崖座,The Songstress' Cliff Perch
囚われし戦徒の間,The Space between Captives and Myrmidons
第三のアーク,The Third Ark
橋向かいの坑道,The Tunnel across the Bridge
橋向かいの坑道　危険区域,The Tunnel across the Bridge: Dangerous Area
橋向かいの坑道　広間,The Tunnel across the Bridge: Hall
橋向かいの坑道　鍾乳洞,The Tunnel across the Bridge: Limestone Cave
橋向かいの坑道　鉱石路,The Tunnel across the Bridge: Ore Path
白竜,The White Dragon
白竜神殿レーゼ,The White Dragon Temple
白竜神殿,The White Dragon Temple
白竜神殿レーゼ（中央広場）,The White Dragon Temple (Central Square)
白竜神殿レーゼ（大門前）,The White Dragon Temple (Front Gate)
テア,Thea
テオドール,Theodor
テオドール錬金工房,Theodor's Alchemy Workshop
トマス,Thomas
トマソン,Thomason
トリン,Thorin
ゴロツキ,Thug
ゴロツキリーダー,Thug Leader
轟咆洞,Thundering Roar Cave
轟咆洞 深層部,Thundering Roar Cave Inner Depths
轟咆洞 脇道,Thundering Roar Cave: Byway
ティメル,Timel
トビアス,Tobias
トビー,Toby
トニオ,Tonio
トレアサ,Toreasa
トロッガ,Torogga
イヴァノスの塔,Tower of Ivanos
トユガル,Toyugaru
エルセン商会,Trading Company
修練の祠,Training Chapel
鍛練の小部屋,Training Room
旅人,Traveler
旅の女性ハンター,Traveling Female Hunter
トラバース,Travers
眺樹の丘,Tree Hill View
喧噪の跡地,Tumult Site
双輪の谷,Twin Wheel Valley
ウガウ,Ugau
ウルタ古水路,Ulta Ancient Watercourse
ウルタ古水路 通路,Ulta Ancient Watercourse: Passage
ウルタン,Ultan
地下納骨堂,Underground Crypt
地下通用口,Underground Side Entrance
地下倉庫,Underground Stores
ウルダ,Urda
ウルテカ山岳,Urteca Mountains
欠緑の林,Vacant Green Forest
渓谷の小堂,Valley Chapel
ヴァルテブル・ホール,Valtable Hall
ヴァルテブル・ホール　地下深部,Valtable Hall Deep Underground
ヴァルテブル・ホール　地下最深部,Valtable Hall Deepest Underground
ヴァルテブル・ホール　地下,Valtable Hall Underground
ヴァルテブル・ホール　上部,Valtable Hall Upper Area
ヴァネッサ,Vanessa
ヴァネッサの私室,Vanessa's Private Room
ヴェイガサス回廊,Vegasa Corridor
ヴェイガサス回廊　中央通路,Vegasa Corridor Center Passage
ヴェイガサス回廊　左通路,Vegasa Corridor Left Passage
ヴェイガサス回廊　右通路,Vegasa Corridor Right Passage
バーノン,Vernon
バーサ,Versa
古参の覚者,Veteran Arisen
歴戦の戦士,Veteran Knight
ヴァイスロット,Vicelot
ヴィクトル,Victor
ビデリア,Videlia
助けを求める村人男,Village male seeking help
助けを求める村人女,Village woman seeking help
村の枯れ井戸,Village's Abandoned Well
村人,Villager
訪いの広場,Visiting Square
ボルドー,Volden
ボルド大鉱山,Volden Great Mines
ボルド大坑道,Volden Large Tunnels
ボルド鉱山,Volden Mines
ボルド小坑道,Volden Narrow Tunnels
ヴォーラ,Vora
淀みの渦,Vortex of Stagnation
嘆きの湿原,Wailing Wetland
ウォルト,Walt
ウォルター,Walter
流浪の探究者,Wandering Seeker
ワンゴ,Wango
戦鬼の陣屋,War Demons' Encampment
戦鬼の影穴,War Demons' Hideout
戦の将,War Master
歪みの樹冠,Warped Canopy
ウォリアー,Warrior
水獣の棲み処,Water Beasts' Habitat
取水場跡,Water Channel Ruins
水竜の王,Water Dragon King
水流制御室,Water Flow Control Room
滝鳴洞穴,Waterfall Echo Cavern
滝鳴洞穴　東,Waterfall Echo Cavern East
滝鳴洞穴　北,Waterfall Echo Cavern North
滝鳴洞穴　南,Waterfall Echo Cavern South
滝鳴洞穴　西,Waterfall Echo Cavern West
瀑布の大岩窟,Waterfall Great Cavern
水底の古道,Watersdeep Old Road
物憂げなハーピー,Weary Harpy
屍のすすり泣く地,Weeping Corpse Ground
ダウ渓谷 西側,West Dowe Valley
フェルヤナ荒原 西側,West Feryana Wilderness
暗黒の統べる地　西端,West Land of Darkness
西ミスリウ橋,West Mysree Bridge
ザンドラ禁域 西側,West Zandora Wastelands
ウルテカ山岳 西部,Western Urteca Mountains
船着き場,Wharf
リンウッド組合宿　白鹿亭,White Deer Inn
白衛騎士団員,White Knight
白衛騎士団3,White Knights 3
白砂河原,White Sands Riverbank
ポーン会話用ワイルド,Wild Pawn
ウィルソン,Wilson
ワイニ,Wine
崩れかけたワイン庫,Wine Cellar Ruins
翼風高原,Wing Wind Plateau
ウィニー,Winnie
薄煙の荒れ地,Wispy Wasteland
藤棚の枯井戸,Wisteria Arbor Withering Well
藤棚の枯井戸　中央通路,Wisteria Arbor Withering Well Center Passage
藤棚の枯井戸　最深部,Wisteria Arbor Withering Well Innermost Depths
予備枠,Witness
女,Woman
女性,Woman
子供連れの女性,Woman with children
傷付いた戦士,Wounded Warrior
ヤンクス,Yanks
ヤンクスの武器屋,Yanks' Weapon Shop
イミズディット遺跡,Yimidhitt Ruins
イミズディット遺跡 深層部,Yimidhitt Ruins Inner Depths
イミズディット遺跡 通路,Yimidhitt Ruins: Passage
ヨナス,Yonas
ユーイン,Youin
ユセフ,Youssef
ユイアト,Yuiato
ユーミット,Yumit
ユニ,Yuni
ユーリ,Yuri
ザカリー,Zachary
ザンドラ礼拝堂,Zandora Chapel
ザンドラ灯台,Zandora Lighthouse
ザンドラ禁域,Zandora Wastelands
標の祠　ザンドラ禁域,Zandora Wastelands Shrine
ゼフ,Zef
ゼキ,Zeki
ツエッペリ,Zeppeli
ゼルキン,Zerkin
ゾルタ,Zolta
ゾマ,Zoma
ズール,Zuhl
ズタン,Zutan
【紡ぎし望み】悪しき竜のねぐら,【Spun Hope】 Evil Dragon's Roost
