0,MANDRAGORA_SPECIES_INFO_1,"産まれたばかりのマンドラゴラ
頭部は柔らかく様々な植物の種が付着しており
吸収する養分によって異なる植物が発芽する
同様に個体の性格や特性も変化することがあり
養分と進化の関係は未だ未解明の部分が多い","A newly born Mandragora.
Has a soft head embedded with various seeds.
Different plants will germinate
depending on the nutrients it absorbs.
Its character and special qualities may change.
The link between its cultivation
and growth evolution is still unknown.",ui\00_message\mandragora\mandragora_species_info.gmd,\ui\uGUIEncyclopedia.arc,uGUIEncyclopedia.arc,0,
1,MANDRAGORA_SPECIES_INFO_2,"最も基本的な成長を遂げたマンドラゴラ
古代文献によると祖先は危険性の高い植物
だったが、古代人が長い年月と多くの犠牲を
払い改良した結果、狂気の叫喚と引き換えに
活動的な手足と人懐こさを得たのだという","A Mandragora that has undergone
the most basic growth.
According to ancient texts,
its ancestor was a highly dangerous plant.
After the ancients spent many years
and made a lot of sacrifice to improve it,
it developed limbs and took kindly to people,
though in exchange for its maddening screams.",ui\00_message\mandragora\mandragora_species_info.gmd,\ui\uGUIEncyclopedia.arc,uGUIEncyclopedia.arc,1,
2,MANDRAGORA_SPECIES_INFO_3,"栄養の偏りにより
花を咲かせず成長したマンドラゴラ
この生育状態の個体は丈夫で世話もしやすく
エランの村では親が子供の遊び相手として
与えることも多かったという","Due to the nutrients it received,
this specimen grew into a non-blooming plant.
This Mandragora tends to be strong and healthy,
and needs minimal care.
In the villages of Elan,
parents often give them to children as playmates.",ui\00_message\mandragora\mandragora_species_info.gmd,\ui\uGUIEncyclopedia.arc,uGUIEncyclopedia.arc,2,
3,MANDRAGORA_SPECIES_INFO_4,"固有種の花を咲かせたマンドラゴラ
フィンダムの大地を離れた場所で成長すると
本来の花色である白が強く発色される
かつてエランにいたマンドラゴラ愛好家たちは
この状態から様々な花色の栽培を始めていた","A lively flowering Mandragora native to Phindym.
If grown away from Phindymian soil,
its original white flower will mutate
into other bright colors.
Mandragora enthusiasts from Elan
cultivated flowers with many a varied hue
from this white-blooming species.",ui\00_message\mandragora\mandragora_species_info.gmd,\ui\uGUIEncyclopedia.arc,uGUIEncyclopedia.arc,3,
4,MANDRAGORA_SPECIES_INFO_5,"フィンダム固有種の花を咲かせたマンドラゴラ
野生のマンドラゴラは、大地に染み込んだ
“芯なる樹”の樹液により青い花が
咲きやすいが、原生地以外の土地で
育った個体に青色の花が咲くことは非常に稀","A lively flowering Mandragora native to Phindym.
This wild Mandragora displays a blue flower
due to absorption of sap from the Core Tree 
permeating the soil.
Easy to cultivate, however it's extremely rare
to find blue flowers on an adult specimen
raised outside of their native habitat.",ui\00_message\mandragora\mandragora_species_info.gmd,\ui\uGUIEncyclopedia.arc,uGUIEncyclopedia.arc,4,
5,MANDRAGORA_SPECIES_INFO_6,"フィンダム固有種の花を咲かせたマンドラゴラ
マンドラゴラの赤い花は、恋の花として知られ
フィンダムの若者たちの間で特に人気があった
赤色の花は自然界にはほぼ存在しないため
養根家というブリーダーにより栽培されている","A lively flowering Mandragora native to Phindym.
The red flower of this Mandragora
is also known as the flower of love.
Highly popular amongst the youth of Phindym.
As red Mandraflowers are scarce in the wild,
they are cultivated by breeders in nurseries.",ui\00_message\mandragora\mandragora_species_info.gmd,\ui\uGUIEncyclopedia.arc,uGUIEncyclopedia.arc,5,
6,MANDRAGORA_SPECIES_INFO_7,"フィンダム固有種の花を咲かせたマンドラゴラ
追肥の微かな偏りによって咲くことが多い
一部の地域では黄色は陽の加護色とされ
本種を飼ったり黄マンドラフラワーを髪飾りに
するなどの、お守り植物として愛されていた","A lively flowering Mandragora native to Phindym.
Will often produce such a blossom
due to the particular mix of its fertiliser.
In some regions,
yellow is considered a symbol of solar blessing.
People have cherished this species
as a protective talisman,
with some even keeping them as pets
or adorning their hair with yellow Mandraflowers.",ui\00_message\mandragora\mandragora_species_info.gmd,\ui\uGUIEncyclopedia.arc,uGUIEncyclopedia.arc,6,
7,MANDRAGORA_SPECIES_INFO_8,"フィンダム固有種の花を咲かせたマンドラゴラ
花としては育ちきっているため、この段階から
花色が変化する可能性は無いとされる
フィンダムでの価値は低いが、白竜の治める
レスタニアにおいては最も注目度が高い","A lively flowering Mandragora native to Phindym.
The White Mandraflower has fully grown
and at this stage there is no chance
that its color will change.
While their value in Phindym may be low,
they are highly sought after in Lestania,
where the White Dragon reigns.",ui\00_message\mandragora\mandragora_species_info.gmd,\ui\uGUIEncyclopedia.arc,uGUIEncyclopedia.arc,7,
8,MANDRAGORA_SPECIES_INFO_9,"フィンダム固有種の花が群生したマンドラゴラ
マンドラゴラの花の青色はフィンドブルーと
呼ばれ、格別に重宝されていた
“芯なる樹”の特に濃厚な樹液を吸収した
個体のみが、青く美しい花を群生させる","A Mandragora blooming a triad
of infloresence unique to Phindym.
The blue hue displayed by this specimen
is called Phindymian Blue,
an exceptionally valued color.
It results from the plant absorbing
particularly rich sap from the Core Tree.
Only certain specimens are able to bloom
clusters of these beautiful blue flowers.",ui\00_message\mandragora\mandragora_species_info.gmd,\ui\uGUIEncyclopedia.arc,uGUIEncyclopedia.arc,8,
9,MANDRAGORA_SPECIES_INFO_10,"フィンダム固有種の花が群生したマンドラゴラ
養分豊富でなければ進化の難しい希少種
婚前の娘の家でマンドラゴラがこの種に
進化すると、精霊の祝福を受けたことになり
一族は末永く幸福を得るという","A Mandragora blooming a triad
of infloresence unique to Phindym.
This rare species is difficult to grow
unless it is provided a surplus of nutrients.
It is said that when such a Mandragora
grows in an unmarried daughter's home,
the household will be blessed by spirits
and receive everlasting happiness.",ui\00_message\mandragora\mandragora_species_info.gmd,\ui\uGUIEncyclopedia.arc,uGUIEncyclopedia.arc,9,
10,MANDRAGORA_SPECIES_INFO_11,"フィンダム固有種の花が群生したマンドラゴラ
有機成分の多い土で進化することの多い種
黄花はモスが集まるため、衣類素材には適さず
粗悪な養根家が誤って進化させた本種を
エラン水林に大量遺棄する事件もあった","A Mandragora blooming a triad
of infloresence unique to Phindym.
Often grows in soil rich in organic compounds.
As moths are attracted to the yellow flowers,
it is not suitable as wearable material.
Cultivated by accident, there have been incidents
in Elan Water Grove where unscrupulous breeders
abandoned en masse their undesirable specimens,
upsetting the environmental balance of the area.",ui\00_message\mandragora\mandragora_species_info.gmd,\ui\uGUIEncyclopedia.arc,uGUIEncyclopedia.arc,10,
11,MANDRAGORA_SPECIES_INFO_12,"フィンダム固有種の花が群生したマンドラゴラ
マンドラゴラフラワー属の最成長した姿で
花が枯れると、根部に新たな種が４つ作られる
古い種の落ちる瞬間を見ると眼病を患うという
伝承もあるが実際は不気味なだけで無害である","A Mandragora blooming a triad
of infloresence unique to Phindym.
A fully mature Mandraflower,
forming a dense cluster of blooms.
When the flowers wither,
four new seeds will appear at its roots.
According to legend, those who witness
the moment the ripe seeds fall will suffer
from eye-related ailments, but in reality,
it is perfectly harmless to observe, albeit eerie.",ui\00_message\mandragora\mandragora_species_info.gmd,\ui\uGUIEncyclopedia.arc,uGUIEncyclopedia.arc,11,
12,MANDRAGORA_SPECIES_INFO_13,"胞子が付着し、キノコを成したマンドラゴラ
マンドラゴラの頭皮はクッション状で厚く
侵食胞子の根が脳まで届くことはない
菌を青く発色させるための肥料は希少なため
同系種の中でも特に価値が高い","A Mandragora that had spores embedded
and as a result, sprouted a mushroom.
The Mandragora's scalp is thickly cushioned
and thus the mycelium cannot reach its brain.
The fertilizers used to produce the blue are rare.
This species is particularly valuable.",ui\00_message\mandragora\mandragora_species_info.gmd,\ui\uGUIEncyclopedia.arc,uGUIEncyclopedia.arc,12,
13,MANDRAGORA_SPECIES_INFO_14,"胞子が付着し、キノコを成したマンドラゴラ
キノコ部分は猛毒が含まれているが
適切に処理することで、精力剤の原料にもなる
鮮やかな赤い傘は、観賞用として残す愛好家も
いるが、多くの場合は切り取って処分される","A Mandragora that had spores embedded
and as a result, sprouted a mushroom.
The mushroom itself is poisonous,
but if carefully processed it can be used
as a component for aphrodisiac preparations.
Aficionados leave the brilliant red cap as is,
but most will have it cut off and discarded.",ui\00_message\mandragora\mandragora_species_info.gmd,\ui\uGUIEncyclopedia.arc,uGUIEncyclopedia.arc,13,
14,MANDRAGORA_SPECIES_INFO_15,"胞子が付着し、キノコを成したマンドラゴラ
キノコ部分には、強力な幻覚作用があり
病気などの鎮痛用ハーブに混ぜて使用される
比較的容易に育てられるため
狩りで使用する毒餌に入れることもある","A Mandragora that had spores embedded
and as a result, sprouted a mushroom.
The fungus is potently hallucinogenic.
Easily grown, the mushrooms are mixed with herbs
to treat pain related to illness.
Hunters also use them in poisonous bait.",ui\00_message\mandragora\mandragora_species_info.gmd,\ui\uGUIEncyclopedia.arc,uGUIEncyclopedia.arc,14,
15,MANDRAGORA_SPECIES_INFO_16,"胞子が付着し、キノコを成したマンドラゴラ
モスの幼虫にキノコが寄生したものは
滋養強壮に良いハーブとして重宝されているが
生きたマンドラゴラに寄生することもある
与えた肥料の成分はキノコ部分に蓄えられる","A Mandragora that had spores embedded
and as a result, sprouted a mushroom.
Medicinally, these mushrooms are nourishing
and fortify the body.
There are instances where the mushrooms
parasitize living Mandragora.
Moth larvae often infest the fruiting body.
This is because the nutrients of the fertilizer
absorbed by the Mandragora is accumulated
in the mushroom itself.",ui\00_message\mandragora\mandragora_species_info.gmd,\ui\uGUIEncyclopedia.arc,uGUIEncyclopedia.arc,15,
16,MANDRAGORA_SPECIES_INFO_17,"侵食胞子によるキノコが群生したマンドラゴラ
フィンダーエントの足元で発生することが
観測されており、成長には樹液が関係している
凝縮された竜力とエランの天然水成分は
生物が摂取するには強過ぎるため、毒である","A Mandragora with a troop of mushrooms
caused by inoculation of invasive spores.
These beshroomed Mandragora have been found
growing at the feet of Phindymian Ents.
It appears that Phindymian sap
is required for its growth, in addition to
condensed Dragon Force and Elana Water.
Such rich components render it toxic,
being far too potent for organisms to consume.",ui\00_message\mandragora\mandragora_species_info.gmd,\ui\uGUIEncyclopedia.arc,uGUIEncyclopedia.arc,16,
17,MANDRAGORA_SPECIES_INFO_18,"侵食胞子によるキノコが群生したマンドラゴラ
赤いキノコは“ゲキリンタケ”と呼ばれており
竜の逆鱗のように触れてはいけないものとされ
素手で触れば燃えるような痛みに襲われる
地温の高い、火山地帯に発生しやすいという","A Mandragora with a troop of mushrooms
caused by inoculation of invasive spores.
Said to be forbidden, the red fruiting body
is called the Reverse Scale Mushroom.
One should handle the material with caution.
Much like touching the inverse scale of a dragon,
it will cause a burning pain upon skin contact.
It is commonly found near volcanic areas
with high ground temperatures.",ui\00_message\mandragora\mandragora_species_info.gmd,\ui\uGUIEncyclopedia.arc,uGUIEncyclopedia.arc,17,
18,MANDRAGORA_SPECIES_INFO_19,"侵食胞子によるキノコが群生したマンドラゴラ
頭部のキノコは、水浴び場や調理場にも発生し
フィンダムの一般家庭では駆除対象である
基本的な養分さえあればどこでも育つため
マンドラゴラ栽培により収穫されることが多い","A Mandragora with a troop of mushrooms
caused by inoculation of invasive spores.
These mushrooms are commonly found
in baths and kitchens, making them a target
for eradication in ordinary Phindymian households.
Since they can grow anywhere with basic nutrients,
they are candidates for cultivation.",ui\00_message\mandragora\mandragora_species_info.gmd,\ui\uGUIEncyclopedia.arc,uGUIEncyclopedia.arc,18,
19,MANDRAGORA_SPECIES_INFO_20,"侵食胞子によるキノコが群生したマンドラゴラ
マンドラゴラの頭皮は菌の温床にもなりやすく
その性質を利用したキノコ栽培法も存在する
マンドラゴラキノコを上手く群生させるには、
豊富な原菌と十分な湿度が不可欠である","A Mandragora with a troop of mushrooms
caused by inoculation of invasive spores.
The head is a suitable substrate for fungi,
and there are special cultivation methods
that take advantage of this property.
In order to grow successful clusters of mushrooms,
an abdundance of fungal spores
and sufficient, consistent humidity are essential.",ui\00_message\mandragora\mandragora_species_info.gmd,\ui\uGUIEncyclopedia.arc,uGUIEncyclopedia.arc,19,
20,MANDRAGORA_SPECIES_INFO_21,"固有種の花を咲かせたマンドラゴラ
マンドラフラワーの発色は、肥料から吸収する
色素の他に土壌の状態にも左右される
無機・有機成分のバランスを保つことで
珍しい色の花を発見しやすいという","A lively flowering Mandragora native to Phindym.
The color of the Mandraflower is determined
by soil condition and from fertilizer materials.
By adjusting and maintaining the ratios
of organic and inorganic components,
one can discover flowers of rare colors.",ui\00_message\mandragora\mandragora_species_info.gmd,\ui\uGUIEncyclopedia.arc,uGUIEncyclopedia.arc,20,
21,MANDRAGORA_SPECIES_INFO_22,"固有種の花を群生させたマンドラゴラ
マンドラフラワーの色変化は非常に繊細で
マンドラブーケ種の全ての花を均一な色味に
育てることは難しく、特に紫など非原色系の
花は色がぶれやすいため高い技術が必要である","A Mandragora blooming a triad
of infloresence unique to Phindym.
The flower's color change is a delicate balance.
It is difficult to cultivate a Mandrabouquet
that has all of its flowers display uniform hue
and achieving non-primary colors like purple
requires a great deal of skill.",ui\00_message\mandragora\mandragora_species_info.gmd,\ui\uGUIEncyclopedia.arc,uGUIEncyclopedia.arc,21,
22,MANDRAGORA_SPECIES_INFO_23,"異国の落葉樹が生えたマンドラゴラ
雑多な種子らの中から芽生えた異国の苗木は
種子から推定すると花を持つ落葉樹と思われる
この樹木は豊富な有機肥料と無機肥料そして
時折の水分補給によって美しく開花するという","A Mandragora growing a barren tree
sprouted from among the miscellany of seeds.
The exotic sapling appears to be
a flowering deciduous tree.
It will bloom beautifully if provided with
an abundance of organic and inorganic fertilizers
and occasional watering.",ui\00_message\mandragora\mandragora_species_info.gmd,\ui\uGUIEncyclopedia.arc,uGUIEncyclopedia.arc,22,
23,MANDRAGORA_SPECIES_INFO_24,"異国の樹花を咲かせたマンドラゴラ
花芽の生育期には水を豊富に与え、邪魔な枝を
剪定することで満開の花を咲かせることできる
この樹花を持つマンドラゴラはその花や香りで
周囲の生き物の心を和ませ、穏やかにする","Mandragora with exotic tree blossoms.
It can produce full blooms if watered abundantly
and pruned of interfering branches
while budding during the growing season.
Mandragora with these blossoms
will soothe and calm surrounding creatures
with its flowers and fragrance.",ui\00_message\mandragora\mandragora_species_info.gmd,\ui\uGUIEncyclopedia.arc,uGUIEncyclopedia.arc,23,
24,MANDRAGORA_SPECIES_INFO_25,"異国の樹花が満開に咲いたマンドラゴラ
この樹花の花弁が散る姿は異国情緒があり
一部の愛好家たちに絶大な支持を得ている
花を同時に満開にさせるには
観賞できる期間も短いため非常に価値が高い","Mandragora with an exotic tree in full bloom.
The sight of these flower petals gently falling
is a picturesque and delightful atmosphere.
It has a huge following among some enthusiasts.
The flowers fully blooming at the same time
can only be enjoyed for a short period,
making them highly prized.",ui\00_message\mandragora\mandragora_species_info.gmd,\ui\uGUIEncyclopedia.arc,uGUIEncyclopedia.arc,24,
25,MANDRAGORA_SPECIES_INFO_26,"侵食キノコを成したマンドラゴラ
怪しく艶やかなその傘は、しばしば暗闇で
人々を驚かせるため“ゴーストマッシュ”とも
呼ばれているが、生態には特筆すべき点は無く
染めたい色の色素を集中して与えればよい","A Mandragora sporting a growing mushroom.
Its suspiciously glossy umbrella
often startles people in the dark,
earning its nickname ""Ghost Mushroom,""
but there are no remarkable points
about its ecology, and simply providing
concentrated pigments of the desired hue
will suffice to succesfully cultivate it.",ui\00_message\mandragora\mandragora_species_info.gmd,\ui\uGUIEncyclopedia.arc,uGUIEncyclopedia.arc,25,
26,MANDRAGORA_SPECIES_INFO_27,"侵食キノコを成したマンドラゴラ
その漆黒の傘は有害物などで出来ており
衛生的にあまり良いとは言えないものである
しかし、本人はあまり一般的ではない渋い色に
誇りをもっているため非常に扱いにくい性格","Mandragoras with invasive mushrooms have jet-black caps made of harmful substances, making them unsanitary. However, the individuals take pride in their unconventional and dark colors, making them difficult to handle.",ui\00_message\mandragora\mandragora_species_info.gmd,\ui\uGUIEncyclopedia.arc,uGUIEncyclopedia.arc,26,
27,MANDRAGORA_SPECIES_INFO_28,"侵食キノコを成したマンドラゴラ
自然に馴染む茶色い傘は柔らかく水分を含み
商店などでも野菜として並び始めている
水分や成長剤などで容易に育ち
丸焼きやソテーにするとジューシーで美味","Mandragoras with invasive mushrooms, sporting naturally blending brown caps, are soft and moisture-rich, making them increasingly available in shops as vegetables. They thrive easily with water and growth enhancers, and when grilled or sautéed, they become juicy and delicious.",ui\00_message\mandragora\mandragora_species_info.gmd,\ui\uGUIEncyclopedia.arc,uGUIEncyclopedia.arc,27,
28,MANDRAGORA_SPECIES_INFO_29,"侵食キノコを群生させたマンドラゴラ
紫色のマンドラマッシュルームの表面には
ぬめりがあるため、うっかり踏んでしまうと
床や身体にも付いてしまいなかなか取れない
家庭で育てるには少々難易度の高い種である","Mandragoras with proliferating invasive mushrooms, such as the purple Mandraga Mushroom, have a slippery surface. Accidentally stepping on them can cause the slime to stick to the floor or body, making it difficult to remove. They are somewhat challenging to cultivate at home due to this characteristic.",ui\00_message\mandragora\mandragora_species_info.gmd,\ui\uGUIEncyclopedia.arc,uGUIEncyclopedia.arc,28,
29,MANDRAGORA_SPECIES_INFO_30,"侵食キノコを群生させたマンドラゴラ
群生体のブラウンマッシュルームは食用として
味も良く安価なため急速に広まった
食用キノコの養根家は多頭飼いをするため
その多くが侵食害に悩まされているという","Mandragoras with proliferating invasive mushrooms, such as the Brown Mushroom, have rapidly spread due to their delicious taste and affordability for consumption. Mushroom breeders for culinary purposes often rear multiple specimens, and many of them are troubled by invasive damage.",ui\00_message\mandragora\mandragora_species_info.gmd,\ui\uGUIEncyclopedia.arc,uGUIEncyclopedia.arc,29,
30,MANDRAGORA_SPECIES_INFO_31,"侵食キノコを群生させたマンドラゴラ
黒い傘に覆われたキノコ部分は闇に溶けるため
この種のマンドラゴラは行方不明率が最も高い
近年野良マンドラゴラ問題が顕在化しているが
その4割はこの種だという調査結果も出ている","Mandragoras with proliferating invasive mushrooms, covered by black caps that blend into darkness, have the highest rate of disappearance. Recently, the issue of feral Mandragoras has become prominent, with research showing that 40% of them belong to this species.",ui\00_message\mandragora\mandragora_species_info.gmd,\ui\uGUIEncyclopedia.arc,uGUIEncyclopedia.arc,30,
31,MANDRAGORA_SPECIES_INFO_32,"南方の樹木の若木を生やしたマンドラゴラ
ブリアで時折見つかる南方の樹木の種が
火山地帯の温暖肥料により成長した
原生地の特性から、十分な水やりと豊富な日光
そして毛皮などで防寒対策が必要となる","Mandragoras bearing saplings of southern trees occasionally sprout from seeds of southern trees found in Bria, nurtured by warm volcanic soil. Due to their native habitat, they require adequate watering, abundant sunlight, and protection from the cold with fur and other coverings.",ui\00_message\mandragora\mandragora_species_info.gmd,\ui\uGUIEncyclopedia.arc,uGUIEncyclopedia.arc,31,
32,MANDRAGORA_SPECIES_INFO_33,"南方の樹木を生やしたマンドラゴラ
マンドラココナッツを生やしたマンドラゴラは
非常におおらかかつ陽気なためペットに最適
マンドラココナッツは実を成す種類の植物だが
有機肥料の配合が非常に難しく、その実は希少","Mandragoras growing southern trees, particularly those bearing Mandra Coconuts, are incredibly easygoing and cheerful, making them perfect as pets. Mandra Coconuts are a species that bear fruit, but they require a challenging blend of organic fertilizers, making their fruits rare.",ui\00_message\mandragora\mandragora_species_info.gmd,\ui\uGUIEncyclopedia.arc,uGUIEncyclopedia.arc,32,
33,MANDRAGORA_SPECIES_INFO_34,"南方の樹木の果実を成したマンドラゴラ
マンドラココナッツの実は南方で主食としても
親しまれる栄養価の高い木の実だが非常に硬く
頭上に実が落下した際に、打ちどころが悪いと
そのままマンドラゴラが絶命する危険性もある","Mandragoras bearing fruits of southern trees, particularly Mandra Coconuts, produce highly nutritious nuts that are also a staple food in the south. However, these nuts are extremely hard, and if a fruit falls and hits a Mandragora in a vulnerable spot, it could lead to its demise.",ui\00_message\mandragora\mandragora_species_info.gmd,\ui\uGUIEncyclopedia.arc,uGUIEncyclopedia.arc,33,
34,MANDRAGORA_SPECIES_INFO_35,"雨季に咲く植物を生やしたマンドラゴラ
この植物は土壌成分によって常時色が変化する
魔物由来の安価な液状肥料で容易に色調整が
できるため多くのアマチュア愛好家がおり
酸味成分が青色を強めることが知られている","Mandragoras bearing plants that bloom during the rainy season are characterized by their colors changing constantly based on soil composition. They are easily adjusted in color by inexpensive liquid fertilizers derived from monsters, attracting many amateur enthusiasts. It's known that acidic components enhance the blue hue.",ui\00_message\mandragora\mandragora_species_info.gmd,\ui\uGUIEncyclopedia.arc,uGUIEncyclopedia.arc,34,
35,MANDRAGORA_SPECIES_INFO_36,"雨季に咲く植物を生やしたマンドラゴラ
この植物は土壌成分によって常時色が変化する
魔物由来の安価な液状肥料で容易に色調整が
できるため多くのアマチュア愛好家がおり
苦味成分が赤色を強めることが知られている","Mandragoras bearing plants that bloom during the rainy season have colors that constantly change based on soil composition. With inexpensive liquid fertilizers derived from monsters, enthusiasts can easily adjust the color, leading to a large number of amateur enthusiasts. It's known that bitter components enhance the red hue.",ui\00_message\mandragora\mandragora_species_info.gmd,\ui\uGUIEncyclopedia.arc,uGUIEncyclopedia.arc,35,
36,MANDRAGORA_SPECIES_INFO_37,"雨季に咲く植物を生やしたマンドラゴラ
この植物は土壌成分によって常時色が変化する
魔物由来の安価な液状肥料で容易に色調整が
できるため多くのアマチュア愛好家がおり
色変肥料の純度が低い場合紫色に近付くという","Mandragoras bearing plants that bloom during the rainy season exhibit constant color changes based on soil composition. With inexpensive liquid fertilizers derived from monsters, enthusiasts can easily adjust the color, leading to a large number of amateur enthusiasts. It's known that if the purity of the color-changing fertilizer is low, the color tends to lean towards purple.",ui\00_message\mandragora\mandragora_species_info.gmd,\ui\uGUIEncyclopedia.arc,uGUIEncyclopedia.arc,36,
37,MANDRAGORA_SPECIES_INFO_38,"美しい一輪花を咲かせたマンドラゴラ
マンドラローズは湿気を特に嫌う植物で
さらに肥料も多量に必要な上、茎には棘があり
手間がかかるため、育成難度はかなり高い
しかしその分、花は美しく高値で取引される","Mandragoras bearing beautiful single flowers, such as Mandra Roses, particularly dislike humidity. Additionally, they require large amounts of fertilizer and have thorns on their stems, making them quite labor-intensive to cultivate. Consequently, their cultivation difficulty is quite high. However, their flowers are exceptionally beautiful and fetch high prices in trade.",ui\00_message\mandragora\mandragora_species_info.gmd,\ui\uGUIEncyclopedia.arc,uGUIEncyclopedia.arc,37,
38,MANDRAGORA_SPECIES_INFO_39,"美しい一輪花を咲かせたマンドラゴラ
フィンダム原種に咲く植物としては
青いマンドラローズが最も価値が高い
鮮やかな色を保つには、人工的な着色が未だに
必要で、現在も多くの養根家が研究している","Mandragoras bearing beautiful single flowers, such as the Mandra Rose, are highly valued as plants native to Findam. Among them, the blue Mandra Rose is the most valuable. To maintain its vibrant color, artificial coloring is still necessary, prompting many cultivators to continue researching methods.",ui\00_message\mandragora\mandragora_species_info.gmd,\ui\uGUIEncyclopedia.arc,uGUIEncyclopedia.arc,38,
39,MANDRAGORA_SPECIES_INFO_40,"美しい一輪花を咲かせたマンドラゴラ
情熱的な赤いマンドラローズは発見された途端
瞬く間に大陸中で贈り物の定番となった
花を大きく強く咲かせるためには、無機肥料と
十分な水分を与えることが重要となる","Mandragoras bearing beautiful single flowers, such as the passionate red Mandra Rose, became a staple gift across the continent as soon as they were discovered. To encourage the flowers to bloom vigorously, it's crucial to provide them with ample inorganic fertilizer and sufficient moisture.",ui\00_message\mandragora\mandragora_species_info.gmd,\ui\uGUIEncyclopedia.arc,uGUIEncyclopedia.arc,39,
40,MANDRAGORA_SPECIES_INFO_41,"美しい一輪花を咲かせたマンドラゴラ
黄色のマンドラローズは別れの意味があり
単に目を楽しませる品種として愛でられている
花を大きく強く咲かせるためには、無機肥料と
十分な水分を与えることが重要となる","Mandragoras bearing beautiful single flowers, like the yellow Mandra Rose, symbolize farewells and are cherished as varieties simply for visual enjoyment. To encourage these flowers to bloom vigorously, it's important to provide them with ample inorganic fertilizer and sufficient moisture.",ui\00_message\mandragora\mandragora_species_info.gmd,\ui\uGUIEncyclopedia.arc,uGUIEncyclopedia.arc,40,
41,MANDRAGORA_SPECIES_INFO_42,"美しい一輪花を咲かせたマンドラゴラ
紫色のマンドラローズには気品と威厳があり
敬意を表すにはもってこいの贈り物である
花を大きく強く咲かせるためには、無機肥料と
十分な水分を与えることが重要となる","The beautiful single-flowered Mandragora
The purple Mandra Rose has elegance and dignity,
and is an ideal gift to show respect.
To make these flowers bloom larger and more beautifully,
it's important to provide adequate inorganic fertilizer and sufficient water.",ui\00_message\mandragora\mandragora_species_info.gmd,\ui\uGUIEncyclopedia.arc,uGUIEncyclopedia.arc,41,
42,MANDRAGORA_SPECIES_INFO_43,"美しい一輪花を咲かせたマンドラゴラ
マンドラローズ種は比較的新しい品種のため
様々な色の発色には色素肥料が使われている
花を大きく強く咲かせるためには、無機肥料と
十分な水分を与えることが重要となる","A Mandragora blooming a beautiful flower.
The Mandragora Rose species is relatively new;
various colors are achieved with pigment fertilizers.
To ensure large, robust blooms,
providing adequate inorganic fertilizer
and ample water is essential.",ui\00_message\mandragora\mandragora_species_info.gmd,\ui\uGUIEncyclopedia.arc,uGUIEncyclopedia.arc,42,
43,MANDRAGORA_SPECIES_INFO_44,"美しい一輪花を咲かせたマンドラゴラ
黒い色は吸い込まれるように禍々しく
一部のマニアに熱狂的な人気がある
花を大きく強く咲かせるためには、無機肥料と
十分な水分を与えることが重要となる","A Mandragora blooming a beautiful flower.
The black hue ominously draws fascination
from some enthusiasts fervently.
To ensure large, robust blooms,
providing adequate inorganic fertilizer
and ample water is essential.",ui\00_message\mandragora\mandragora_species_info.gmd,\ui\uGUIEncyclopedia.arc,uGUIEncyclopedia.arc,43,
44,MANDRAGORA_SPECIES_INFO_45,"非常に希少な植物の花を咲かせたマンドラゴラ
青いマンドラフレシアはフィンダム原種にしか
発生が確認されていない極貴重な品種
寄生生物であるため、根部の消耗が激しく
肉や液体肥料で精を付けてやる必要がある","A Mandragora blooming the flower of an extremely rare plant.
The blue Mandrafreesia is an extremely precious variety
only found in the Findam original species.
As a parasitic organism, its root exhaustion is severe,
requiring nourishment with flesh or liquid fertilizers.",ui\00_message\mandragora\mandragora_species_info.gmd,\ui\uGUIEncyclopedia.arc,uGUIEncyclopedia.arc,44,
45,MANDRAGORA_SPECIES_INFO_46,"非常に希少な植物の花を咲かせたマンドラゴラ
最も見られる可能性の高いポピュラーな色だが
死肉のような柄に虫がたかることもある
寄生生物であるため、根部の消耗が激しく
肉や液体肥料で精を付けてやる必要がある","A Mandragora blooming the flower of an extremely rare plant.
While it's the most commonly seen, it may attract insects
due to its pattern resembling rotting flesh.
As a parasitic organism, its root exhaustion is severe,
nourishing with flesh or liquid fertilizers is necessary.",ui\00_message\mandragora\mandragora_species_info.gmd,\ui\uGUIEncyclopedia.arc,uGUIEncyclopedia.arc,45,
46,MANDRAGORA_SPECIES_INFO_47,"非常に希少な植物の花を咲かせたマンドラゴラ
自ら養分を合成することができないため
明るい見た目とは裏腹に、太陽光は好まない
寄生生物であるため、根部の消耗が激しく
肉や液体肥料で精を付けてやる必要がある","非常に希少な植物の花を咲かせたマンドラゴラ
自ら養分を合成することができないため
明るい見た目とは裏腹に、太陽光は好まない
寄生生物であるため、根部の消耗が激しく
肉や液体肥料で精を付けてやる必要がある",ui\00_message\mandragora\mandragora_species_info.gmd,\ui\uGUIEncyclopedia.arc,uGUIEncyclopedia.arc,46,
47,MANDRAGORA_SPECIES_INFO_48,"非常に希少な植物の花を咲かせたマンドラゴラ
感染症に罹った個体から偶然発見される種で
根部に与えた有機肥料によって色が変わる
寄生植物であるため、根部の消耗が激しく
肉や液体肥料で精を付けてやる必要がある","非常に希少な植物の花を咲かせたマンドラゴラ
感染症に罹った個体から偶然発見される種で
根部に与えた有機肥料によって色が変わる
寄生植物であるため、根部の消耗が激しく
肉や液体肥料で精を付けてやる必要がある",ui\00_message\mandragora\mandragora_species_info.gmd,\ui\uGUIEncyclopedia.arc,uGUIEncyclopedia.arc,47,
48,MANDRAGORA_SPECIES_INFO_101,"チリマンドラゴラ科の幼生体
マンドラゴラがフィンダム外に持ち出され
急速に多様なマンドラゴラ系植物が創られた
マンドラゴラを高温肥料で育てることにより
捕食者に灼熱感を与える毒を有するようになる","チリマンドラゴラ科の幼生体
マンドラゴラがフィンダム外に持ち出され
急速に多様なマンドラゴラ系植物が創られた
マンドラゴラを高温肥料で育てることにより
捕食者に灼熱感を与える毒を有するようになる",ui\00_message\mandragora\mandragora_species_info.gmd,\ui\uGUIEncyclopedia.arc,uGUIEncyclopedia.arc,48,
49,MANDRAGORA_SPECIES_INFO_102,"チリマンドラゴラ科の成体
チリマンドラゴラの毒は赤色の元となっており
冷却により、その毒性が弱まる特性がある
また、毒液は防虫や食品加工、染色などへの
有用性が現在期待されている","チリマンドラゴラ科の成体
チリマンドラゴラの毒は赤色の元となっており
冷却により、その毒性が弱まる特性がある
また、毒液は防虫や食品加工、染色などへの
有用性が現在期待されている",ui\00_message\mandragora\mandragora_species_info.gmd,\ui\uGUIEncyclopedia.arc,uGUIEncyclopedia.arc,49,
50,MANDRAGORA_SPECIES_INFO_103,"チリマンドラゴラの観葉体
チリマンドラゴラはフィンダム原生種より
気性が荒いが、中でも花を咲かせず成長した
観葉体は特に凶暴であることが分かっている
子どものいる家庭での育成は推奨できない","チリマンドラゴラの観葉体
チリマンドラゴラはフィンダム原生種より
気性が荒いが、中でも花を咲かせず成長した
観葉体は特に凶暴であることが分かっている
子どものいる家庭での育成は推奨できない",ui\00_message\mandragora\mandragora_species_info.gmd,\ui\uGUIEncyclopedia.arc,uGUIEncyclopedia.arc,50,
51,MANDRAGORA_SPECIES_INFO_104,"固有種の花を咲かせたチリマンドラゴラ
チリマンドラゴラは恒温であり寒さに強いため
冬場の栽培植物として注目されている
特にマンドラフラワーの咲く種は丈夫だが
冷やし過ぎると花が白くなり枯死してしまう","固有種の花を咲かせたチリマンドラゴラ
チリマンドラゴラは恒温であり寒さに強いため
冬場の栽培植物として注目されている
特にマンドラフラワーの咲く種は丈夫だが
冷やし過ぎると花が白くなり枯死してしまう",ui\00_message\mandragora\mandragora_species_info.gmd,\ui\uGUIEncyclopedia.arc,uGUIEncyclopedia.arc,51,
52,MANDRAGORA_SPECIES_INFO_105,"固有種の花を咲かせたチリマンドラゴラ
チリマンドラゴラに水分は必須ではないため
水を与えすぎると変色することがある
仕組みは明らかとなっていないが
目の錯覚説と肥料の成分原因説が有力である","固有種の花を咲かせたチリマンドラゴラ
チリマンドラゴラに水分は必須ではないため
水を与えすぎると変色することがある
仕組みは明らかとなっていないが
目の錯覚説と肥料の成分原因説が有力である",ui\00_message\mandragora\mandragora_species_info.gmd,\ui\uGUIEncyclopedia.arc,uGUIEncyclopedia.arc,52,
53,MANDRAGORA_SPECIES_INFO_106,"固有種の花を咲かせたチリマンドラゴラ
赤い花には根部と同様の熱毒を持っており
花の色は健康のバロメータにもなっている
濃く鮮やかな色であるほど健康な状態であり
花色調整のための冷却は個体に負荷がかかる","固有種の花を咲かせたチリマンドラゴラ
赤い花には根部と同様の熱毒を持っており
花の色は健康のバロメータにもなっている
濃く鮮やかな色であるほど健康な状態であり
花色調整のための冷却は個体に負荷がかかる",ui\00_message\mandragora\mandragora_species_info.gmd,\ui\uGUIEncyclopedia.arc,uGUIEncyclopedia.arc,53,
54,MANDRAGORA_SPECIES_INFO_107,"固有種の花を咲かせたチリマンドラゴラ
熱を奪う水分を与えられ花色が薄くなった種で
毒が和らげられた花弁部は生食できるため
一部の物好きで裕福なレスタニアン達の間では
高値で取引されている","固有種の花を咲かせたチリマンドラゴラ
熱を奪う水分を与えられ花色が薄くなった種で
毒が和らげられた花弁部は生食できるため
一部の物好きで裕福なレスタニアン達の間では
高値で取引されている",ui\00_message\mandragora\mandragora_species_info.gmd,\ui\uGUIEncyclopedia.arc,uGUIEncyclopedia.arc,54,
55,MANDRAGORA_SPECIES_INFO_108,"固有種の花を咲かせたチリマンドラゴラ
冷えて花が白くなったチリマンドラゴラは本来
すぐに死んでしまうほど弱っている状態だが
人間用栄養剤を与えることで生存を保っている
花は特別美しく、50万Gの値がついたことも","固有種の花を咲かせたチリマンドラゴラ
冷えて花が白くなったチリマンドラゴラは本来
すぐに死んでしまうほど弱っている状態だが
人間用栄養剤を与えることで生存を保っている
花は特別美しく、50万Gの値がついたことも",ui\00_message\mandragora\mandragora_species_info.gmd,\ui\uGUIEncyclopedia.arc,uGUIEncyclopedia.arc,55,
56,MANDRAGORA_SPECIES_INFO_109,"固有種の花を群生させたチリマンドラゴラ
チリマンドラゴラ種は人工配合した種のため
様々な花色を育てるには熟練度が必要であり
近年発足したマンドラゴラ・ブリーダー資格の
テストとして定められている","固有種の花を群生させたチリマンドラゴラ
チリマンドラゴラ種は人工配合した種のため
様々な花色を育てるには熟練度が必要であり
近年発足したマンドラゴラ・ブリーダー資格の
テストとして定められている",ui\00_message\mandragora\mandragora_species_info.gmd,\ui\uGUIEncyclopedia.arc,uGUIEncyclopedia.arc,56,
57,MANDRAGORA_SPECIES_INFO_110,"固有種の花を群生させたチリマンドラゴラ
マンドラゴラという植物は雌雄同体であるため
基本的には一個体のみで繁殖が可能だが
チリマンドラゴラは開花しても結実できない
度重なる人工栽培による弊害と考えられている","固有種の花を群生させたチリマンドラゴラ
マンドラゴラという植物は雌雄同体であるため
基本的には一個体のみで繁殖が可能だが
チリマンドラゴラは開花しても結実できない
度重なる人工栽培による弊害と考えられている",ui\00_message\mandragora\mandragora_species_info.gmd,\ui\uGUIEncyclopedia.arc,uGUIEncyclopedia.arc,57,
58,MANDRAGORA_SPECIES_INFO_111,"固有種の花を群生させたチリマンドラゴラ
花は香辛料のような刺激と豊かな香りを持ち
滋養強壮に効果があることが分かっている
雑味のない風味を持つ黄花を育てるためには
自然由来の水資源で生命力を与えることが重要","固有種の花を群生させたチリマンドラゴラ
花は香辛料のような刺激と豊かな香りを持ち
滋養強壮に効果があることが分かっている
雑味のない風味を持つ黄花を育てるためには
自然由来の水資源で生命力を与えることが重要",ui\00_message\mandragora\mandragora_species_info.gmd,\ui\uGUIEncyclopedia.arc,uGUIEncyclopedia.arc,58,
59,MANDRAGORA_SPECIES_INFO_112,"固有種の花を群生させたチリマンドラゴラ
魔力の高い低温肥料によって根温度を極限まで
下げながら、栄養剤によって基幹増強をすると
低温でも枯死せずに純白の花が咲くことがある
高い肥料配合技術が成せる奇跡の品種である","固有種の花を群生させたチリマンドラゴラ
魔力の高い低温肥料によって根温度を極限まで
下げながら、栄養剤によって基幹増強をすると
低温でも枯死せずに純白の花が咲くことがある
高い肥料配合技術が成せる奇跡の品種である",ui\00_message\mandragora\mandragora_species_info.gmd,\ui\uGUIEncyclopedia.arc,uGUIEncyclopedia.arc,59,
60,MANDRAGORA_SPECIES_INFO_113,"胞子によってキノコを成したチリマンドラゴラ
赤い根部と青く光沢あるキノコの組み合わせは
観賞用に人気で、剥製化の研究も進んでいる
キノコ部分は鉱質であり、根部と切り離しても
500年は傷み始めないことが分かっている","胞子によってキノコを成したチリマンドラゴラ
赤い根部と青く光沢あるキノコの組み合わせは
観賞用に人気で、剥製化の研究も進んでいる
キノコ部分は鉱質であり、根部と切り離しても
500年は傷み始めないことが分かっている",ui\00_message\mandragora\mandragora_species_info.gmd,\ui\uGUIEncyclopedia.arc,uGUIEncyclopedia.arc,60,
61,MANDRAGORA_SPECIES_INFO_114,"胞子によってキノコを成したチリマンドラゴラ
固有毒にも耐えうるこのキノコの成体は珍しく
自然下では、地中の鉱石に根を張り成長する
特に宝石の原石に宿ったものは貴重とされ
その石の色を映した美しい姿になるという","胞子によってキノコを成したチリマンドラゴラ
固有毒にも耐えうるこのキノコの成体は珍しく
自然下では、地中の鉱石に根を張り成長する
特に宝石の原石に宿ったものは貴重とされ
その石の色を映した美しい姿になるという",ui\00_message\mandragora\mandragora_species_info.gmd,\ui\uGUIEncyclopedia.arc,uGUIEncyclopedia.arc,61,
62,MANDRAGORA_SPECIES_INFO_115,"胞子によってキノコを成したチリマンドラゴラ
黄石英などに発生したキノコは黄味がかった
色合いになることが多い
レスタニアの伝承では、このような茸石は
特別な魔力を持っていると信じられている","胞子によってキノコを成したチリマンドラゴラ
黄石英などに発生したキノコは黄味がかった
色合いになることが多い
レスタニアの伝承では、このような茸石は
特別な魔力を持っていると信じられている",ui\00_message\mandragora\mandragora_species_info.gmd,\ui\uGUIEncyclopedia.arc,uGUIEncyclopedia.arc,62,
63,MANDRAGORA_SPECIES_INFO_116,"胞子によってキノコを成したチリマンドラゴラ
最も強力な魔石である水晶から出来た茸石は
ピュアホワイトの美を誇り、高い価値を持つ
キノコを食すことで水晶の魔力を取り込めると
謳われているが、科学的には未検証である","胞子によってキノコを成したチリマンドラゴラ
最も強力な魔石である水晶から出来た茸石は
ピュアホワイトの美を誇り、高い価値を持つ
キノコを食すことで水晶の魔力を取り込めると
謳われているが、科学的には未検証である",ui\00_message\mandragora\mandragora_species_info.gmd,\ui\uGUIEncyclopedia.arc,uGUIEncyclopedia.arc,63,
64,MANDRAGORA_SPECIES_INFO_117,"キノコが群生したチリマンドラゴラ
自然下では、茸石は湿度と温度の適した
鍾乳洞などで発生することが確認されている
チリマンドラゴラの頭部は生育環境として優れ
湿度を保たせることで突鉱のように群生する","キノコが群生したチリマンドラゴラ
自然下では、茸石は湿度と温度の適した
鍾乳洞などで発生することが確認されている
チリマンドラゴラの頭部は生育環境として優れ
湿度を保たせることで突鉱のように群生する",ui\00_message\mandragora\mandragora_species_info.gmd,\ui\uGUIEncyclopedia.arc,uGUIEncyclopedia.arc,64,
65,MANDRAGORA_SPECIES_INFO_118,"キノコが群生したチリマンドラゴラ
茸石は、キノコが均等な大きさで群生した頃に
頭部にはめ込んだ宝石ごと収穫する
生育湿度が不十分だと菌糸が根部にまで及び
収穫時に脳を傷つけてしまうことがある","キノコが群生したチリマンドラゴラ
茸石は、キノコが均等な大きさで群生した頃に
頭部にはめ込んだ宝石ごと収穫する
生育湿度が不十分だと菌糸が根部にまで及び
収穫時に脳を傷つけてしまうことがある",ui\00_message\mandragora\mandragora_species_info.gmd,\ui\uGUIEncyclopedia.arc,uGUIEncyclopedia.arc,65,
66,MANDRAGORA_SPECIES_INFO_119,"キノコが群生したチリマンドラゴラ
連なる黄金の傘が金貨の山に見えることから
別名「金茸石」とも呼ばれ、商人に人気がある
トパーズは直射日光により脱色しやすいため
布や紙などで覆いを作って育てる必要がある","キノコが群生したチリマンドラゴラ
連なる黄金の傘が金貨の山に見えることから
別名「金茸石」とも呼ばれ、商人に人気がある
トパーズは直射日光により脱色しやすいため
布や紙などで覆いを作って育てる必要がある",ui\00_message\mandragora\mandragora_species_info.gmd,\ui\uGUIEncyclopedia.arc,uGUIEncyclopedia.arc,66,
67,MANDRAGORA_SPECIES_INFO_120,"キノコが群生したチリマンドラゴラ
水晶には自浄作用があるためそのままでは
キノコが成長しにくい環境になってしまう
群生させるためには継続的な植菌と培養が必要
茸石の中では最も価値の高い種とされている","キノコが群生したチリマンドラゴラ
水晶には自浄作用があるためそのままでは
キノコが成長しにくい環境になってしまう
群生させるためには継続的な植菌と培養が必要
茸石の中では最も価値の高い種とされている",ui\00_message\mandragora\mandragora_species_info.gmd,\ui\uGUIEncyclopedia.arc,uGUIEncyclopedia.arc,67,
68,MANDRAGORA_SPECIES_INFO_121,"異国の落葉樹が生えたチリマンドラゴラ
チリマンドラゴラに生える樹花は
マンドラゴラなどに生える樹花と似ているが
別品種であり、香りと赤みがより強い
花芽を増やすには有機肥料が必要","異国の落葉樹が生えたチリマンドラゴラ
チリマンドラゴラに生える樹花は
マンドラゴラなどに生える樹花と似ているが
別品種であり、香りと赤みがより強い
花芽を増やすには有機肥料が必要",ui\00_message\mandragora\mandragora_species_info.gmd,\ui\uGUIEncyclopedia.arc,uGUIEncyclopedia.arc,68,
69,MANDRAGORA_SPECIES_INFO_122,"異国の樹花を咲かせたチリマンドラゴラ
チリマンドラゴラ種に生える樹花がつける実は
非常に香り高く、酒やジャムなどに使用される
基本的な花蕾育成肥料に加え、即効性のある
栄養剤を多く与えることで実が増えるという","異国の樹花を咲かせたチリマンドラゴラ
チリマンドラゴラ種に生える樹花がつける実は
非常に香り高く、酒やジャムなどに使用される
基本的な花蕾育成肥料に加え、即効性のある
栄養剤を多く与えることで実が増えるという",ui\00_message\mandragora\mandragora_species_info.gmd,\ui\uGUIEncyclopedia.arc,uGUIEncyclopedia.arc,69,
70,MANDRAGORA_SPECIES_INFO_123,"異国の樹花が満開に咲いたチリマンドラゴラ
薄紅色の花は強い香りを放ち害虫を遠ざける
効果がある上に、花持ちも良いため
ノーマル種の樹花と共に育てる養根家が多い
しかし、気が荒いため喧嘩には注意が必要","異国の樹花が満開に咲いたチリマンドラゴラ
薄紅色の花は強い香りを放ち害虫を遠ざける
効果がある上に、花持ちも良いため
ノーマル種の樹花と共に育てる養根家が多い
しかし、気が荒いため喧嘩には注意が必要",ui\00_message\mandragora\mandragora_species_info.gmd,\ui\uGUIEncyclopedia.arc,uGUIEncyclopedia.arc,70,
71,MANDRAGORA_SPECIES_INFO_124,"雨季に咲く植物を生やしたチリマンドラゴラ
この植物は土壌成分によって常時色が変化する
酸味成分が青色を強めることが知られているが
チリマンドラゴラは根部が非常に乾燥しやすく
十分な湿度を保つことが育成に重要となる","雨季に咲く植物を生やしたチリマンドラゴラ
この植物は土壌成分によって常時色が変化する
酸味成分が青色を強めることが知られているが
チリマンドラゴラは根部が非常に乾燥しやすく
十分な湿度を保つことが育成に重要となる",ui\00_message\mandragora\mandragora_species_info.gmd,\ui\uGUIEncyclopedia.arc,uGUIEncyclopedia.arc,71,
72,MANDRAGORA_SPECIES_INFO_125,"雨季に咲く植物を生やしたチリマンドラゴラ
この植物は土壌成分によって常時色が変化する
苦味成分が赤色を強めることが知られているが
チリマンドラゴラは根部が非常に乾燥しやすく
十分な湿度を保つことが育成に重要となる","雨季に咲く植物を生やしたチリマンドラゴラ
この植物は土壌成分によって常時色が変化する
苦味成分が赤色を強めることが知られているが
チリマンドラゴラは根部が非常に乾燥しやすく
十分な湿度を保つことが育成に重要となる",ui\00_message\mandragora\mandragora_species_info.gmd,\ui\uGUIEncyclopedia.arc,uGUIEncyclopedia.arc,72,
73,MANDRAGORA_SPECIES_INFO_126,"雨季に咲く植物を生やしたチリマンドラゴラ
この植物は土壌成分によって常時色が変化し
色変肥料の純度が低い場合紫色に近付くという
チリマンドラゴラは根部が非常に乾燥しやすく
十分な湿度を保つことが育成に重要となる","雨季に咲く植物を生やしたチリマンドラゴラ
この植物は土壌成分によって常時色が変化し
色変肥料の純度が低い場合紫色に近付くという
チリマンドラゴラは根部が非常に乾燥しやすく
十分な湿度を保つことが育成に重要となる",ui\00_message\mandragora\mandragora_species_info.gmd,\ui\uGUIEncyclopedia.arc,uGUIEncyclopedia.arc,73,
74,MANDRAGORA_SPECIES_INFO_127,"美しい一輪花を咲かせたチリマンドラゴラ
全身に血を浴びたかのように真っ赤な姿だが
性格は至って温厚で寂しがり屋である
十分な有機肥料さえあれば、特別な育成が
無くとも真っ赤に育つため重宝されている","美しい一輪花を咲かせたチリマンドラゴラ
全身に血を浴びたかのように真っ赤な姿だが
性格は至って温厚で寂しがり屋である
十分な有機肥料さえあれば、特別な育成が
無くとも真っ赤に育つため重宝されている",ui\00_message\mandragora\mandragora_species_info.gmd,\ui\uGUIEncyclopedia.arc,uGUIEncyclopedia.arc,74,
75,MANDRAGORA_SPECIES_INFO_128,"美しい一輪花を咲かせたチリマンドラゴラ
活発で人懐こい性格だが、スキンシップは棘の
処理を適切に行った後でなければ危険である
十分な有機肥料さえあれば、特別な育成が
無くとも真っ赤に育つため重宝されている","美しい一輪花を咲かせたチリマンドラゴラ
活発で人懐こい性格だが、スキンシップは棘の
処理を適切に行った後でなければ危険である
十分な有機肥料さえあれば、特別な育成が
無くとも真っ赤に育つため重宝されている",ui\00_message\mandragora\mandragora_species_info.gmd,\ui\uGUIEncyclopedia.arc,uGUIEncyclopedia.arc,75,
76,MANDRAGORA_SPECIES_INFO_129,"美しい一輪花を咲かせたチリマンドラゴラ
真っ赤な根部から生える真っ白な花は
その白さがより際立ち、格別に愛されている
チリマンドラゴラ種に純白のマンドラローズを
咲かせるためは、人工染料が最も手軽とされる","美しい一輪花を咲かせたチリマンドラゴラ
真っ赤な根部から生える真っ白な花は
その白さがより際立ち、格別に愛されている
チリマンドラゴラ種に純白のマンドラローズを
咲かせるためは、人工染料が最も手軽とされる",ui\00_message\mandragora\mandragora_species_info.gmd,\ui\uGUIEncyclopedia.arc,uGUIEncyclopedia.arc,76,
77,MANDRAGORA_SPECIES_INFO_130,"非常に希少な花が咲いたチリマンドラゴラ
謎多きマンドラフレシアだがチリ系は持ち前の
高体温により咲きやすいといった報告もある
開花を早めるには、十分な有機肥料の他に
たっぷりの水分を与えると良いなどの噂もある","非常に希少な花が咲いたチリマンドラゴラ
謎多きマンドラフレシアだがチリ系は持ち前の
高体温により咲きやすいといった報告もある
開花を早めるには、十分な有機肥料の他に
たっぷりの水分を与えると良いなどの噂もある",ui\00_message\mandragora\mandragora_species_info.gmd,\ui\uGUIEncyclopedia.arc,uGUIEncyclopedia.arc,77,
78,MANDRAGORA_SPECIES_INFO_131,"非常に希少な花が咲いたチリマンドラゴラ
格別に美しく臭いも強烈な植物だが、触れると
粘りのある取れにくい花粉が付着するので注意
やはり色は成長過程で人工着色する必要があり
萎れた花の汁は染料としても利用ができるほど","非常に希少な花が咲いたチリマンドラゴラ
格別に美しく臭いも強烈な植物だが、触れると
粘りのある取れにくい花粉が付着するので注意
やはり色は成長過程で人工着色する必要があり
萎れた花の汁は染料としても利用ができるほど",ui\00_message\mandragora\mandragora_species_info.gmd,\ui\uGUIEncyclopedia.arc,uGUIEncyclopedia.arc,78,
79,MANDRAGORA_SPECIES_INFO_201,"産まれたばかりのアルビノマンドラゴラ
色素異常によって偶然生まれたとされているが
人の手によって１つの品種として残された
強い日差しに弱く、日差しを遮りながら育てて
やると丈夫に育ちやすいことが分かっている","産まれたばかりのアルビノマンドラゴラ
色素異常によって偶然生まれたとされているが
人の手によって１つの品種として残された
強い日差しに弱く、日差しを遮りながら育てて
やると丈夫に育ちやすいことが分かっている",ui\00_message\mandragora\mandragora_species_info.gmd,\ui\uGUIEncyclopedia.arc,uGUIEncyclopedia.arc,79,
80,MANDRAGORA_SPECIES_INFO_202,"基本的な成長を遂げたアルビノマンドラゴラ
アルビノは植物的身体構造を持ちながら
太陽光に弱いため、開花時などの養分を多く
消費する時期には、豊富な養分だけでなく
布などで覆い、保護する必要がある","基本的な成長を遂げたアルビノマンドラゴラ
アルビノは植物的身体構造を持ちながら
太陽光に弱いため、開花時などの養分を多く
消費する時期には、豊富な養分だけでなく
布などで覆い、保護する必要がある",ui\00_message\mandragora\mandragora_species_info.gmd,\ui\uGUIEncyclopedia.arc,uGUIEncyclopedia.arc,80,
81,MANDRAGORA_SPECIES_INFO_203,"栄養の偏りにより　　　
花を咲かせず成長したアルビノマンドラゴラ
アルビノ種の育成に慣れない駆け出し養根家が
陥りやすい育成の谷と呼ばれている
開花養分や遮光素材不足の場合が多い","栄養の偏りにより　　　
花を咲かせず成長したアルビノマンドラゴラ
アルビノ種の育成に慣れない駆け出し養根家が
陥りやすい育成の谷と呼ばれている
開花養分や遮光素材不足の場合が多い",ui\00_message\mandragora\mandragora_species_info.gmd,\ui\uGUIEncyclopedia.arc,uGUIEncyclopedia.arc,81,
82,MANDRAGORA_SPECIES_INFO_204,"固有種の花を咲かせたアルビノマンドラゴラ
肥料を経口摂取するアルビノ種には人間の
模倣行動がよく見られ、植物でありながら
肉や草などを好む個体も発見されている
濃縮された肥料の色素は頭部に強く反映される","固有種の花を咲かせたアルビノマンドラゴラ
肥料を経口摂取するアルビノ種には人間の
模倣行動がよく見られ、植物でありながら
肉や草などを好む個体も発見されている
濃縮された肥料の色素は頭部に強く反映される",ui\00_message\mandragora\mandragora_species_info.gmd,\ui\uGUIEncyclopedia.arc,uGUIEncyclopedia.arc,82,
83,MANDRAGORA_SPECIES_INFO_205,"固有種の花を咲かせたアルビノマンドラゴラ
アルビノ種は大食漢であり、手足の根毛から
だけでなく前部の口のように開閉する穴からも
直接養分を摂取し、頭部植物へ吸収できる
そのため味覚に近い感覚器官が発達している","固有種の花を咲かせたアルビノマンドラゴラ
アルビノ種は大食漢であり、手足の根毛から
だけでなく前部の口のように開閉する穴からも
直接養分を摂取し、頭部植物へ吸収できる
そのため味覚に近い感覚器官が発達している",ui\00_message\mandragora\mandragora_species_info.gmd,\ui\uGUIEncyclopedia.arc,uGUIEncyclopedia.arc,83,
84,MANDRAGORA_SPECIES_INFO_206,"固有種の花を咲かせたアルビノマンドラゴラ
研究のためアルビノ種に肉のみを与えていた
ある研究者が突如行方不明となる事件があった
肉の味を覚えたアルビノマンドラゴラには
十分な注意が必要である","固有種の花を咲かせたアルビノマンドラゴラ
研究のためアルビノ種に肉のみを与えていた
ある研究者が突如行方不明となる事件があった
肉の味を覚えたアルビノマンドラゴラには
十分な注意が必要である",ui\00_message\mandragora\mandragora_species_info.gmd,\ui\uGUIEncyclopedia.arc,uGUIEncyclopedia.arc,84,
85,MANDRAGORA_SPECIES_INFO_207,"固有種の花を咲かせたアルビノマンドラゴラ
アルビノ種は養分吸収の多くを口穴から
摂取するため鉱物などは肥料として適さないが
一方で、大型魔物の骨などは容易くかみ砕く
見た目に反して逞しく野生的な面もある","固有種の花を咲かせたアルビノマンドラゴラ
アルビノ種は養分吸収の多くを口穴から
摂取するため鉱物などは肥料として適さないが
一方で、大型魔物の骨などは容易くかみ砕く
見た目に反して逞しく野生的な面もある",ui\00_message\mandragora\mandragora_species_info.gmd,\ui\uGUIEncyclopedia.arc,uGUIEncyclopedia.arc,85,
86,MANDRAGORA_SPECIES_INFO_208,"固有種の花を咲かせたアルビノマンドラゴラ
紫のマンドラフラワーは主に染料の素材として
重宝されているが、特にアルビノ種の染料は
混じりけがなく高価で取引されている
その紫は、様々な自然色素の凝縮である","固有種の花を咲かせたアルビノマンドラゴラ
紫のマンドラフラワーは主に染料の素材として
重宝されているが、特にアルビノ種の染料は
混じりけがなく高価で取引されている
その紫は、様々な自然色素の凝縮である",ui\00_message\mandragora\mandragora_species_info.gmd,\ui\uGUIEncyclopedia.arc,uGUIEncyclopedia.arc,86,
87,MANDRAGORA_SPECIES_INFO_209,"固有種の花を咲かせたアルビノマンドラゴラ
純白の姿は一部に畏怖や憧憬を抱かせるもので
祝事などの儀式道具に利用される過去もあった
今では愛護の観点から反対する養根家も多いが
未だに誤解されることの多い種である","固有種の花を咲かせたアルビノマンドラゴラ
純白の姿は一部に畏怖や憧憬を抱かせるもので
祝事などの儀式道具に利用される過去もあった
今では愛護の観点から反対する養根家も多いが
未だに誤解されることの多い種である",ui\00_message\mandragora\mandragora_species_info.gmd,\ui\uGUIEncyclopedia.arc,uGUIEncyclopedia.arc,87,
88,MANDRAGORA_SPECIES_INFO_210,"固有種の花を群生させたアルビノマンドラゴラ
アルビノ種は元来持つ色素が少ないため
肥料から採る色素が非常に重要である
人の与える様々な有機肥料よりもマンドラゴラ
由来の肥料の方が、鮮やかな発色になるという","固有種の花を群生させたアルビノマンドラゴラ
アルビノ種は元来持つ色素が少ないため
肥料から採る色素が非常に重要である
人の与える様々な有機肥料よりもマンドラゴラ
由来の肥料の方が、鮮やかな発色になるという",ui\00_message\mandragora\mandragora_species_info.gmd,\ui\uGUIEncyclopedia.arc,uGUIEncyclopedia.arc,88,
89,MANDRAGORA_SPECIES_INFO_211,"固有種の花を群生させたアルビノマンドラゴラ
マンドラゴラの葉や花は人間にとって有毒だが
マンドラゴラの飼育用としては完全肥料である
アルビノ種に与えれば艶やかに美しく育つが
共食いの倫理的問題が論争を巻き起こしている","固有種の花を群生させたアルビノマンドラゴラ
マンドラゴラの葉や花は人間にとって有毒だが
マンドラゴラの飼育用としては完全肥料である
アルビノ種に与えれば艶やかに美しく育つが
共食いの倫理的問題が論争を巻き起こしている",ui\00_message\mandragora\mandragora_species_info.gmd,\ui\uGUIEncyclopedia.arc,uGUIEncyclopedia.arc,89,
90,MANDRAGORA_SPECIES_INFO_212,"固有種の花を群生させたアルビノマンドラゴラ
マンドラフラワーは人間にとっては有毒だが
マンドラゴラの飼育用としては完全肥料である
共食いという過程を経て育成された個体は
野性の特性が強化されより攻撃的になる","固有種の花を群生させたアルビノマンドラゴラ
マンドラフラワーは人間にとっては有毒だが
マンドラゴラの飼育用としては完全肥料である
共食いという過程を経て育成された個体は
野性の特性が強化されより攻撃的になる",ui\00_message\mandragora\mandragora_species_info.gmd,\ui\uGUIEncyclopedia.arc,uGUIEncyclopedia.arc,90,
91,MANDRAGORA_SPECIES_INFO_213,"固有種の花を群生させたアルビノマンドラゴラ
紫のマンドラフラワー群生体は非常に希少で
他種が花を食まないよう隔離され育成される
原生地でも同様に育てられてきた歴史を持ち
気位が高く自己中心的な気質が全体に見られる","固有種の花を群生させたアルビノマンドラゴラ
紫のマンドラフラワー群生体は非常に希少で
他種が花を食まないよう隔離され育成される
原生地でも同様に育てられてきた歴史を持ち
気位が高く自己中心的な気質が全体に見られる",ui\00_message\mandragora\mandragora_species_info.gmd,\ui\uGUIEncyclopedia.arc,uGUIEncyclopedia.arc,91,
92,MANDRAGORA_SPECIES_INFO_214,"固有種の花を群生させたアルビノマンドラゴラ
マンドラゴラの複数栽培環境下では
アルビノ種が他種の頭部植物を食むことがあり
マンドラゴラ科で初めての共食いが確認された
命は奪わないよう根部には手を出さないようだ","固有種の花を群生させたアルビノマンドラゴラ
マンドラゴラの複数栽培環境下では
アルビノ種が他種の頭部植物を食むことがあり
マンドラゴラ科で初めての共食いが確認された
命は奪わないよう根部には手を出さないようだ",ui\00_message\mandragora\mandragora_species_info.gmd,\ui\uGUIEncyclopedia.arc,uGUIEncyclopedia.arc,92,
93,MANDRAGORA_SPECIES_INFO_215,"異国の落葉樹が生えたアルビノマンドラゴラ
白い樹肌のアルビノ種とこの落葉樹の
組み合わせは「コマチ」という別名を持つ
花芽形成の時期に水分を十分に与え、根部にも
有機肥料を与え肥やしてやることが重要である","異国の落葉樹が生えたアルビノマンドラゴラ
白い樹肌のアルビノ種とこの落葉樹の
組み合わせは「コマチ」という別名を持つ
花芽形成の時期に水分を十分に与え、根部にも
有機肥料を与え肥やしてやることが重要である",ui\00_message\mandragora\mandragora_species_info.gmd,\ui\uGUIEncyclopedia.arc,uGUIEncyclopedia.arc,93,
94,MANDRAGORA_SPECIES_INFO_216,"異国の樹花を咲かせたアルビノマンドラゴラ
一般的にマンドラゴラの頭部で育った落葉樹は
花の寿命が長く、時が止まった様と称される
しかしこの樹の花や葉は香り高く美味なため
アルビノ種は自ら毟り食べてしまうこともある","異国の樹花を咲かせたアルビノマンドラゴラ
一般的にマンドラゴラの頭部で育った落葉樹は
花の寿命が長く、時が止まった様と称される
しかしこの樹の花や葉は香り高く美味なため
アルビノ種は自ら毟り食べてしまうこともある",ui\00_message\mandragora\mandragora_species_info.gmd,\ui\uGUIEncyclopedia.arc,uGUIEncyclopedia.arc,94,
95,MANDRAGORA_SPECIES_INFO_217,"異国の樹花が満開のアルビノマンドラゴラ
アルビノ種で咲かせることが難しいこの樹を
育て上げるには、非常に高い技術を要する
アルビノ種は香り高い花芽を食べてしまうため
マンドラカラーという器具を取り付けることも","異国の樹花が満開のアルビノマンドラゴラ
アルビノ種で咲かせることが難しいこの樹を
育て上げるには、非常に高い技術を要する
アルビノ種は香り高い花芽を食べてしまうため
マンドラカラーという器具を取り付けることも",ui\00_message\mandragora\mandragora_species_info.gmd,\ui\uGUIEncyclopedia.arc,uGUIEncyclopedia.arc,95,
96,MANDRAGORA_SPECIES_INFO_218,"侵食キノコを成したアルビノマンドラゴラ
侵食による食欲増進の弊害によって
なんでも口に入れ、雑食な動物的側面が強い
しかしその分、何が進化の決め手となるか
分かりづらく、数多の養根家を悩ませている","侵食キノコを成したアルビノマンドラゴラ
侵食による食欲増進の弊害によって
なんでも口に入れ、雑食な動物的側面が強い
しかしその分、何が進化の決め手となるか
分かりづらく、数多の養根家を悩ませている",ui\00_message\mandragora\mandragora_species_info.gmd,\ui\uGUIEncyclopedia.arc,uGUIEncyclopedia.arc,96,
97,MANDRAGORA_SPECIES_INFO_219,"侵食キノコを成したアルビノマンドラゴラ
鮮やかな赤は気が荒く、血の気の多い魔物を
好んで捕食した場合に色づくと言われている
個体自体も気性が激しく、肉をよく好むが
キノコの成長にはバランスの良い栄養が大切","侵食キノコを成したアルビノマンドラゴラ
鮮やかな赤は気が荒く、血の気の多い魔物を
好んで捕食した場合に色づくと言われている
個体自体も気性が激しく、肉をよく好むが
キノコの成長にはバランスの良い栄養が大切",ui\00_message\mandragora\mandragora_species_info.gmd,\ui\uGUIEncyclopedia.arc,uGUIEncyclopedia.arc,97,
98,MANDRAGORA_SPECIES_INFO_220,"侵食キノコを成したアルビノマンドラゴラ
ベルベットのように非常に滑らかで美しく
またこの紫を発色するための肥料も非常に高価
古代の貝塚からは大量の巻貝が発掘されるが
紫色の染料を集め権力者へ捧げたためである","侵食キノコを成したアルビノマンドラゴラ
ベルベットのように非常に滑らかで美しく
またこの紫を発色するための肥料も非常に高価
古代の貝塚からは大量の巻貝が発掘されるが
紫色の染料を集め権力者へ捧げたためである",ui\00_message\mandragora\mandragora_species_info.gmd,\ui\uGUIEncyclopedia.arc,uGUIEncyclopedia.arc,98,
99,MANDRAGORA_SPECIES_INFO_221,"侵食キノコを成したアルビノマンドラゴラ
侵食により食欲の増したアルビノ種は
小型の魔物なら角や牙までも丸呑みするため
角や牙の粉末を絵具の材料とするモローでは
害獣として駆除されることもあるという","侵食キノコを成したアルビノマンドラゴラ
侵食により食欲の増したアルビノ種は
小型の魔物なら角や牙までも丸呑みするため
角や牙の粉末を絵具の材料とするモローでは
害獣として駆除されることもあるという",ui\00_message\mandragora\mandragora_species_info.gmd,\ui\uGUIEncyclopedia.arc,uGUIEncyclopedia.arc,99,
100,MANDRAGORA_SPECIES_INFO_222,"侵食キノコを成したアルビノマンドラゴラ
アルビノ種に生えるキノコは、色は鮮やかだが
無機物が多く含まれており食用には向かない
鮮やかな色及び成分は、アルビノ種が摂取する
小型の魔物などの角や牙が由来している","侵食キノコを成したアルビノマンドラゴラ
アルビノ種に生えるキノコは、色は鮮やかだが
無機物が多く含まれており食用には向かない
鮮やかな色及び成分は、アルビノ種が摂取する
小型の魔物などの角や牙が由来している",ui\00_message\mandragora\mandragora_species_info.gmd,\ui\uGUIEncyclopedia.arc,uGUIEncyclopedia.arc,100,
101,MANDRAGORA_SPECIES_INFO_223,"侵食キノコを成したアルビノマンドラゴラ
牙の多い獣系の魔物が多く生息している地域に
発生しやすいマンドラゴラ
雑多な魔物の牙の硬質成分を溶かす強酸を持つ
美味しそうな見た目に反し取り扱いには要注意","侵食キノコを成したアルビノマンドラゴラ
牙の多い獣系の魔物が多く生息している地域に
発生しやすいマンドラゴラ
雑多な魔物の牙の硬質成分を溶かす強酸を持つ
美味しそうな見た目に反し取り扱いには要注意",ui\00_message\mandragora\mandragora_species_info.gmd,\ui\uGUIEncyclopedia.arc,uGUIEncyclopedia.arc,101,
102,MANDRAGORA_SPECIES_INFO_224,"侵食キノコを成したアルビノマンドラゴラ
フィンダムでは、消し炭など食べ物とは
程遠い物を与えられたマンドラゴラが死ぬと
黒いキノコが生え、うっかり踏んだ主人を
死に至らしめるという寓話が存在する","侵食キノコを成したアルビノマンドラゴラ
フィンダムでは、消し炭など食べ物とは
程遠い物を与えられたマンドラゴラが死ぬと
黒いキノコが生え、うっかり踏んだ主人を
死に至らしめるという寓話が存在する",ui\00_message\mandragora\mandragora_species_info.gmd,\ui\uGUIEncyclopedia.arc,uGUIEncyclopedia.arc,102,
103,MANDRAGORA_SPECIES_INFO_225,"侵食キノコを群生したアルビノマンドラゴラ
アルビノ種はその見た目からノーマル種より
弱い個体だと思われがちだが、実際は多様な
養分によりノーマル種よりも逞しく育ちやすい
群生したキノコは重さ10kg以上もある","侵食キノコを群生したアルビノマンドラゴラ
アルビノ種はその見た目からノーマル種より
弱い個体だと思われがちだが、実際は多様な
養分によりノーマル種よりも逞しく育ちやすい
群生したキノコは重さ10kg以上もある",ui\00_message\mandragora\mandragora_species_info.gmd,\ui\uGUIEncyclopedia.arc,uGUIEncyclopedia.arc,103,
104,MANDRAGORA_SPECIES_INFO_226,"侵食キノコが群生したアルビノマンドラゴラ
血のように赤い目と傘はフィンダムの子供の
恐怖の対象となり、躾によく持ち出されている
しかしレスタニアの覚者によって多くの情報が
もたらされた近年の子供達には効果が薄い","侵食キノコが群生したアルビノマンドラゴラ
血のように赤い目と傘はフィンダムの子供の
恐怖の対象となり、躾によく持ち出されている
しかしレスタニアの覚者によって多くの情報が
もたらされた近年の子供達には効果が薄い",ui\00_message\mandragora\mandragora_species_info.gmd,\ui\uGUIEncyclopedia.arc,uGUIEncyclopedia.arc,104,
105,MANDRAGORA_SPECIES_INFO_227,"侵食キノコが群生したアルビノマンドラゴラ
アルビノ種に生えたマンドラマッシュルームは
人間の食用にもマンドラゴラの餌にもならず
捨てるだけだと思われていたが、最新研究では
その強固さを生かした建材利用が進んでいる","侵食キノコが群生したアルビノマンドラゴラ
アルビノ種に生えたマンドラマッシュルームは
人間の食用にもマンドラゴラの餌にもならず
捨てるだけだと思われていたが、最新研究では
その強固さを生かした建材利用が進んでいる",ui\00_message\mandragora\mandragora_species_info.gmd,\ui\uGUIEncyclopedia.arc,uGUIEncyclopedia.arc,105,
106,MANDRAGORA_SPECIES_INFO_228,"侵食キノコを群生したアルビノマンドラゴラ
磨きのかかった尊大さは他の追随を許さず
紫キノコの養根家はストレスで体調を崩すため
年々その数を減らしているという
キノコの多くは上流層の屋敷の床材となる","侵食キノコを群生したアルビノマンドラゴラ
磨きのかかった尊大さは他の追随を許さず
紫キノコの養根家はストレスで体調を崩すため
年々その数を減らしているという
キノコの多くは上流層の屋敷の床材となる",ui\00_message\mandragora\mandragora_species_info.gmd,\ui\uGUIEncyclopedia.arc,uGUIEncyclopedia.arc,106,
107,MANDRAGORA_SPECIES_INFO_229,"侵食キノコを群生したアルビノマンドラゴラ
アルビノ種のマンドラマッシュルームは
近年建材としての人気が高まっており
大理石以上の値段に高騰している
最も安い白色でも1株5000Gはするという","侵食キノコを群生したアルビノマンドラゴラ
アルビノ種のマンドラマッシュルームは
近年建材としての人気が高まっており
大理石以上の値段に高騰している
最も安い白色でも1株5000Gはするという",ui\00_message\mandragora\mandragora_species_info.gmd,\ui\uGUIEncyclopedia.arc,uGUIEncyclopedia.arc,107,
108,MANDRAGORA_SPECIES_INFO_230,"侵食キノコを群生したアルビノマンドラゴラ
ノーマル種のマッシュルームと似ているが
水に浸すと、石灰成分によって白く濁るため
誤食事例はほとんど見られない
食した牙の成分により、傘は石のように硬い","侵食キノコを群生したアルビノマンドラゴラ
ノーマル種のマッシュルームと似ているが
水に浸すと、石灰成分によって白く濁るため
誤食事例はほとんど見られない
食した牙の成分により、傘は石のように硬い",ui\00_message\mandragora\mandragora_species_info.gmd,\ui\uGUIEncyclopedia.arc,uGUIEncyclopedia.arc,108,
109,MANDRAGORA_SPECIES_INFO_231,"侵食キノコを群生したアルビノマンドラゴラ
黒いキノコを生やしたアルビノマンドラゴラは
捨てられた彼らが闇に紛れ、人間を闇討ちする
ための姿だという噂が流れている
今際の際に見る白い姿は死神の様だという","侵食キノコを群生したアルビノマンドラゴラ
黒いキノコを生やしたアルビノマンドラゴラは
捨てられた彼らが闇に紛れ、人間を闇討ちする
ための姿だという噂が流れている
今際の際に見る白い姿は死神の様だという",ui\00_message\mandragora\mandragora_species_info.gmd,\ui\uGUIEncyclopedia.arc,uGUIEncyclopedia.arc,109,
110,MANDRAGORA_SPECIES_INFO_232,"雨季に咲く植物が生えたアルビノマンドラゴラ
この植物は土壌成分によって常時色が変化する
酸味成分が青色を強めることが知られているが
アルビノマンドラゴラは根部の酸味が強いため
普通に育てた場合は大抵青色になる","雨季に咲く植物が生えたアルビノマンドラゴラ
この植物は土壌成分によって常時色が変化する
酸味成分が青色を強めることが知られているが
アルビノマンドラゴラは根部の酸味が強いため
普通に育てた場合は大抵青色になる",ui\00_message\mandragora\mandragora_species_info.gmd,\ui\uGUIEncyclopedia.arc,uGUIEncyclopedia.arc,110,
111,MANDRAGORA_SPECIES_INFO_233,"雨季に咲く植物が生えたアルビノマンドラゴラ
この植物は土壌成分によって常時色が変化する
苦味成分が赤色を強めることが知られているが
アルビノマンドラゴラは根部の酸味が強いため
赤色にしたい場合は肥料が多く必要になる","雨季に咲く植物が生えたアルビノマンドラゴラ
この植物は土壌成分によって常時色が変化する
苦味成分が赤色を強めることが知られているが
アルビノマンドラゴラは根部の酸味が強いため
赤色にしたい場合は肥料が多く必要になる",ui\00_message\mandragora\mandragora_species_info.gmd,\ui\uGUIEncyclopedia.arc,uGUIEncyclopedia.arc,111,
112,MANDRAGORA_SPECIES_INFO_234,"雨季に咲く植物が生えたアルビノマンドラゴラ
この植物は土壌成分によって常時色が変化する
アルビノマンドラゴラは根部の酸味が強いため
酸味の色変肥料が足りない時に進化しやすい
アルビノ種には毒があるので舐めないよう注意","雨季に咲く植物が生えたアルビノマンドラゴラ
この植物は土壌成分によって常時色が変化する
アルビノマンドラゴラは根部の酸味が強いため
酸味の色変肥料が足りない時に進化しやすい
アルビノ種には毒があるので舐めないよう注意",ui\00_message\mandragora\mandragora_species_info.gmd,\ui\uGUIEncyclopedia.arc,uGUIEncyclopedia.arc,112,
113,MANDRAGORA_SPECIES_INFO_235,"美しい一輪花を咲かせたアルビノマンドラゴラ
日光を好むマンドラローズと日光に弱い
アルビノ種は相反する性質を持つが、花を
人工的に色付けする場合は育成も比較的容易
肥料さえ大量に与えれば咲くが、色合いは微妙","美しい一輪花を咲かせたアルビノマンドラゴラ
日光を好むマンドラローズと日光に弱い
アルビノ種は相反する性質を持つが、花を
人工的に色付けする場合は育成も比較的容易
肥料さえ大量に与えれば咲くが、色合いは微妙",ui\00_message\mandragora\mandragora_species_info.gmd,\ui\uGUIEncyclopedia.arc,uGUIEncyclopedia.arc,113,
114,MANDRAGORA_SPECIES_INFO_236,"美しい一輪花を咲かせたアルビノマンドラゴラ
アルビノ種は傷や衝撃に弱いため茎に生える
棘で怪我をしないよう注意が必要である
アルビノ種で青いマンドラローズを育てるには
栄養豊富な肥料で根部を肥えさせると良い","美しい一輪花を咲かせたアルビノマンドラゴラ
アルビノ種は傷や衝撃に弱いため茎に生える
棘で怪我をしないよう注意が必要である
アルビノ種で青いマンドラローズを育てるには
栄養豊富な肥料で根部を肥えさせると良い",ui\00_message\mandragora\mandragora_species_info.gmd,\ui\uGUIEncyclopedia.arc,uGUIEncyclopedia.arc,114,
115,MANDRAGORA_SPECIES_INFO_237,"美しい一輪花を咲かせたアルビノマンドラゴラ
紫色は、特定のマンドラゴラにしか育たず
特にアルビノ種のものは質が良いとされている
豊富な肥料に加え、花弁に赤みを加えるための
微量な人工色素が絶妙な紫色を生み出す","美しい一輪花を咲かせたアルビノマンドラゴラ
紫色は、特定のマンドラゴラにしか育たず
特にアルビノ種のものは質が良いとされている
豊富な肥料に加え、花弁に赤みを加えるための
微量な人工色素が絶妙な紫色を生み出す",ui\00_message\mandragora\mandragora_species_info.gmd,\ui\uGUIEncyclopedia.arc,uGUIEncyclopedia.arc,115,
116,MANDRAGORA_SPECIES_INFO_238,"非常に希少な植物の花を咲かせたマンドラゴラ
毒々しい柄の花弁に蒼白な根部の組み合わせは
独特の禍々しさがあると大変評判になっている
マンドラフレシアの中でも比較的臭いが弱く
植物肥料で良く育つと言われているが真偽不明","非常に希少な植物の花を咲かせたマンドラゴラ
毒々しい柄の花弁に蒼白な根部の組み合わせは
独特の禍々しさがあると大変評判になっている
マンドラフレシアの中でも比較的臭いが弱く
植物肥料で良く育つと言われているが真偽不明",ui\00_message\mandragora\mandragora_species_info.gmd,\ui\uGUIEncyclopedia.arc,uGUIEncyclopedia.arc,116,
117,MANDRAGORA_SPECIES_INFO_239,"希少な植物の花が咲いたアルビノマンドラゴラ
アルビノ種に咲く紫のマンドラフレシアは
臭いも弱いことから観賞用として育てられる
近年の研究で、動物性肥料が臭いや赤みを
強めることが判明したため、バランスが重要","希少な植物の花が咲いたアルビノマンドラゴラ
アルビノ種に咲く紫のマンドラフレシアは
臭いも弱いことから観賞用として育てられる
近年の研究で、動物性肥料が臭いや赤みを
強めることが判明したため、バランスが重要",ui\00_message\mandragora\mandragora_species_info.gmd,\ui\uGUIEncyclopedia.arc,uGUIEncyclopedia.arc,117,
118,MANDRAGORA_SPECIES_INFO_301,"産まれたばかりのチャコマンドラゴラ
体内の熱が高まりすぎて生きたまま炭化した
という奇妙な種で、構成成分はほぼ炭である
生きている間は常に静かに燃え続けているため
養根家たちは薪などの燃料を与えて育てている","産まれたばかりのチャコマンドラゴラ
体内の熱が高まりすぎて生きたまま炭化した
という奇妙な種で、構成成分はほぼ炭である
生きている間は常に静かに燃え続けているため
養根家たちは薪などの燃料を与えて育てている",ui\00_message\mandragora\mandragora_species_info.gmd,\ui\uGUIEncyclopedia.arc,uGUIEncyclopedia.arc,118,
119,MANDRAGORA_SPECIES_INFO_302,"最も基本的な成長を遂げたチャコマンドラゴラ
アッカー産肥料が流通し始めてから発見された
この新しい種類にはまだ謎が多く
燃料だけでは進化しないことがあるが
何が進化の決め手となるかまだ判明していない","最も基本的な成長を遂げたチャコマンドラゴラ
アッカー産肥料が流通し始めてから発見された
この新しい種類にはまだ謎が多く
燃料だけでは進化しないことがあるが
何が進化の決め手となるかまだ判明していない",ui\00_message\mandragora\mandragora_species_info.gmd,\ui\uGUIEncyclopedia.arc,uGUIEncyclopedia.arc,119,
120,MANDRAGORA_SPECIES_INFO_303,"栄養の偏りにより
花を咲かせず成長したチャコマンドラゴラ
チャコ種観葉体は若干肥料配分が高度だと
言われており、壁にぶつかる新人養根家も多い
だが手をかけた分だけ愛情深くなる種でもある","栄養の偏りにより
花を咲かせず成長したチャコマンドラゴラ
チャコ種観葉体は若干肥料配分が高度だと
言われており、壁にぶつかる新人養根家も多い
だが手をかけた分だけ愛情深くなる種でもある",ui\00_message\mandragora\mandragora_species_info.gmd,\ui\uGUIEncyclopedia.arc,uGUIEncyclopedia.arc,120,
121,MANDRAGORA_SPECIES_INFO_304,"固有種の花を咲かせたチャコマンドラゴラ
チャコマンドラゴラ系の固有花は黒色であり
独特な深みと色がカルト的人気を博している
しかし、黒以外の花色に進化するのは稀で
土の配合が非常に難解である","固有種の花を咲かせたチャコマンドラゴラ
チャコマンドラゴラ系の固有花は黒色であり
独特な深みと色がカルト的人気を博している
しかし、黒以外の花色に進化するのは稀で
土の配合が非常に難解である",ui\00_message\mandragora\mandragora_species_info.gmd,\ui\uGUIEncyclopedia.arc,uGUIEncyclopedia.arc,121,
122,MANDRAGORA_SPECIES_INFO_305,"固有種の花を咲かせたチャコマンドラゴラ
チャコマンドラゴラ種の固有種を育てる上で
最も重要なのは土の配合と燃料の量である
チャコマンドラゴラの花は非常に色移り
しやすいため、触れる際には注意が必要である","固有種の花を咲かせたチャコマンドラゴラ
チャコマンドラゴラ種の固有種を育てる上で
最も重要なのは土の配合と燃料の量である
チャコマンドラゴラの花は非常に色移り
しやすいため、触れる際には注意が必要である",ui\00_message\mandragora\mandragora_species_info.gmd,\ui\uGUIEncyclopedia.arc,uGUIEncyclopedia.arc,122,
123,MANDRAGORA_SPECIES_INFO_306,"固有種の花を咲かせたチャコマンドラゴラ
チャコマンドラゴラ種の固有種を育てる上で
最も重要なのは土の配合と燃料の量である
アマチュアが育てるチャコマンドラゴラ系の花
は多くが最もポピュラーな本種に進化する","固有種の花を咲かせたチャコマンドラゴラ
チャコマンドラゴラ種の固有種を育てる上で
最も重要なのは土の配合と燃料の量である
アマチュアが育てるチャコマンドラゴラ系の花
は多くが最もポピュラーな本種に進化する",ui\00_message\mandragora\mandragora_species_info.gmd,\ui\uGUIEncyclopedia.arc,uGUIEncyclopedia.arc,123,
124,MANDRAGORA_SPECIES_INFO_307,"固有種の花が群生したチャコマンドラゴラ
有機物由来で養分の多い土を使うと赤色が
濃くなりやすいという説があるが未検証である
花を群生させるブーケ系は最も育成難度が高く
希少価値はチャコマンドラゴラ系で最高クラス","固有種の花が群生したチャコマンドラゴラ
有機物由来で養分の多い土を使うと赤色が
濃くなりやすいという説があるが未検証である
花を群生させるブーケ系は最も育成難度が高く
希少価値はチャコマンドラゴラ系で最高クラス",ui\00_message\mandragora\mandragora_species_info.gmd,\ui\uGUIEncyclopedia.arc,uGUIEncyclopedia.arc,124,
125,MANDRAGORA_SPECIES_INFO_308,"固有種の花が群生したチャコマンドラゴラ
有機物由来で養分の多い土を使うと赤色が
濃くなりやすいという説があるが未検証である
花を群生させるブーケ系は最も育成難度が高く
ダークカラーは手軽に育てられると人気がある","固有種の花が群生したチャコマンドラゴラ
有機物由来で養分の多い土を使うと赤色が
濃くなりやすいという説があるが未検証である
花を群生させるブーケ系は最も育成難度が高く
ダークカラーは手軽に育てられると人気がある",ui\00_message\mandragora\mandragora_species_info.gmd,\ui\uGUIEncyclopedia.arc,uGUIEncyclopedia.arc,125,
126,MANDRAGORA_SPECIES_INFO_309,"キノコを成したチャコマンドラゴラ
チャコマンドラゴラ種に菌糸を定着させるのは
非常に難しいため、大量の胞子が必要となる
また、キノコが乾かないよう成長には水分量も
かなり要求されることが分かっている","キノコを成したチャコマンドラゴラ
チャコマンドラゴラ種に菌糸を定着させるのは
非常に難しいため、大量の胞子が必要となる
また、キノコが乾かないよう成長には水分量も
かなり要求されることが分かっている",ui\00_message\mandragora\mandragora_species_info.gmd,\ui\uGUIEncyclopedia.arc,uGUIEncyclopedia.arc,126,
127,MANDRAGORA_SPECIES_INFO_310,"キノコを成したチャコマンドラゴラ
チャコマンドラゴラ種に菌糸を定着させるのは
非常に難しいため、大量の胞子が必要となるが
黒いキノコの場合は菌糸ではなく炭素で構成
されているため比較的育成は容易である","キノコを成したチャコマンドラゴラ
チャコマンドラゴラ種に菌糸を定着させるのは
非常に難しいため、大量の胞子が必要となるが
黒いキノコの場合は菌糸ではなく炭素で構成
されているため比較的育成は容易である",ui\00_message\mandragora\mandragora_species_info.gmd,\ui\uGUIEncyclopedia.arc,uGUIEncyclopedia.arc,127,
128,MANDRAGORA_SPECIES_INFO_311,"キノコを群生させたチャコマンドラゴラ
育成に多くの水分を必要とするため
温暖地に適応したチャコマンドラゴラでは
進化しにくいが、気鋭の若手の養根家によって
お湯が最も適した肥料であることが判明した","キノコを群生させたチャコマンドラゴラ
育成に多くの水分を必要とするため
温暖地に適応したチャコマンドラゴラでは
進化しにくいが、気鋭の若手の養根家によって
お湯が最も適した肥料であることが判明した",ui\00_message\mandragora\mandragora_species_info.gmd,\ui\uGUIEncyclopedia.arc,uGUIEncyclopedia.arc,128,
129,MANDRAGORA_SPECIES_INFO_312,"キノコを群生させたチャコマンドラゴラ
温暖地に適応したチャコマンドラゴラでは
進化しにくいが、傘が炭素で構成されている
本種は一度育ったら最後、本体が枯れるまで
キノコが減ることなく残り続けるという","キノコを群生させたチャコマンドラゴラ
温暖地に適応したチャコマンドラゴラでは
進化しにくいが、傘が炭素で構成されている
本種は一度育ったら最後、本体が枯れるまで
キノコが減ることなく残り続けるという",ui\00_message\mandragora\mandragora_species_info.gmd,\ui\uGUIEncyclopedia.arc,uGUIEncyclopedia.arc,129,
130,MANDRAGORA_SPECIES_INFO_315,"雨季に咲く植物を生やしたチャコマンドラゴラ
この植物は土壌成分によって常時色が変化する
酸味成分が青色を強めることが知られているが
チャコマンドラゴラ種は根部の苦みが強いため
青色にしたい場合は肥料が多く必要になる","雨季に咲く植物を生やしたチャコマンドラゴラ
この植物は土壌成分によって常時色が変化する
酸味成分が青色を強めることが知られているが
チャコマンドラゴラ種は根部の苦みが強いため
青色にしたい場合は肥料が多く必要になる",ui\00_message\mandragora\mandragora_species_info.gmd,\ui\uGUIEncyclopedia.arc,uGUIEncyclopedia.arc,130,
131,MANDRAGORA_SPECIES_INFO_316,"雨季に咲く植物を生やしたチャコマンドラゴラ
この植物は土壌成分によって常時色が変化する
苦味成分が赤色を強めることが知られているが
チャコマンドラゴラ種は根部の苦みが強いため
普通に育てた場合は大抵赤色になる","雨季に咲く植物を生やしたチャコマンドラゴラ
この植物は土壌成分によって常時色が変化する
苦味成分が赤色を強めることが知られているが
チャコマンドラゴラ種は根部の苦みが強いため
普通に育てた場合は大抵赤色になる",ui\00_message\mandragora\mandragora_species_info.gmd,\ui\uGUIEncyclopedia.arc,uGUIEncyclopedia.arc,131,
132,MANDRAGORA_SPECIES_INFO_317,"雨季に咲く植物を生やしたチャコマンドラゴラ
この植物は土壌成分によって常時色が変化する
酸味の強い色変肥料が足りなかった時に
どっちつかずの色として紫になることが多い
しかし黒い根肌に映え、まぁまぁ美しいと評判","雨季に咲く植物を生やしたチャコマンドラゴラ
この植物は土壌成分によって常時色が変化する
酸味の強い色変肥料が足りなかった時に
どっちつかずの色として紫になることが多い
しかし黒い根肌に映え、まぁまぁ美しいと評判",ui\00_message\mandragora\mandragora_species_info.gmd,\ui\uGUIEncyclopedia.arc,uGUIEncyclopedia.arc,132,
133,MANDRAGORA_SPECIES_INFO_318,"美しい一輪花を咲かせたチャコマンドラゴラ
マンドラローズのしっとりした花弁の表面は
煤を吸着してしまい、黒く汚れてしまう
防ぐには、特殊な鉱石で表面をコーティングし
汚れが付かないようにするほか無い","美しい一輪花を咲かせたチャコマンドラゴラ
マンドラローズのしっとりした花弁の表面は
煤を吸着してしまい、黒く汚れてしまう
防ぐには、特殊な鉱石で表面をコーティングし
汚れが付かないようにするほか無い",ui\00_message\mandragora\mandragora_species_info.gmd,\ui\uGUIEncyclopedia.arc,uGUIEncyclopedia.arc,133,
134,MANDRAGORA_SPECIES_INFO_319,"美しい一輪花を咲かせたチャコマンドラゴラ
チャコ種のマンドラローズはこの紅色のみだが
どんな多彩な色よりも妖艶で独特な魅力を持つ
鉱石を自身の熱で溶かし、表面を薄くコート
したことにより美しい花色を保持している","美しい一輪花を咲かせたチャコマンドラゴラ
チャコ種のマンドラローズはこの紅色のみだが
どんな多彩な色よりも妖艶で独特な魅力を持つ
鉱石を自身の熱で溶かし、表面を薄くコート
したことにより美しい花色を保持している",ui\00_message\mandragora\mandragora_species_info.gmd,\ui\uGUIEncyclopedia.arc,uGUIEncyclopedia.arc,134,
135,MANDRAGORA_SPECIES_INFO_320,"美しい一輪花を咲かせたチャコマンドラゴラ
チャコ種の煤が花弁の表面を覆い、その色素が
沈着して黒色になったため、本当の色は不明
徐々に煤が落ち退色してしまうが、燃料となる
燃えやすい肥料を与えれば容易に育てられる","美しい一輪花を咲かせたチャコマンドラゴラ
チャコ種の煤が花弁の表面を覆い、その色素が
沈着して黒色になったため、本当の色は不明
徐々に煤が落ち退色してしまうが、燃料となる
燃えやすい肥料を与えれば容易に育てられる",ui\00_message\mandragora\mandragora_species_info.gmd,\ui\uGUIEncyclopedia.arc,uGUIEncyclopedia.arc,135,
136,MANDRAGORA_SPECIES_INFO_321,"美しい一輪花を咲かせたチャコマンドラゴラ
チャコマンドラゴラのマンドラフレシアは
観賞用として一部のマニアに人気が出つつある
チャコ種特有の高熱を抑えるため根部を砂利で
埋めるなどの厳しい育成も必要となる","美しい一輪花を咲かせたチャコマンドラゴラ
チャコマンドラゴラのマンドラフレシアは
観賞用として一部のマニアに人気が出つつある
チャコ種特有の高熱を抑えるため根部を砂利で
埋めるなどの厳しい育成も必要となる",ui\00_message\mandragora\mandragora_species_info.gmd,\ui\uGUIEncyclopedia.arc,uGUIEncyclopedia.arc,136,
137,MANDRAGORA_SPECIES_INFO_322,"美しい一輪花を咲かせたチャコマンドラゴラ
根部の消臭効果のためか臭いが抑えられ
非常に扱いやすいと一般にも普及が進んでいる
可燃鉱物を与えることで大量の煤が発生し
黒く均一な柄の花弁の育成が可能になるらしい","美しい一輪花を咲かせたチャコマンドラゴラ
根部の消臭効果のためか臭いが抑えられ
非常に扱いやすいと一般にも普及が進んでいる
可燃鉱物を与えることで大量の煤が発生し
黒く均一な柄の花弁の育成が可能になるらしい",ui\00_message\mandragora\mandragora_species_info.gmd,\ui\uGUIEncyclopedia.arc,uGUIEncyclopedia.arc,137,
138,MANDRAGORA_SPECIES_INFO_401,"産まれたばかりのベジマンドラゴラ
ベジマンドラゴラ種は、生育に石灰肥料を好み
また柔らかい砂を鉢に満たしてやることで
健康的に大きく育ちやすいことがわかっている
また、伸びすぎた細根は切って食べる人もいる","産まれたばかりのベジマンドラゴラ
ベジマンドラゴラ種は、生育に石灰肥料を好み
また柔らかい砂を鉢に満たしてやることで
健康的に大きく育ちやすいことがわかっている
また、伸びすぎた細根は切って食べる人もいる",ui\00_message\mandragora\mandragora_species_info.gmd,\ui\uGUIEncyclopedia.arc,uGUIEncyclopedia.arc,138,
139,MANDRAGORA_SPECIES_INFO_402,"最も基本的な成長を遂げたベジマンドラゴラ
ベジ種は近年の世情混乱に伴う飢餓に備え
非常食とするべく品種改良された新種である
表皮が他の種より薄く柔らかいため、育成には
常に水分を欠かさないことが重要である","最も基本的な成長を遂げたベジマンドラゴラ
ベジ種は近年の世情混乱に伴う飢餓に備え
非常食とするべく品種改良された新種である
表皮が他の種より薄く柔らかいため、育成には
常に水分を欠かさないことが重要である",ui\00_message\mandragora\mandragora_species_info.gmd,\ui\uGUIEncyclopedia.arc,uGUIEncyclopedia.arc,139,
140,MANDRAGORA_SPECIES_INFO_403,"栄養の偏りにより
花を咲かせず成長したベジマンドラゴラ
栽培化させられたベジ種は非常に温厚な性格
身体は瑞々しく肉厚で鈍重
彼らの倫理的問題が論争を巻き起こしている","栄養の偏りにより
花を咲かせず成長したベジマンドラゴラ
栽培化させられたベジ種は非常に温厚な性格
身体は瑞々しく肉厚で鈍重
彼らの倫理的問題が論争を巻き起こしている",ui\00_message\mandragora\mandragora_species_info.gmd,\ui\uGUIEncyclopedia.arc,uGUIEncyclopedia.arc,140,
141,MANDRAGORA_SPECIES_INFO_404,"固有種の花を咲かせたベジマンドラゴラ
本来根部を食用として造られたベジ種にとって
花を咲かせることは栽培失敗である
無機肥料を与えすぎるととうが立ち
花芽が形成され、食用にはできなくなる","固有種の花を咲かせたベジマンドラゴラ
本来根部を食用として造られたベジ種にとって
花を咲かせることは栽培失敗である
無機肥料を与えすぎるととうが立ち
花芽が形成され、食用にはできなくなる",ui\00_message\mandragora\mandragora_species_info.gmd,\ui\uGUIEncyclopedia.arc,uGUIEncyclopedia.arc,141,
142,MANDRAGORA_SPECIES_INFO_405,"固有種の花を咲かせたベジマンドラゴラ
本来食用であるベジ種を、家族として大切に
愛情を注いだ人間の元にのみ育つと言われる
生物学的な進化要因は、多種多様な肥料の
投与であることがわかっている","固有種の花を咲かせたベジマンドラゴラ
本来食用であるベジ種を、家族として大切に
愛情を注いだ人間の元にのみ育つと言われる
生物学的な進化要因は、多種多様な肥料の
投与であることがわかっている",ui\00_message\mandragora\mandragora_species_info.gmd,\ui\uGUIEncyclopedia.arc,uGUIEncyclopedia.arc,142,
143,MANDRAGORA_SPECIES_INFO_406,"固有種の花を咲かせたベジマンドラゴラ
花を咲かせたベジマンドラゴラの根部は硬く
食べることはできないが、そこそこ美しい花と
温厚な性格により愛玩植物としては最適である
乾燥に気を付けていれば勝手に育つ点も魅力","固有種の花を咲かせたベジマンドラゴラ
花を咲かせたベジマンドラゴラの根部は硬く
食べることはできないが、そこそこ美しい花と
温厚な性格により愛玩植物としては最適である
乾燥に気を付けていれば勝手に育つ点も魅力",ui\00_message\mandragora\mandragora_species_info.gmd,\ui\uGUIEncyclopedia.arc,uGUIEncyclopedia.arc,143,
144,MANDRAGORA_SPECIES_INFO_407,"固有種の花を咲かせたベジマンドラゴラ
ベジ種は穏やかな気質のため
同種同士の共存も非常に容易である
ゴールドフラワーを咲かせた幸せなベジ種達に
囲まれた暮らしは、さぞかし心安らぐ事だろう","固有種の花を咲かせたベジマンドラゴラ
ベジ種は穏やかな気質のため
同種同士の共存も非常に容易である
ゴールドフラワーを咲かせた幸せなベジ種達に
囲まれた暮らしは、さぞかし心安らぐ事だろう",ui\00_message\mandragora\mandragora_species_info.gmd,\ui\uGUIEncyclopedia.arc,uGUIEncyclopedia.arc,144,
145,MANDRAGORA_SPECIES_INFO_408,"固有種の花を群生させたベジマンドラゴラ
ベジ種は花を咲かせた後でも種を残せず
自らの力で繁殖することはできない
そのため養根家がこの種を選ぶことは少ないが
哀しい生態を愛する物好きは一定数存在する","固有種の花を群生させたベジマンドラゴラ
ベジ種は花を咲かせた後でも種を残せず
自らの力で繁殖することはできない
そのため養根家がこの種を選ぶことは少ないが
哀しい生態を愛する物好きは一定数存在する",ui\00_message\mandragora\mandragora_species_info.gmd,\ui\uGUIEncyclopedia.arc,uGUIEncyclopedia.arc,145,
146,MANDRAGORA_SPECIES_INFO_409,"胞子が付着し、キノコを成したマンドラゴラ
ベジマンドラゴラの頭部を菌床にして成長した
イエローマッシュルームは栄養価が高く美味
さらに、保湿効果により根部は瑞々しさを保ち
水やりも減らせると良いことずくめの姿である","胞子が付着し、キノコを成したマンドラゴラ
ベジマンドラゴラの頭部を菌床にして成長した
イエローマッシュルームは栄養価が高く美味
さらに、保湿効果により根部は瑞々しさを保ち
水やりも減らせると良いことずくめの姿である",ui\00_message\mandragora\mandragora_species_info.gmd,\ui\uGUIEncyclopedia.arc,uGUIEncyclopedia.arc,146,
147,MANDRAGORA_SPECIES_INFO_410,"胞子が付着し、キノコを成したマンドラゴラ
ベジマンドラゴラの頭部を菌床にして成長した
マッシュルームは粉っぽく、食用には向かない
魔物肥料に付着していた菌によって育つ種だが
根部が雑菌に汚染される危険性もある","胞子が付着し、キノコを成したマンドラゴラ
ベジマンドラゴラの頭部を菌床にして成長した
マッシュルームは粉っぽく、食用には向かない
魔物肥料に付着していた菌によって育つ種だが
根部が雑菌に汚染される危険性もある",ui\00_message\mandragora\mandragora_species_info.gmd,\ui\uGUIEncyclopedia.arc,uGUIEncyclopedia.arc,147,
148,MANDRAGORA_SPECIES_INFO_411,"キノコが群生したベジマンドラゴラ
ゴールドマッシュルームを生やしたベジ種は
非常に食用として人気が高い
適度な保湿とこまめな養分補給によって
マッシュルームの収穫量を増やすことができる","キノコが群生したベジマンドラゴラ
ゴールドマッシュルームを生やしたベジ種は
非常に食用として人気が高い
適度な保湿とこまめな養分補給によって
マッシュルームの収穫量を増やすことができる",ui\00_message\mandragora\mandragora_species_info.gmd,\ui\uGUIEncyclopedia.arc,uGUIEncyclopedia.arc,148,
149,MANDRAGORA_SPECIES_INFO_412,"キノコが群生したベジマンドラゴラ
放置していると勝手に増え、さらに辺りに
胞子をまき散らすため早めの対応が必要である
魔物性肥料ばかり与え、手入れを怠ると
いつの間にか群生していることが多い","キノコが群生したベジマンドラゴラ
放置していると勝手に増え、さらに辺りに
胞子をまき散らすため早めの対応が必要である
魔物性肥料ばかり与え、手入れを怠ると
いつの間にか群生していることが多い",ui\00_message\mandragora\mandragora_species_info.gmd,\ui\uGUIEncyclopedia.arc,uGUIEncyclopedia.arc,149,
150,MANDRAGORA_SPECIES_INFO_413,"雨季に咲く植物を生やしたベジマンドラゴラ
愛玩用として栽培されるベジマンドラゴラは
保肥力が高く、品種汎用性は無いが育てやすい
肥料への反応も素直なため、いくらかの
酸味肥料ですぐに色を変えることができる","雨季に咲く植物を生やしたベジマンドラゴラ
愛玩用として栽培されるベジマンドラゴラは
保肥力が高く、品種汎用性は無いが育てやすい
肥料への反応も素直なため、いくらかの
酸味肥料ですぐに色を変えることができる",ui\00_message\mandragora\mandragora_species_info.gmd,\ui\uGUIEncyclopedia.arc,uGUIEncyclopedia.arc,150,
151,MANDRAGORA_SPECIES_INFO_414,"雨季に咲く植物を生やしたベジマンドラゴラ
愛玩用として栽培されるベジマンドラゴラは
保肥力が高く、品種汎用性は無いが育てやすい
肥料への反応も素直なため、いくらかの
苦味肥料ですぐに色を変えることができる","雨季に咲く植物を生やしたベジマンドラゴラ
愛玩用として栽培されるベジマンドラゴラは
保肥力が高く、品種汎用性は無いが育てやすい
肥料への反応も素直なため、いくらかの
苦味肥料ですぐに色を変えることができる",ui\00_message\mandragora\mandragora_species_info.gmd,\ui\uGUIEncyclopedia.arc,uGUIEncyclopedia.arc,151,
152,MANDRAGORA_SPECIES_INFO_415,"雨季に咲く植物を生やしたベジマンドラゴラ
愛玩用として栽培されるベジマンドラゴラは
保肥力が高く、品種汎用性は無いが育てやすい
紫色に育てるのは肥料の性質を中性に保つ必要
があり、肥料への反応が素直な分難易度が高い","雨季に咲く植物を生やしたベジマンドラゴラ
愛玩用として栽培されるベジマンドラゴラは
保肥力が高く、品種汎用性は無いが育てやすい
紫色に育てるのは肥料の性質を中性に保つ必要
があり、肥料への反応が素直な分難易度が高い",ui\00_message\mandragora\mandragora_species_info.gmd,\ui\uGUIEncyclopedia.arc,uGUIEncyclopedia.arc,152,
153,MANDRAGORA_SPECIES_INFO_416,"美しい一輪花を咲かせたベジマンドラゴラ
ベジ種は肥料の質に反応しやすく
マンドラローズの色も比較的操作しやすい
発見されている数は少ないが、天然の
色素肥料でも色が変化することが分かっている","美しい一輪花を咲かせたベジマンドラゴラ
ベジ種は肥料の質に反応しやすく
マンドラローズの色も比較的操作しやすい
発見されている数は少ないが、天然の
色素肥料でも色が変化することが分かっている",ui\00_message\mandragora\mandragora_species_info.gmd,\ui\uGUIEncyclopedia.arc,uGUIEncyclopedia.arc,153,
154,MANDRAGORA_SPECIES_INFO_417,"美しい一輪花を咲かせたベジマンドラゴラ
ベジ種は肥料の質に反応しやすく
マンドラローズの色も比較的操作しやすい
豊富な水分と火山帯鉱石の硫黄成分により
黄色く染まった花は独特の香りを放つ","美しい一輪花を咲かせたベジマンドラゴラ
ベジ種は肥料の質に反応しやすく
マンドラローズの色も比較的操作しやすい
豊富な水分と火山帯鉱石の硫黄成分により
黄色く染まった花は独特の香りを放つ",ui\00_message\mandragora\mandragora_species_info.gmd,\ui\uGUIEncyclopedia.arc,uGUIEncyclopedia.arc,154,
155,MANDRAGORA_SPECIES_INFO_418,"美しい一輪花を咲かせたベジマンドラゴラ
ベジ種は肥料の質に反応しやすく
マンドラローズの色も比較的操作しやすい
ベジ種の体液は空気に触れ続けると紫に変色し
その影響か、頭部の花は紫の基本色を持つ","美しい一輪花を咲かせたベジマンドラゴラ
ベジ種は肥料の質に反応しやすく
マンドラローズの色も比較的操作しやすい
ベジ種の体液は空気に触れ続けると紫に変色し
その影響か、頭部の花は紫の基本色を持つ",ui\00_message\mandragora\mandragora_species_info.gmd,\ui\uGUIEncyclopedia.arc,uGUIEncyclopedia.arc,155,
156,MANDRAGORA_SPECIES_INFO_419,"非常に希少な植物の花を咲かせたマンドラゴラ
全身黄色の異様な姿と鼻を突く臭いが個性的で
好んで育成するのは好事家ばかりである
膨大な種類と量の肥料を必要としながらも
数年に一度しか咲かないという生態を持つ","非常に希少な植物の花を咲かせたマンドラゴラ
全身黄色の異様な姿と鼻を突く臭いが個性的で
好んで育成するのは好事家ばかりである
膨大な種類と量の肥料を必要としながらも
数年に一度しか咲かないという生態を持つ",ui\00_message\mandragora\mandragora_species_info.gmd,\ui\uGUIEncyclopedia.arc,uGUIEncyclopedia.arc,156,
157,MANDRAGORA_SPECIES_INFO_420,"非常に希少な植物の花を咲かせたマンドラゴラ
市街部で栽培化されているベジ種の
群れの中の一匹に突然マンドラフレシアが
咲く事例が報告された
生態や、寄生する要因は未だに不明である","非常に希少な植物の花を咲かせたマンドラゴラ
市街部で栽培化されているベジ種の
群れの中の一匹に突然マンドラフレシアが
咲く事例が報告された
生態や、寄生する要因は未だに不明である",ui\00_message\mandragora\mandragora_species_info.gmd,\ui\uGUIEncyclopedia.arc,uGUIEncyclopedia.arc,157,
,,,,,,,,
,,,,,,,,
,,,,,,,,
,,,,,,,,
,,,,,,,,
,,,,,,,,
,,,,,,,,
,,,,,,,,
,,,,,,,,
,,,,,,,,
,,,,,,,,
,,,,,,,,
,,,,,,,,
,,,,,,,,
,,,,,,,,
,,,,,,,,
,,,,,,,,
,,,,,,,,
,,,,,,,,
,,,,,,,,
,,,,,,,,
,,,,,,,,
,,,,,,,,
,,,,,,,,
,,,,,,,,
,,,,,,,,
,,,,,,,,
,,,,,,,,
,,,,,,,,
,,,,,,,,
,,,,,,,,
,,,,,,,,
,,,,,,,,
,,,,,,,,
,,,,,,,,
,,,,,,,,
,,,,,,,,
,,,,,,,,
,,,,,,,,
,,,,,,,,
,,,,,,,,
,,,,,,,,
,,,,,,,,
,,,,,,,,
,,,,,,,,
,,,,,,,,
,,,,,,,,
,,,,,,,,
,,,,,,,,
,,,,,,,,
,,,,,,,,
,,,,,,,,
,,,,,,,,
,,,,,,,,
,,,,,,,,
,,,,,,,,
,,,,,,,,
,,,,,,,,
,,,,,,,,
,,,,,,,,
,,,,,,,,
,,,,,,,,
,,,,,,,,
,,,,,,,,
,,,,,,,,
,,,,,,,,
,,,,,,,,
,,,,,,,,
,,,,,,,,
,,,,,,,,
,,,,,,,,
,,,,,,,,
,,,,,,,,
,,,,,,,,
,,,,,,,,
,,,,,,,,
,,,,,,,,
,,,,,,,,
,,,,,,,,
,,,,,,,,
,,,,,,,,
,,,,,,,,
,,,,,,,,
,,,,,,,,
,,,,,,,,
,,,,,,,,
,,,,,,,,
,,,,,,,,
,,,,,,,,
,,,,,,,,
,,,,,,,,
,,,,,,,,
,,,,,,,,
,,,,,,,,
,,,,,,,,
,,,,,,,,
,,,,,,,,
,,,,,,,,
,,,,,,,,
,,,,,,,,
,,,,,,,,
,,,,,,,,
,,,,,,,,
,,,,,,,,
,,,,,,,,
,,,,,,,,
,,,,,,,,
,,,,,,,,
,,,,,,,,
,,,,,,,,
,,,,,,,,
,,,,,,,,
,,,,,,,,
,,,,,,,,
,,,,,,,,
,,,,,,,,
,,,,,,,,
,,,,,,,,
,,,,,,,,
,,,,,,,,
,,,,,,,,
,,,,,,,,
,,,,,,,,
,,,,,,,,
,,,,,,,,
,,,,,,,,
,,,,,,,,
,,,,,,,,
,,,,,,,,
,,,,,,,,
,,,,,,,,
,,,,,,,,
,,,,,,,,
,,,,,,,,
,,,,,,,,
,,,,,,,,
,,,,,,,,
,,,,,,,,
,,,,,,,,
,,,,,,,,
,,,,,,,,
,,,,,,,,
,,,,,,,,
,,,,,,,,
,,,,,,,,
,,,,,,,,
,,,,,,,,
,,,,,,,,
,,,,,,,,
,,,,,,,,
,,,,,,,,
,,,,,,,,
,,,,,,,,
,,,,,,,,
,,,,,,,,
,,,,,,,,
,,,,,,,,
,,,,,,,,
,,,,,,,,
,,,,,,,,
,,,,,,,,
,,,,,,,,
,,,,,,,,
