key,new,old
SPOT_NAME_450,The White Dragon Temple,白竜神殿レーゼ
SPOT_NAME_451,Tel,テル
SPOT_NAME_452,Rotes,ローテス
SPOT_NAME_453,Lynwood,リンウッド
SPOT_NAME_454,Jingen,ジンゲン
SPOT_NAME_455,Kinoza,キノザ
SPOT_NAME_456,Hobolic Cave,ホボリック洞穴
SPOT_NAME_457,Drawan,ドラワン
SPOT_NAME_458,Zoma,ゾマ
SPOT_NAME_459,Mergoda Residential Area,メルゴダ居住区
SPOT_NAME_460,Hidell Plains,ハイデル平原
SPOT_NAME_461,Breya Coast,ブリア海岸
SPOT_NAME_462,Betland Plains,バートランド平原
SPOT_NAME_463,Dowe Valley,ダウ渓谷
SPOT_NAME_464,Volden Mines,ボルド鉱山
SPOT_NAME_465,Mysree Forest,ミスリウ森林
SPOT_NAME_466,Mysree Grove,ミスリウ森林深部
SPOT_NAME_467,Northern Betland Plains,バートランド平原北部
SPOT_NAME_468,Eastern Zandora,ザンドラ東部
SPOT_NAME_469,Zandora Wastelands,ザンドラ禁域
SPOT_NAME_470,Deenan Woods,ディナン深層林
SPOT_NAME_471,Gritten Fort,グリッテン砦
SPOT_NAME_472,Glowworm Cave,燐光虫の洞窟
SPOT_NAME_473,Gardnox Fortress,ガルドノック砦
SPOT_NAME_474,Dreed Castle,ドリード城
SPOT_NAME_475,Erte Deenan,エルテ・ディナン
SPOT_NAME_476,Volden Large Tunnels,ボルド大坑道
SPOT_NAME_477,Dragon's Nest,竜の巣
SPOT_NAME_478,Temple of Purification,禊の神殿
SPOT_NAME_479,The Golden Palace,黄金宮
SPOT_NAME_480,Mergoda Ruins,亡都メルゴダ
SPOT_NAME_481,Mergoda Security District,メルゴダ護政区
SPOT_NAME_482,Pawn Cathedral,ポーン郷
SPOT_NAME_483,Kinoza Mineral Springs,キノザ鉱泉
SPOT_NAME_484,Temple of Purification: South Chamber,禊の神殿　離殿
SPOT_NAME_485,Ancient Place of Rituals,古の祭祀場
SPOT_NAME_486,Hidell Catacombs,ハイデル地下霊廟
SPOT_NAME_487,Hidell Catacombs Depths,ハイデル地下霊廟　深部
SPOT_NAME_488,Hidell Catacombs Innermost Depths,ハイデル地下霊廟　最深部
SPOT_NAME_489,Lynwood Underground Waterway,リンウッド地下水路
SPOT_NAME_490,Miners' Secret Route,採掘師の隠れ道
SPOT_NAME_491,Southern Wall Fissure,南壁のひび
SPOT_NAME_492,Catacombs,カタコンベ
SPOT_NAME_493,Greenleaf Terrace,蒼葉のテラス
SPOT_NAME_494,Divine Blossom Terrace,神花のテラス
SPOT_NAME_495,Le Karvas Arma,レ・カルバス・アーマ
SPOT_NAME_496,War Demons' Hideout,戦鬼の影穴
SPOT_NAME_497,Betland Underground Passage,バートランド地下道
SPOT_NAME_498,Underground Crypt,地下納骨堂
SPOT_NAME_499,Mergoda Flood Channels,メルゴダ大水網
SPOT_NAME_500,Dead Lord's Labyrinth,死王の迷宮
SPOT_NAME_501,An Alchemist's Home,さる錬金術師の家
SPOT_NAME_502,Elixir Refining Chamber,エリクシル精製室
SPOT_NAME_503,South Hidell Bridge,南ハイデル大橋
SPOT_NAME_504,Southern Wall Gorge,南壁谷の道
SPOT_NAME_505,Betland East Side,バートランド東関所
SPOT_NAME_506,Deenan Mountain Road,ディナン山道
SPOT_NAME_507,Betland Mountain Road,バートランド山道
SPOT_NAME_508,Flocwald Bridge,フロックヴァルト大橋
SPOT_NAME_509,Catacombs (Custom) 01,カタコンベ（カスタム）01
SPOT_NAME_510,Natural Cave + Tunnel (custom) 00,自然洞窟＋坑道（カスタム）00
SPOT_NAME_511,Elf ruins (custom) 00,エルフ遺跡（カスタム）00
SPOT_NAME_512,Underground passage + waterway (custom) 00,地下通路＋水路（カスタム）00
SPOT_NAME_513,Dry well interior (custom) 00,枯れ井戸の中（カスタム）00
SPOT_NAME_514,Shrine interior (custom) 00,祠の中（カスタム）00
SPOT_NAME_515,Basement (wine storage) 00,地下室（ワイン倉庫）00
SPOT_NAME_516,The Rift,異界の狭間
SPOT_NAME_517,The Ark,アーク
SPOT_NAME_518,Gritten Fort Travel Office,グリッテン砦　通行許可
SPOT_NAME_519,Hidell Church,ハイデル教会
SPOT_NAME_520,Moltova Lighthouse,モルトバ灯台
SPOT_NAME_521,Knights' Old Watchtower,旧騎士団監視塔
SPOT_NAME_522,Lighthouse Old Well,灯台下の古井戸
SPOT_NAME_523,Le Karvas Salto,レ・カルバス・サルトー
SPOT_NAME_524,Outside,外に出る
SPOT_NAME_525,Drawan Church,ドラワン教会
SPOT_NAME_526,East Zandora Ruins,東ザンドラ廃墟群
SPOT_NAME_527,Zandora Lighthouse,ザンドラ灯台
SPOT_NAME_528,Mysterious Keystone,謎の礎
SPOT_NAME_529,Tegor River,テゴル川
SPOT_NAME_530,Lake Cera,セラー湖
SPOT_NAME_531,Volden Great Mines,ボルド大鉱山
SPOT_NAME_532,Lake Inias,イニアス湖
SPOT_NAME_533,Scarred Earth,大地の傷跡
SPOT_NAME_534,Central Square,中央広場
SPOT_NAME_535,Shopping District,商店区
SPOT_NAME_536,Relay Station District,宿場区
SPOT_NAME_537,Craft Room,クラフトルーム
SPOT_NAME_538,Cave Harbor,港洞
SPOT_NAME_539,Front Gate,大門前
SPOT_NAME_540,Zandora Chapel,ザンドラ礼拝堂
SPOT_NAME_541,Small Cave Tombs,死者の小窟
SPOT_NAME_542,Abandoned Underground Passage,棄てられた地下道
SPOT_NAME_543,Shrine of Resentment,怨嗟の祠
SPOT_NAME_544,Empty Chapel,虚ろの小堂
SPOT_NAME_545,Miners' Secret Route,採掘師の隠れ道
SPOT_NAME_546,Forest People's Tunnel,森民の地下道
SPOT_NAME_547,Roaring Tide Cave,潮騒洞窟
SPOT_NAME_548,Howling Wind Cave,風鳴り洞窟
SPOT_NAME_549,Cliff Tunnels,断崖の坑道
SPOT_NAME_550,Volden Narrow Tunnels,ボルド小坑道
SPOT_NAME_551,Bandit Hideaway,盗賊の隠れ家
SPOT_NAME_552,Fiend's Cavern,悪鬼の岩窟
SPOT_NAME_553,Mysree Limestone Cave,ミスリウ鍾乳洞
SPOT_NAME_554,Demon's Den,魔獣の巣穴
SPOT_NAME_555,Hunters' Secret Passage,狩人の抜け穴
SPOT_NAME_556,Secret Bowmaker's Home,秘弓師の住居
SPOT_NAME_557,Dark Green Terrace,深緑のテラス
SPOT_NAME_558,Sacred Spring Terrace,霊泉のテラス
SPOT_NAME_559,Sunset Terrace,斜陽のテラス
SPOT_NAME_560,Moonlight Terrace,月影のテラス
SPOT_NAME_561,Sacred Tree Terrace,聖樹のテラス
SPOT_NAME_562,Knights' Old Route,旧騎士団連絡路
SPOT_NAME_563,Knights' Old Storehouse,旧騎士団資材庫
SPOT_NAME_564,Lakeside Cellar,湖岸地下室
SPOT_NAME_565,Dreed Waterway Ruins,ドリード水路跡
SPOT_NAME_566,Kinoza Flood Control Channel,キノザ治水路
SPOT_NAME_567,Tegor Flood Control Channel,テゴル治水路
SPOT_NAME_568,Old Underground Laboratory,旧地下実験所
SPOT_NAME_569,Training Chapel,修練の祠
SPOT_NAME_570,Valley Chapel,渓谷の小堂
SPOT_NAME_571,Mysree Grove Shrine,標の祠　ミスリウ森林深部
SPOT_NAME_572,Summit Chapel,山頂の小堂
SPOT_NAME_573,Zandora Wastelands Shrine,標の祠　ザンドラ禁域
SPOT_NAME_574,Lone House in the Forest,森の一軒家
SPOT_NAME_575,Ivan's Lodge,イヴァンの山小屋
SPOT_NAME_576,Lone House in the Valley,渓谷の一軒家
SPOT_NAME_577,Hermit's House,隠者の家
SPOT_NAME_578,Audience Chamber,謁見の間
SPOT_NAME_579,Blocked Passage,開かずの路
SPOT_NAME_580,Abandoned Well on Hidell Road,ハイデル街道の枯れ井戸
SPOT_NAME_581,Plains Abandoned House Cellar,平原の廃墟地下室
SPOT_NAME_582,Abandoned House Cellar,廃屋の地下室
SPOT_NAME_583,Tel's Withered Well,テルの枯れ井戸
SPOT_NAME_585,Seaside Cellar,海辺の地下室
SPOT_NAME_586,Beach Underground Stores,浜辺の地下保管庫
SPOT_NAME_588,Supply Store Ruins,廃墟の食糧庫
SPOT_NAME_589,Wine Cellar Ruins,崩れかけたワイン庫
SPOT_NAME_590,Sealed Old Well,閉ざされた古井戸
SPOT_NAME_591,Knights' Old Guardhouse,旧騎士団詰め所
SPOT_NAME_592,Forest Ruins Cellar,森の廃墟地下
SPOT_NAME_593,Fairy's Withered Well,妖精の枯れ井戸
SPOT_NAME_594,Deep Water's Edge,水陰の淵辺
SPOT_NAME_595,Blue Waterway,蒼水路
SPOT_NAME_596,Groaning Old Well,呻きの枯れ井戸
SPOT_NAME_598,Betland Cemetery,バートランド墓地
SPOT_NAME_599,Ruins Cellar,廃墟の地下室
SPOT_NAME_600,Dry Underground Stores,乾いた地下倉庫
SPOT_NAME_601,Boulder (The Ark),大石塊(アーク)
SPOT_NAME_602,Decaying Well,朽ちかけた井戸
SPOT_NAME_604,Neophyte's Cellar,術師の地下泉
SPOT_NAME_605,Lighthouse Underground Stores,灯台の地下倉庫
SPOT_NAME_606,West Mysree Bridge,西ミスリウ橋
SPOT_NAME_607,Foul Water Channel,不浄の地下水道
SPOT_NAME_608,Lakebottom Connecting Passage,湖底連絡路
SPOT_NAME_609,Sealed Sepulcher,封じの玄室
SPOT_NAME_610,Alchemy Laboratory,錬金研究室
SPOT_NAME_611,Palace Plaza,宮殿前広場
SPOT_NAME_612,Mergan Alchemdia,メルガン・アルケミデア
SPOT_NAME_613,Lair of the Holy Beast,聖獣の間
SPOT_NAME_614,Roaring Demon Bridge,鬼鳴き橋
SPOT_NAME_615,Bloodwater Bank,血すすぎ河原
SPOT_NAME_616,The Black Wolves' Hideout,黒狼団のアジト
SPOT_NAME_617,Hidden Beach,隠れ浜
SPOT_NAME_618,Birdcall Rock,鳥寄せ岩
SPOT_NAME_619,Goblin Camp,小鬼の野営地
SPOT_NAME_620,Deserted Village of Ruflow,廃村ルフロー
SPOT_NAME_621,Blue Claw Beach,青爪浜
SPOT_NAME_622,Forest Goblins' Village,森小人の集落
SPOT_NAME_623,The Roaring Ape's Territory,唸り猿の縄張り
SPOT_NAME_624,Abattoir,肉裂き館
SPOT_NAME_625,The Pig-Eater's Den,豚喰いのねぐら
SPOT_NAME_626,Mountainside Battlefield,山腹の野戦場
SPOT_NAME_627,The Giant Eagle's Treasure Hoard,巨鷲の宝物溜め
SPOT_NAME_628,White Sands Riverbank,白砂河原
SPOT_NAME_629,Dreed Watchtower,ドリード監視塔
SPOT_NAME_630,The Songstress' Cliff Perch,歌姫の崖座
SPOT_NAME_631,Poachers' Camp,密猟者のキャンプ
SPOT_NAME_632,Inias Wetlands,イニアス湿地帯
SPOT_NAME_633,Nameless Deserted Village,名もなき廃村
SPOT_NAME_634,The Giant's Bed,巨人の寝床
SPOT_NAME_635,Groan Nos,グローン・ノス
SPOT_NAME_636,Elnea Spring,エルネア・スプリング
SPOT_NAME_637,Sazu Deenan,サーズ・ディナン
SPOT_NAME_638,Lakeside Ruins,湖岸の廃墟
SPOT_NAME_639,Betland Bridge,バートランド大橋
SPOT_NAME_640,Lake Cera Ship Graveyard,セラー湖船墓場
SPOT_NAME_641,Fortress Front: Barbed Line,砦前・千本棘の陣
SPOT_NAME_642,Demon Dog Kennel,魔犬養育所
SPOT_NAME_643,Gardnox Patrol Area,ガルドノック哨戒地
SPOT_NAME_644,Twin Wheel Valley,双輪の谷
SPOT_NAME_645,South Mergoda Ruins,南メルゴダ遺跡群
SPOT_NAME_646,Banded Haunt,バンデッドホーント
SPOT_NAME_647,Orc Remnants Camp,オーク残党宿営地
SPOT_NAME_648,Black Abyss Valley,黒淵谷
SPOT_NAME_649,Odd Rock Valley,奇岩谷
SPOT_NAME_650,East Zandora Ruins,東ザンドラ廃墟群
SPOT_NAME_651,Garden of Curses,呪詛の庭
SPOT_NAME_652,Ancient Place of Rituals,古の祭祀場
SPOT_NAME_653,Kinoza Mineral Springs,キノザ鉱泉
SPOT_NAME_654,Mergoda Lower Level: Previous Portcrystal,メルゴダ下層　礎前
SPOT_NAME_655,Mergoda Royal Palace Level: Empty Court,メルゴダ王宮層　空庭
SPOT_NAME_656,Mergoda Lower Level: Abundant Ruins,メルゴダ下層　廃墟群
SPOT_NAME_657,Alchemy Research Building,錬金研究棟
SPOT_NAME_658,Barracks,軍事演習棟
SPOT_NAME_659,King's Space,王の間
SPOT_NAME_660,Spring of Healing,癒しの泉
SPOT_NAME_661,Spring of Vitality,活力の泉
SPOT_NAME_662,Spring of Abundance,豊穣の泉
SPOT_NAME_663,Partly-Dug Well,掘削中の井戸
SPOT_NAME_664,Theodor's Alchemy Workshop,テオドール錬金工房
SPOT_NAME_665,The Space between Captives and Myrmidons,囚われし戦徒の間
SPOT_NAME_666,Depths of the Rift,リムの淵辺
SPOT_NAME_667,Mergoda Ruins: Lower Level,亡都メルゴダ　下層
SPOT_NAME_668,Mergoda Ruins: Royal Palace Level,亡都メルゴダ　王宮層
SPOT_NAME_669,Keening Well,啼き井戸
SPOT_NAME_670,The Second Ark,第二のアーク
SPOT_NAME_671,The Third Ark,第三のアーク
SPOT_NAME_672,The White Dragon Temple (Front Gate),白竜神殿レーゼ（大門前）
SPOT_NAME_673,The White Dragon Temple (Central Square),白竜神殿レーゼ（中央広場）
SPOT_NAME_674,Roaring Tide Hidden Chamber,潮騒の隠れ部屋
SPOT_NAME_675,Knights' Depot Ruins,騎士団補給所跡
SPOT_NAME_676,Dreed Connecting Passage,ドリード連絡路
SPOT_NAME_677,Gate of the Waving Cave,波打ちの門洞
SPOT_NAME_678,Waterfall Great Cavern,瀑布の大岩窟
SPOT_NAME_679,Hermit's Hollow,臥竜のうろ
SPOT_NAME_680,Water Flow Control Room,水流制御室
SPOT_NAME_681,Chamber of the Holy Waterfall,聖滝の間
SPOT_NAME_682,Central Flood Corridor,中央大水廊
SPOT_NAME_683,Bloodbane Isle,魔赤島
SPOT_NAME_684,Bloodbane Isle Precipice,魔赤島・絶崖
SPOT_NAME_685,Bloodbane Isle Summit,魔赤島・山頂
SPOT_NAME_686,Arisen's Room,覚者の自室
SPOT_NAME_687,Expedition Garrison,調査隊駐屯地
SPOT_NAME_688,Clan Hall,クラン拠点
SPOT_NAME_689,The Ark's Lower Level,アーク　裏層
SPOT_NAME_690,Moltova Ruins,モルトバ遺跡
SPOT_NAME_691,Ancient Burial Mound,ミスリウ古墳墓
SPOT_NAME_692,Misty Illusion Terrace,霧幻のテラス
SPOT_NAME_693,Scorching Blocked Passage,灼熱の封鎖道
SPOT_NAME_694,Penitentiary,罪人の修獄
SPOT_NAME_695,Leo's Hideout,レオのアジト
SPOT_NAME_696,Dreed Connecting Passage,ドリード連絡路
SPOT_NAME_697,Heavenly Terrace,飛天のテラス
SPOT_NAME_698,Forsaken Well,見捨てられた井戸
SPOT_NAME_700,Pit of Screams,叫びの竪穴
SPOT_NAME_701,Mysterious Mausoleum,幽玄の霊堂
SPOT_NAME_702,Secret Proving Ground,秘匿の実験場
SPOT_NAME_703,Gardnox Wastewater Tunnel,ガルドノック廃水廊
SPOT_NAME_704,Infected Den,侵食魔の巣窟
SPOT_NAME_705,Frigid Ancient Passage,氷気の遺路
SPOT_NAME_706,Cesspool of Filth,不浄の掃き溜め
SPOT_NAME_707,Crypt of Murmurs,せせらぎの地下聖堂
SPOT_NAME_708,Picturesque Grotto,群像の岩屋
SPOT_NAME_709,Infected Den Depths,侵食魔の巣窟　奥底
SPOT_NAME_710,Waterfall Echo Cavern,滝鳴洞穴
SPOT_NAME_711,Dried Well by the Tower,小塔傍の枯れ井戸
SPOT_NAME_712,Sunlit Underground Cave,陽射す地下洞
SPOT_NAME_713,The Tunnel across the Bridge,橋向かいの坑道
SPOT_NAME_714,Fungal Colony Caves,菌糸の襲窟
SPOT_NAME_715,Blade Scarred Path,刃擦れの細道
SPOT_NAME_717,Rancid Haunt,腐臭の溜まり場
SPOT_NAME_719,Peddler's Peril,行商人の難所
SPOT_NAME_721,Mines' Large Landing,鉱山の大踊り場
SPOT_NAME_723,Foreign Cape,異邦の岬
SPOT_NAME_724,Deep Misty Woods,霧たなびく深森
SPOT_NAME_726,Wispy Wasteland,薄煙の荒れ地
SPOT_NAME_728,Big Tree Dell,大樹の広場
SPOT_NAME_730,War Demons' Encampment,戦鬼の陣屋
SPOT_NAME_732,Fanatic's Hiding Ground,狂信者の潜伏地
SPOT_NAME_734,Weeping Corpse Ground,屍のすすり泣く地
SPOT_NAME_735,Corrupted Ground Facing the Waterfall,滝を臨む蝕地
SPOT_NAME_736,Predators' Lowland,捕食者たちの低地
SPOT_NAME_759,Spirit Arts Hut,武霊の庵
SPOT_NAME_771,Tree Hill View,眺樹の丘
SPOT_NAME_803,Sage Tower Ruins,聖遺の塔
SPOT_NAME_804,Before Gritten Fort Main Gate,グリッテン砦 正門前
SPOT_NAME_805,South Breya Coast,ブリア海岸 南側
SPOT_NAME_806,East Mysree Forest,ミスリウ森林 東側
SPOT_NAME_807,North Volden Mines,ボルド鉱山 北側
SPOT_NAME_808,West Dowe Valley,ダウ渓谷 西側
SPOT_NAME_809,Temple of Purification Lakeside,禊の神殿 湖畔
SPOT_NAME_810,West Zandora Wastelands,ザンドラ禁域 西側
SPOT_NAME_813,Bowered Stone Statues,石像立つ木陰
SPOT_NAME_814,Wing Wind Plateau,翼風高原
SPOT_NAME_815,Recrudescent Beach,再帰の浜辺
SPOT_NAME_816,Bloodbane Isle Precipice,魔赤島・絶崖
SPOT_NAME_817,Before the Ark,アーク前
SPOT_NAME_818,Tavern,酒場
SPOT_NAME_819,Beauty Salon,美容院前
SPOT_NAME_820,Misty Illusion Terrace: Surface Level,霧幻のテラス　浅層
SPOT_NAME_821,Misty Illusion Terrace: Middle Level,霧幻のテラス　中層
SPOT_NAME_822,Misty Illusion Terrace: Deepest Level,霧幻のテラス　深層
SPOT_NAME_823,Gurgling Meditation Temple,水声の瞑堂
SPOT_NAME_824,Infected Den: Byway,侵食魔の巣窟　脇道
SPOT_NAME_825,The Rift's Inner Depths,異界の狭間　深層部
SPOT_NAME_826,Knights' Depot Ruins,騎士団補給所跡
SPOT_NAME_828,The Ark's Lower Level: Storage,アーク　裏層　貯蔵所
SPOT_NAME_829,The Ark's Lower Level: Treasury,アーク　裏層　宝物庫
SPOT_NAME_830,Infected Den: Byway,侵食魔の巣窟　脇道
SPOT_NAME_831,Scorching Blocked Passage: Byway,灼熱の封鎖道　脇道
SPOT_NAME_832,Frigid Ancient Passage Depths,氷気の遺路　深部
SPOT_NAME_833,Moltova Ruins: Left Path,モルトバ遺跡　左路
SPOT_NAME_834,Moltova Ruins: Right Path,モルトバ遺跡　右路
SPOT_NAME_835,Misty Illusion Terrace: Surface Level,霧幻のテラス　浅層
SPOT_NAME_836,Misty Illusion Terrace: Middle Level,霧幻のテラス　中層
SPOT_NAME_837,Misty Illusion Terrace: Deepest Level,霧幻のテラス　深層
SPOT_NAME_838,Infected Den Depths: Deepest Level,侵食魔の巣窟　奥底　深層
SPOT_NAME_839,The Rift's Inner Depths: Left Pool,異界の狭間・深層部　左淵
SPOT_NAME_840,The Rift's Inner Depths: Right Pool,異界の狭間・深層部　右淵
SPOT_NAME_841,Waterfall Echo Cavern East,滝鳴洞穴　東
SPOT_NAME_842,Waterfall Echo Cavern West,滝鳴洞穴　西
SPOT_NAME_843,Waterfall Echo Cavern North,滝鳴洞穴　北
SPOT_NAME_844,Waterfall Echo Cavern South,滝鳴洞穴　南
SPOT_NAME_845,Fungal Colony Caves: Byway,菌糸の襲窟　脇道
SPOT_NAME_846,Fungal Colony Caves: Limestone Passage,菌糸の襲窟　鍾乳通路
SPOT_NAME_847,Fungal Colony Caves: Middle Level,菌糸の襲窟　中層
SPOT_NAME_848,Fungal Colony Caves: Deepest Level,菌糸の襲窟　深層
SPOT_NAME_849,The Tunnel across the Bridge: Hall,橋向かいの坑道　広間
SPOT_NAME_850,The Tunnel across the Bridge: Ore Path,橋向かいの坑道　鉱石路
SPOT_NAME_851,The Tunnel across the Bridge: Limestone Cave,橋向かいの坑道　鍾乳洞
SPOT_NAME_852,Gardnox Wastewater Tunnel Depths,ガルドノック廃水廊　深部
SPOT_NAME_853,Secret Proving Ground: Middle Level,秘匿の実験場　中層
SPOT_NAME_854,Secret Proving Ground: Deepest Level,秘匿の実験場　深層
SPOT_NAME_855,Heavenly Terrace: Deepest Level,飛天のテラス　深層
SPOT_NAME_856,Ancient Burial Mound: Chamber of Immortality,ミスリウ古墳墓　不死の間
SPOT_NAME_857,Ancient Burial Mound: Chamber of Hunting,ミスリウ古墳墓　狩猟の間
SPOT_NAME_858,Mysterious Mausoleum: Middle Level,幽玄の霊堂　中層
SPOT_NAME_859,Mysterious Mausoleum: Deepest Level,幽玄の霊堂　深層
SPOT_NAME_860,The Ark's Lower Level: Dangerous Area,アーク　裏層　危険区域
SPOT_NAME_861,Infected Den Depths: Dangerous Area,侵食魔の巣窟　奥底　危険区域
SPOT_NAME_862,The Tunnel across the Bridge: Dangerous Area,橋向かいの坑道　危険区域
SPOT_NAME_863,Scorching Blocked Passage: Dangerous Area,灼熱の封鎖道　危険区域
SPOT_NAME_864,Frigid Ancient Passage: Dangerous Area,氷気の遺路　　危険区域
SPOT_NAME_865,Moltova Ruins: Dangerous Area,モルトバ遺跡　危険区域
SPOT_NAME_866,Gardnox Wastewater Tunnel: Dangerous Area,ガルドノック廃水廊　危険区域
SPOT_NAME_867,Pit of Screams: Dangerous Area,叫びの竪穴　危険区域
SPOT_NAME_868,Forsaken Well: Dangerous Area,見捨てられた井戸　危険区域
SPOT_NAME_869,Secret Proving Ground: Dangerous Area,秘匿の実験場　危険区域
SPOT_NAME_870,Misty Illusion Terrace: Dangerous Area,霧幻のテラス　危険区域
SPOT_NAME_871,Ancient Burial Mound: Dangerous Area,ミスリウ古墳墓　危険区域
SPOT_NAME_872,Penitentiary: Dangerous Area,罪人の修獄　危険区域
SPOT_NAME_873,Mysterious Mausoleum: Dangerous Area,幽玄の霊堂　危険区域
SPOT_NAME_874,Heavenly Terrace: Dangerous Area,飛天のテラス　危険区域
SPOT_NAME_875,Mergodan Residence,メルゴダ民の住居
SPOT_NAME_876,Protector's Retreat,守り人の庵
SPOT_NAME_877,Dana,ダナ
SPOT_NAME_878,Morfaul,モルフォール
SPOT_NAME_879,Glyndwr,グリンデュア
SPOT_NAME_880,Sacred Grounds,聖域
SPOT_NAME_881,Elan Water Grove,エラン水林
SPOT_NAME_882,Farana Plains,ファーラナ平原
SPOT_NAME_883,Morrow Forest,モロー樹林
SPOT_NAME_884,Kingal Canyon,キンガル峡谷
SPOT_NAME_885,Hollow of Beginnings: Gathering Area,始まりの洞　集いの間
SPOT_NAME_886,Path to Morrow,モローへの小路
SPOT_NAME_887,Dancing Rainbow Cave,虹舞い洞窟
SPOT_NAME_888,Wisteria Arbor Withering Well,藤棚の枯井戸
SPOT_NAME_889,Jungle Limestone Caves,密林の鍾乳洞
SPOT_NAME_890,Old Ferryman's Haunt,旧船頭寄合所
SPOT_NAME_891,Elan Quarry Cave,エラン採石洞
SPOT_NAME_892,Kingal Ruins Road,キンガル遺跡路
SPOT_NAME_893,Danandell Cave,ダナンデール洞窟
SPOT_NAME_894,Farana Ruins,ファーラナ遺跡
SPOT_NAME_895,Magusas Ancient Watercourse,マグサス古水路
SPOT_NAME_896,Vegasa Corridor,ヴェイガサス回廊
SPOT_NAME_897,Valtable Hall,ヴァルテブル・ホール
SPOT_NAME_898,Thalati Waterway,タラーテ集水路
SPOT_NAME_899,Thalati Waterway,タラーテ集水路
SPOT_NAME_900,Small Tower of Wisdom,知恵の小塔
SPOT_NAME_901,Sacred River Ruins,聖河の遺跡
SPOT_NAME_902,Spirit Dragon's Roost,精霊竜のねぐら
SPOT_NAME_903,Dunhain's Hall of Trials,ダナウィンの挑堂
SPOT_NAME_904,Manun Village,マヌンの集落
SPOT_NAME_905,Hollow of Beginnings,始まりの洞
SPOT_NAME_906,Morrow Cavern,モローケイヴァン
SPOT_NAME_907,Invading Demons Cave,侵鬼の洞穴
SPOT_NAME_908,Sauzanel Infected Woods,サウザネル侵林
SPOT_NAME_909,Deepney Great Forest,ディプニエ大侵林
SPOT_NAME_910,Northerners Infected Woods,ノーザナス侵林
SPOT_NAME_911,Nebula Temple,ネビュラ小神殿
SPOT_NAME_912,Shadolean Great Temple,シェドレアン大神殿
SPOT_NAME_913,Grinmel Ruins,グリンメル遺跡
SPOT_NAME_914,Amburos Great Ruins,アンビュロス大遺跡
SPOT_NAME_915,Hadin Underground Old Road,ハディン地下古道
SPOT_NAME_916,Ancient Underground Shrine,古代地下宮
SPOT_NAME_917,Deserted Village of Nabhadh,廃村ナバド
SPOT_NAME_918,Old Residence Ruins,古住居遺跡
SPOT_NAME_919,Former Arena,旧闘技場跡地
SPOT_NAME_920,Newt Den,ニュートの巣穴
SPOT_NAME_921,Dark Armor Crag,鎧幽の巨岩
SPOT_NAME_922,Shell Dragon's Bog,甲竜の湿原
SPOT_NAME_923,Central Farana Sandbank,ファーラナ中央洲
SPOT_NAME_924,Great Wings Valley,大翼の谷
SPOT_NAME_925,Purple Flower Garden,紫花の園
SPOT_NAME_926,Tumult Site,喧噪の跡地
SPOT_NAME_928,Water Beasts' Habitat,水獣の棲み処
SPOT_NAME_929,Demon Wolf Territory,魔狼の縄張り
SPOT_NAME_930,Buzzing Plateau,羽音の高台
SPOT_NAME_931,Forgotten Abandoned Village,忘却の廃村
SPOT_NAME_932,Shimmering Waterfall,彩光の滝
SPOT_NAME_933,Riverside of Dappled Sunlight,木漏れ日の川辺
SPOT_NAME_934,Before Elan Front Gate,エラン大門前
SPOT_NAME_935,Visiting Square,訪いの広場
SPOT_NAME_936,Sage's Gravestone,賢者の墓標
SPOT_NAME_937,Infected Basin,侵染の窪地
SPOT_NAME_938,Forest Sprite's Refuge,森精の隠れ家
SPOT_NAME_939,Vacant Green Forest,欠緑の林
SPOT_NAME_940,Pixies' Camp,ピクシーズキャンプ
SPOT_NAME_941,Deserted Village of Aethrig,廃村エスリグ
SPOT_NAME_942,Morrow Old Ruins,モロー古跡
SPOT_NAME_943,Suffering Forest,立ち病みの森
SPOT_NAME_944,Dark Woods Great Depths,暗樹の大淵
SPOT_NAME_945,Kingal West Bank,キンガル西岸
SPOT_NAME_946,Crushing Rock Riverbank,岩砕きの河岸
SPOT_NAME_947,Carrion Bank,腐肉のほとり
SPOT_NAME_948,Great Temple Plaza,大神殿前広場
SPOT_NAME_949,Watersdeep Old Road,水底の古道
SPOT_NAME_950,Deserted Village of Kraag,廃村クラーハ
SPOT_NAME_952,Gate of Sacred Grounds,聖域の門
SPOT_NAME_953,Dancing Circle,円形舞踊場
SPOT_NAME_955,Shadolean Great Temple: Treasury,シェドレアン大神殿　宝物庫
SPOT_NAME_956,Designated Extermination Area: Right Side,殲滅指定区域　右方
SPOT_NAME_957,Designated Extermination Area: Left Side,殲滅指定区域　左方
SPOT_NAME_958,Blue Cave in the Waterfall,滝裏の青洞
SPOT_NAME_959,Tower of Ivanos,イヴァノスの塔
SPOT_NAME_960,Between Sacred Drops,聖雫の間
SPOT_NAME_961,Farana Plains Center,ファーラナ平原 中央
SPOT_NAME_962,Wharf,船着き場
SPOT_NAME_963,Elan Water Grove Depths,エラン水林 深層
SPOT_NAME_964,Morrow Forest Depths,モロー樹林 深層
SPOT_NAME_965,Kingal Canyon Depths,キンガル峡谷 深層
SPOT_NAME_966,Clan Hall,クラン拠点
SPOT_NAME_967,Designated Extermination Area: Innermost Lower,殲滅指定区域　最奥下層
SPOT_NAME_968,Designated Extermination Area: Innermost Upper Right,殲滅指定区域　最奥上層右
SPOT_NAME_969,Designated Extermination Area: Innermost Upper Left,殲滅指定区域　最奥上層左
SPOT_NAME_970,Shadolean Great Temple: Before Innermost,シェドレアン大神殿　最奥前
SPOT_NAME_971,Danandell Cave: Passage,ダナンデール洞窟　通路
SPOT_NAME_972,Danandell Cave Depths,ダナンデール洞窟　深部
SPOT_NAME_973,Danandell Cave Innermost Depths,ダナンデール洞窟　最深部
SPOT_NAME_974,Shadolean Great Temple: Center,シェドレアン大神殿　中央部
SPOT_NAME_975,Farana Ruins Depths,ファーラナ遺跡　深部
SPOT_NAME_976,Dancing Rainbow Cave Depths,虹舞い洞窟　深部
SPOT_NAME_977,Invading Demons Cave Center Passage,侵鬼の洞穴　中央通路
SPOT_NAME_978,Invading Demons Cave Innermost Depths,侵鬼の洞穴　最深部
SPOT_NAME_979,Nebula Temple: Center,ネビュラ小神殿　中央部
SPOT_NAME_980,Nebula Temple Corridor,ネビュラ小神殿　回廊
SPOT_NAME_981,Nebula Temple Depths,ネビュラ小神殿　深部
SPOT_NAME_982,Magusas Ancient Watercourse: Hidden Passage,マグサス古水路　隠し通路
SPOT_NAME_983,Magusas Ancient Watercourse: Wastewater Processing Site,マグサス古水路　排水処理場
SPOT_NAME_984,Wisteria Arbor Withering Well Center Passage,藤棚の枯井戸　中央通路
SPOT_NAME_985,Wisteria Arbor Withering Well Innermost Depths,藤棚の枯井戸　最深部
SPOT_NAME_986,Grinmel Ruins Center Passage,グリンメル遺跡　中央通路
SPOT_NAME_987,Grinmel Ruins Center Depths,グリンメル遺跡　中深部
SPOT_NAME_988,Grinmel Ruins Innermost Depths,グリンメル遺跡　最深部
SPOT_NAME_989,Morrow Cavern Depths,モローケイヴァン　深部
SPOT_NAME_990,Morrow Cavern Innermost Depths,モローケイヴァン　最深部
SPOT_NAME_991,Jungle Limestone Caves Depths,密林の鍾乳洞　深部
SPOT_NAME_992,Vegasa Corridor Left Passage,ヴェイガサス回廊　左通路
SPOT_NAME_993,Vegasa Corridor Right Passage,ヴェイガサス回廊　右通路
SPOT_NAME_994,Vegasa Corridor Center Passage,ヴェイガサス回廊　中央通路
SPOT_NAME_995,Valtable Hall Underground,ヴァルテブル・ホール　地下
SPOT_NAME_996,Valtable Hall Deep Underground,ヴァルテブル・ホール　地下深部
SPOT_NAME_997,Valtable Hall Deepest Underground,ヴァルテブル・ホール　地下最深部
SPOT_NAME_998,Valtable Hall Upper Area,ヴァルテブル・ホール　上部
SPOT_NAME_999,Old Ferryman's Haunt: Central Square,旧船頭寄合所　中央広場
SPOT_NAME_1000,Old Ferryman's Haunt: Depths Passage,旧船頭寄合所　深部通路
SPOT_NAME_1001,Old Ferryman's Haunt Innermost Depths,旧船頭寄合所　最深部
SPOT_NAME_1002,Amburos Great Ruins: Center,アンビュロス大遺跡　中央部
SPOT_NAME_1003,Amburos Great Ruins Depths,アンビュロス大遺跡　深部
SPOT_NAME_1004,Thalati Waterway Central Passage,タラーテ集水路　中央通路
SPOT_NAME_1005,Thalati Waterway Innermost Depths,タラーテ集水路　最深部
SPOT_NAME_1006,Sacred River Ruins Center Passage,聖河の遺跡　中央通路
SPOT_NAME_1007,Sacred River Ruins: Central Part,聖河の遺跡　中心部
SPOT_NAME_1008,Elan Quarry Cave: Center,エラン採石洞　中央部
SPOT_NAME_1009,Elan Quarry Cave Innermost Depths,エラン採石洞　最深部
SPOT_NAME_1010,Hadin Underground Old Road: Center,ハディン地下古道　中央部
SPOT_NAME_1011,Hadin Underground Old Road Depths,ハディン地下古道　深部
SPOT_NAME_1012,Ancient Underground Shrine 2nd Floor,古代地下宮　2階
SPOT_NAME_1013,Ancient Underground Shrine Innermost Depths,古代地下宮　最深部
SPOT_NAME_1014,Ancient Underground Shrine Secret Chamber,古代地下宮　隠し部屋
SPOT_NAME_1015,Dancing Rainbow Cave: Dangerous Area,虹舞い洞窟　危険区域
SPOT_NAME_1016,Grinmel Ruins: Dangerous Area,グリンメル遺跡　危険区域
SPOT_NAME_1017,Morrow Cavern: Dangerous Area,モローケイヴァン　危険区域
SPOT_NAME_1018,Farana Ruins: Dangerous Area,ファーラナ遺跡　危険区域
SPOT_NAME_1019,Old Ferryman's Haunt: Dangerous Area,旧船頭寄合所　危険区域
SPOT_NAME_1020,Thalati Waterway: Dangerous Area,タラーテ集水路　危険区域
SPOT_NAME_1021,Hadin Underground Old Road: Dangerous Area,ハディン地下古道　危険区域
SPOT_NAME_1022,Northerners Infected Woods: Dangerous Area,ノーザナス侵林　危険区域
SPOT_NAME_1023,Magusas Ancient Watercourse Entrance,マグサス古水路　入り口
SPOT_NAME_1024,Innermost Magusas Ancient Watercourse,マグサス古水路　最奥
SPOT_NAME_1025,Shopping District Alley,商店区 裏通り
SPOT_NAME_1026,Before the Audience Chamber,謁見の間 手前
SPOT_NAME_1027,Sacred River Ruins Wharf,聖河の遺跡 船着き場
SPOT_NAME_1028,Farana Plains Wharf,ファーラナ平原 船着き場
SPOT_NAME_1029,Elan Water Grove Wharf,エラン水林 船着き場
SPOT_NAME_1030,Path to Morrow Wharf,モローへの小路 船着き場
SPOT_NAME_1031,Hidden Village Piremoth,隠れ村ピレモス
SPOT_NAME_1032,Rothgill,ロスギル
SPOT_NAME_1034,Goblin Lookout,小鬼の物見台
SPOT_NAME_1035,The Howling Front,遠吠えの前線
SPOT_NAME_1036,Deserted Village of Denisyr,廃村デニスィル
SPOT_NAME_1037,Former Rest Station,休憩所跡地
SPOT_NAME_1038,Dewdrop Crater,落露の大穴
SPOT_NAME_1039,Feryana Border Checkpoint,フェルヤナ関所前
SPOT_NAME_1040,Farthest Bank,最果ての岸
SPOT_NAME_1041,Ogina's Domination Area,オジナの支配圏
SPOT_NAME_1042,Demon Army Relay Station,魔軍進行中継場
SPOT_NAME_1043,Wailing Wetland,嘆きの湿原
SPOT_NAME_1044,Gate Camp,大門前野営地
SPOT_NAME_1045,Silver Hermit's Stronghold,銀隠者の根城
SPOT_NAME_1046,Abhorrent territory,忌み標の領域
SPOT_NAME_1047,Firefall Mountain Eroded Rock,火垂れ山の穿ち石
SPOT_NAME_1048,Isolated Beach,幽縁ヶ浜
SPOT_NAME_1049,Jikei's Funeral Parlor,慈恵の斎場
SPOT_NAME_1050,Demon Army Standby Spot,魔軍出撃待機所
SPOT_NAME_1051,Captive Interrogation Prison,虜囚尋問牢
SPOT_NAME_1052,Pyre Saurian Colony,サラマンダーコロニー
SPOT_NAME_1053,Skygazing Spot,空望広場
SPOT_NAME_1054,Silent Resistance Battle Site,静かな抗戦跡
SPOT_NAME_1055,Cave of Suffering,痛刻の洞
SPOT_NAME_1056,Primordial settlement,原初の集落
SPOT_NAME_1057,Construction Material Depot,建設資材集積場
SPOT_NAME_1058,Rathnite Foothills,ラスニテ山麓
SPOT_NAME_1059,Rathnite Foothills Lakeside,ラスニテ山麓　湖畔部
SPOT_NAME_1060,Feryana Wilderness,フェルヤナ荒原
SPOT_NAME_1061,Megadosys Plateau,メガドシス高地
SPOT_NAME_1062,Urteca Mountains,ウルテカ山岳
SPOT_NAME_1063,Rathnite Underground Waterway,ラスニテ地下水路
SPOT_NAME_1064,Reservoir Underground Tunnel,水源へ続く地下道
SPOT_NAME_1065,Cave of Hell's Descent,冥府下りの洞穴
SPOT_NAME_1066,Yimidhitt Ruins,イミズディット遺跡
SPOT_NAME_1067,Ulta Ancient Watercourse,ウルタ古水路
SPOT_NAME_1068,Rathnite Columbarium,ラスニテ納骨廟
SPOT_NAME_1069,Shrine of the Eternal Blaze,劫炎の祠堂
SPOT_NAME_1070,Thundering Roar Cave,轟咆洞
SPOT_NAME_1071,Restless Water Channel,安息無き地下水道
SPOT_NAME_1072,False Remains,いつわりの遺構
SPOT_NAME_1073,Quiet Concealed Cave,静穏の隠れ洞
SPOT_NAME_1074,Megado Water Supply Network,メガド上水網
SPOT_NAME_1075,Megado Cathedral,メガド大聖堂
SPOT_NAME_1076,Shrine of Combat,戦練の社
SPOT_NAME_1077,Cave of Rest,憩いの坑洞
SPOT_NAME_1078,Firefall Mountain Dragon Temple,火垂れ山拝竜院
SPOT_NAME_1079,Sacred Flame Path,聖炎の参竜道
SPOT_NAME_1080,The Burial Chamber of the Unmourned,悼まれぬ者の葬室
SPOT_NAME_1081,Demon Army Camp,魔軍緊急野営地
SPOT_NAME_1082,Beastmaster's Garden,獣将の園生
SPOT_NAME_1085,Army Demon Bird's Checkpoint,軍妖鳥の関所
SPOT_NAME_1086,Army Demon's Patrol Ground,軍鬼の哨戒地
SPOT_NAME_1087,Nilviris Bridge Checkpoint,ニルビリス大橋関所
SPOT_NAME_1088,Beast Training Ground,軍獣強化場
SPOT_NAME_1089,Ancestral Territory,原種の縄張り
SPOT_NAME_1090,Pool of Inextinguishable Flames,還れぬ炎の吹き溜まり
SPOT_NAME_1091,Fort Thines,ティネス砦
SPOT_NAME_1092,Lookout Castle,展望城
SPOT_NAME_1093,Mephite,メフィテ
SPOT_NAME_1094,Bertha's Bandit Group Hideout,ベルタ盗賊団のアジト
SPOT_NAME_1095,Lakeside Grotto,湖畔の洞窟
SPOT_NAME_1096,Dark Path to the Secret Spring,秘泉への暗道
SPOT_NAME_1097,Fortress City Megado: Residential Level,城塞都市メガド 居住層
SPOT_NAME_1098,Fortress City Megado: Royal Palace Level,城塞都市メガド 王宮層
SPOT_NAME_1099,Megado Corridor,メガド回廊
SPOT_NAME_1100,Demon Army War Machine Garrison,魔軍戦車駐留地
SPOT_NAME_1101,Old Tekia Grotto,古テキア洞窟
SPOT_NAME_1102,The King's Room of Concealment,隠匿の王間
SPOT_NAME_1103,Hall of the Magic Horns,魔角の間
SPOT_NAME_1104,Royal Family's Secret Path,王家の隠れ道
SPOT_NAME_1105,Dacreim Fortress,ダクレイム砦
SPOT_NAME_1106,Jifule Fortress,ジフール砦
SPOT_NAME_1107,North Rathnite Foothills,ラスニテ山麓 北側
SPOT_NAME_1108,Heroic Spirit Sleeping Path: Rathnite Foothills,英霊眠りし道　ラスニテ山麓
SPOT_NAME_1109,Heroic Spirit Sleeping Path: Feryana Wilderness,英霊眠りし道　フェルヤナ荒原
SPOT_NAME_1110,Memory of Megadosys,メガドシスの記憶
SPOT_NAME_1111,Memory of Urteca,ウルテカの記憶
SPOT_NAME_1112,Royal Family's Secret Path: Before the Hidden Door,王家の隠れ道 秘密の扉前
SPOT_NAME_1113,Lakeside Grotto Inner Depths,湖畔の洞窟 深層部
SPOT_NAME_1114,Lakeside Grotto: Limestone Cave,湖畔の洞窟 鍾乳洞
SPOT_NAME_1115,Lakeside Grotto: Passage,湖畔の洞窟 通路
SPOT_NAME_1116,Dark Path to the Secret Spring Inner Depths,秘泉への暗道 深層部
SPOT_NAME_1117,Royal Family's Secret Path: Library,王家の隠れ道 書庫
SPOT_NAME_1118,Royal Family's Secret Path: Shrine,王家の隠れ道 聖堂
SPOT_NAME_1119,Royal Family's Secret Path: Treasury,王家の隠れ道 宝物庫
SPOT_NAME_1120,Cave of Hell's Descent Depths,冥府下りの洞穴 奥底
SPOT_NAME_1121,Rathnite Underground Waterway: Passage,ラスニテ地下水路 通路
SPOT_NAME_1122,Yimidhitt Ruins: Passage,イミズディット遺跡 通路
SPOT_NAME_1123,Yimidhitt Ruins Inner Depths,イミズディット遺跡 深層部
SPOT_NAME_1124,Ulta Ancient Watercourse: Passage,ウルタ古水路 通路
SPOT_NAME_1125,Rathnite Columbarium: Central Square,ラスニテ納骨廟 中央広場
SPOT_NAME_1126,Rathnite Columbarium Inner Depths,ラスニテ納骨廟 深層部
SPOT_NAME_1127,Shrine of the Eternal Blaze: Byway,劫炎の祠堂 脇道
SPOT_NAME_1128,Thundering Roar Cave Inner Depths,轟咆洞 深層部
SPOT_NAME_1129,Thundering Roar Cave: Byway,轟咆洞 脇道
SPOT_NAME_1130,Restless Water Channel Inner Depths,安息無き地下水道 深層部
SPOT_NAME_1131,False Remains: Passage,いつわりの遺構 通路
SPOT_NAME_1132,False Remains: Armory,いつわりの遺構 武器庫
SPOT_NAME_1133,False Remains Inner Depths,いつわりの遺構 深層部
SPOT_NAME_1134,Lookout Castle: Upper Level,展望城 上層
SPOT_NAME_1135,Lookout Castle: Dungeon,展望城 地下牢
SPOT_NAME_1136,Lookout Castle: Great Hall,展望城 大広間
SPOT_NAME_1137,Lookout Castle: Royal Palace Level,展望城 王宮層
SPOT_NAME_1138,Lookout Castle: Middle Level,展望城 中層
SPOT_NAME_1139,Lookout Castle: Before the Castle Gate,展望城 城門前
SPOT_NAME_1140,West Feryana Wilderness,フェルヤナ荒原 西側
SPOT_NAME_1141,Heroic Spirit Sleeping Path Shrine: Passage,英霊眠りし道 祠 通路
SPOT_NAME_1142,Heroic Spirit Sleeping Path Shrine: Deepest Level,英霊眠りし道 祠 深層
SPOT_NAME_1143,Heroic Spirit Sleeping Path Shrine: First Space,英霊眠りし道 祠 第一の間
SPOT_NAME_1144,Heroic Spirit Sleeping Path Shrine: Second Space,英霊眠りし道 祠 第二の間
SPOT_NAME_1145,Heroic Spirit Sleeping Path Shrine: Third Space,英霊眠りし道 祠 第三の間
SPOT_NAME_1146,Heroic Spirit Sleeping Path Shrine: Fourth Space,英霊眠りし道 祠 第四の間
SPOT_NAME_1147,Heroic Spirit Sleeping Path Cave: Passage,英霊眠りし道 洞窟 通路
SPOT_NAME_1148,Heroic Spirit Sleeping Path Cave: First Space,英霊眠りし道 洞窟 第一の間
SPOT_NAME_1149,Heroic Spirit Sleeping Path Cave: Second Space,英霊眠りし道 洞窟 第二の間
SPOT_NAME_1150,Heroic Spirit Sleeping Path Cave: Third Space,英霊眠りし道 洞窟 第三の間
SPOT_NAME_1151,Heroic Spirit Sleeping Path Cave: Fourth Space,英霊眠りし道 洞窟 第四の間
SPOT_NAME_1152,Heroic Spirit Sleeping Path Cave: Deepest Level,英霊眠りし道 洞窟 深層
SPOT_NAME_1153,Heroic Spirit Sleeping Path Cave Deepest Level: First Space,英霊眠りし道 洞窟 深層 第一の間
SPOT_NAME_1154,Heroic Spirit Sleeping Path Cave Deepest Level: Second Space,英霊眠りし道 洞窟 深層 第二の間
SPOT_NAME_1155,Heroic Spirit Sleeping Path Cave Deepest Level: Third Space,英霊眠りし道 洞窟 深層 第三の間
SPOT_NAME_1156,Heroic Spirit Sleeping Path Cave Deepest Level: Fourth Space,英霊眠りし道 洞窟 深層 第四の間
SPOT_NAME_1157,Heroic Spirit Sleeping Path Waterway: Byway,英霊眠りし道 水路 脇道
SPOT_NAME_1158,Heroic Spirit Sleeping Path Waterway: First Space,英霊眠りし道 水路 第一の間
SPOT_NAME_1159,Heroic Spirit Sleeping Path Waterway: Second Space,英霊眠りし道 水路 第二の間
SPOT_NAME_1160,Heroic Spirit Sleeping Path Waterway: Third Space,英霊眠りし道 水路 第三の間
SPOT_NAME_1161,Heroic Spirit Sleeping Path Waterway: Fourth Space,英霊眠りし道 水路 第四の間
SPOT_NAME_1162,Heroic Spirit Sleeping Path Cave Deepest Level: Byway,英霊眠りし道 洞窟 深層 脇道
SPOT_NAME_1163,Heroic Spirit Sleeping Path Shrine: Stone Statue Space,英霊眠りし道 祠 石像の間
SPOT_NAME_1164,Heroic Spirit Sleeping Path Cave: Stone Statue Space,英霊眠りし道 洞窟 石像の間
SPOT_NAME_1165,Heroic Spirit Sleeping Path Cave Deepest Level: Stone Statue Space,英霊眠りし道 洞窟 深層 石像の間
SPOT_NAME_1166,Heroic Spirit Sleeping Path Waterway: Stone Statue Space,英霊眠りし道 水路 石像の間
SPOT_NAME_1167,Heroic Spirit Sleeping Path Waterway: War God Space,英霊眠りし道 水路 武神の間
SPOT_NAME_1168,Eli Guard Tower,エリ警備塔
SPOT_NAME_1169,Mergoda Golden Palace,メルゴダ・黄金宮
SPOT_NAME_1170,Fort Thines: Great Dining Hall,ティネス砦　大食堂
SPOT_NAME_1171,Heroic Spirit Sleeping Path Ruins,英霊眠りし道 遺跡
SPOT_NAME_1172,Heroic Spirit Sleeping Path Ruins: Passage,英霊眠りし道 遺跡 通路
SPOT_NAME_1173,Heroic Spirit Sleeping Path Ruins: Spiral Corridor,英霊眠りし道 遺跡 螺旋回廊
SPOT_NAME_1174,Heroic Spirit Sleeping Path Ruins: First Space,英霊眠りし道 遺跡 第一の間
SPOT_NAME_1175,Heroic Spirit Sleeping Path Ruins: Second Space,英霊眠りし道 遺跡 第二の間
SPOT_NAME_1176,Heroic Spirit Sleeping Path Ruins: Third Space,英霊眠りし道 遺跡 第三の間
SPOT_NAME_1177,Heroic Spirit Sleeping Path Ruins: Fourth Space,英霊眠りし道 遺跡 第四の間
SPOT_NAME_1178,Heroic Spirit Sleeping Path Ruins: Stone Statue Space,英霊眠りし道 遺跡 石像の間
SPOT_NAME_1179,Heroic Spirit Sleeping Path Well: Entrance,英霊眠りし道 井戸 入口
SPOT_NAME_1180,Heroic Spirit Sleeping Path Well,英霊眠りし道 井戸
SPOT_NAME_1181,Heroic Spirit Sleeping Path Well: Passage,英霊眠りし道 井戸 通路
SPOT_NAME_1182,Heroic Spirit Sleeping Path Well Depths,英霊眠りし道 井戸 深部
SPOT_NAME_1183,Heroic Spirit Sleeping Path Well: First Space,英霊眠りし道 井戸 第一の間
SPOT_NAME_1184,Heroic Spirit Sleeping Path Well: Second Space,英霊眠りし道 井戸 第二の間
SPOT_NAME_1185,Heroic Spirit Sleeping Path Well: Third Space,英霊眠りし道 井戸 第三の間
SPOT_NAME_1186,Heroic Spirit Sleeping Path Well: Fourth Space,英霊眠りし道 井戸 第四の間
SPOT_NAME_1187,Heroic Spirit Sleeping Path Well: Stone Statue Space,英霊眠りし道 井戸 石像の間
SPOT_NAME_1188,Heroic Spirit Sleeping Path Tomb,英霊眠りし道 墓所
SPOT_NAME_1189,Heroic Spirit Sleeping Path Tomb: Passage,英霊眠りし道 墓所 通路
SPOT_NAME_1190,Heroic Spirit Sleeping Path Tomb: Hall,英霊眠りし道 墓所 広間
SPOT_NAME_1191,Heroic Spirit Sleeping Path Tomb: First Space,英霊眠りし道 墓所 第一の間
SPOT_NAME_1192,Heroic Spirit Sleeping Path Tomb: Second Space,英霊眠りし道 墓所 第二の間
SPOT_NAME_1193,Heroic Spirit Sleeping Path Tomb: Third Space,英霊眠りし道 墓所 第三の間
SPOT_NAME_1194,Heroic Spirit Sleeping Path Tomb: Fourth Space,英霊眠りし道 墓所 第四の間
SPOT_NAME_1195,Heroic Spirit Sleeping Path Tomb: Stone Statue Space,英霊眠りし道 墓所 石像の間
SPOT_NAME_1196,Heroic Spirit Sleeping Path Ruins: Deepest Level,英霊眠りし道 遺跡 深層
SPOT_NAME_1197,Heroic Spirit Sleeping Path Ruins Deepest Level: Hall,英霊眠りし道 遺跡 深層 広間
SPOT_NAME_1198,Heroic Spirit Sleeping Path Ruins Deepest Level: Passage,英霊眠りし道 遺跡 深層 通路
SPOT_NAME_1199,Heroic Spirit Sleeping Path Ruins Deepest Level: Hidden Passage,英霊眠りし道 遺跡 深層 隠し通路
SPOT_NAME_1200,Heroic Spirit Sleeping Path Ruins Deepest Level: Great Hall,英霊眠りし道 遺跡 深層 大広間
SPOT_NAME_1201,Heroic Spirit Sleeping Path Ruins Deepest Level: First Space,英霊眠りし道 遺跡 深層 第一の間
SPOT_NAME_1202,Heroic Spirit Sleeping Path Ruins Deepest Level: Second Space,英霊眠りし道 遺跡 深層 第二の間
SPOT_NAME_1203,Heroic Spirit Sleeping Path Ruins Deepest Level: Third Space,英霊眠りし道 遺跡 深層 第三の間
SPOT_NAME_1204,Heroic Spirit Sleeping Path Ruins Deepest Level: Fourth Space,英霊眠りし道 遺跡 深層 第四の間
SPOT_NAME_1205,Heroic Spirit Sleeping Path Ruins Deepest Level: Stone Statue Space,英霊眠りし道 遺跡 深層 石像の間
SPOT_NAME_1207,Heroic Spirit Sleeping Path Ruins Deepest Level: War God Space,英霊眠りし道 遺跡 深層 武神の間
SPOT_NAME_1209,Lookout Castle: Courtyard,展望城 中庭
SPOT_NAME_1210,Megadosys Old Road,メガドシス古道
SPOT_NAME_1211,Hidden Waterway to Megado,メガドへの隠れ水路
SPOT_NAME_1212,Tarie Small Tower,タリーエの小塔
SPOT_NAME_1213,Sage Tower Ruins,聖遺の塔
SPOT_NAME_1214,Reserve,予備枠
SPOT_NAME_1215,Plateau Shack,高地のあばら屋
SPOT_NAME_1216,Northern Bandit Hideout,北の盗賊のアジト
SPOT_NAME_1217,Firefall Mountain Campsite,火垂れ山野営地
SPOT_NAME_1218,Megado Detached Palace,メガド離宮
SPOT_NAME_1219,Sacred Flame Path,聖炎の参竜道
SPOT_NAME_1220,The Royal Family Mausoleum,王家の墓
SPOT_NAME_1221,Evil Dragon's Roost,悪しき竜のねぐら
SPOT_NAME_1223,Soldier Station,兵士詰所
SPOT_NAME_1224,Meeting Spot,集会場
SPOT_NAME_1225,Barracks,兵舎
SPOT_NAME_1226,First Prison Camp,第一捕虜収容所
SPOT_NAME_1227,First Gate,第一の門
SPOT_NAME_1228,First Defense Area,第一防衛区画
SPOT_NAME_1229,Large Training Area,大演習場
SPOT_NAME_1230,Isolation Barracks,隔離兵舎
SPOT_NAME_1231,Second Prison Camp,第二捕虜収容所
SPOT_NAME_1232,Second Gate,第二の門
SPOT_NAME_1233,Second Defense Area,第二防衛区画
SPOT_NAME_1234,Final Defense Area,最終防衛区画
SPOT_NAME_1235,Lookout Castle Exterior,展望城城外
SPOT_NAME_1236,Lookout Castle Exterior: Sonel's Camp,展望城城外 ソネルキャンプ
SPOT_NAME_1237,Tent's Secret Path,テントの抜け道
SPOT_NAME_1238,Fortress City Megado: City Gate,城塞都市メガド 城門
SPOT_NAME_1239,Vanessa's Private Room,ヴァネッサの私室
SPOT_NAME_1240,Fortress City Megado: Main Street,城塞都市メガド 大通り
SPOT_NAME_1241,Fortress City Megado: Beauty Salon,城塞都市メガド 美容院前
SPOT_NAME_1242,Fortress City Megado: Rear Square,城塞都市メガド 裏広場
SPOT_NAME_1243,Fortress City Megado: Plaza,城塞都市メガド 広場
SPOT_NAME_1244,Fortress City Megado: Tavern,城塞都市メガド 酒場
SPOT_NAME_1245,Fortress City Megado: Before Old Heroic Spirit Shrine,城塞都市メガド 旧英霊廟前
SPOT_NAME_1246,Fortress City Megado: Before Water Wheel Room,城塞都市メガド 水車部屋前
SPOT_NAME_1247,Fortress City Megado: Craft Room,城塞都市メガド クラフトルーム
SPOT_NAME_1248,Royal Family's Hidden Chamber (Megadosys Plateau),王家の隠れ部屋 メガドシス高地
SPOT_NAME_1249,Royal Family's Hidden Chamber (Urteca Mountains),王家の隠れ部屋 ウルテカ山岳
SPOT_NAME_1250,Old Tekia Grotto: Central Part,古テキア洞窟　中心部
SPOT_NAME_1251,Fortress City Megado,城塞都市メガド
SPOT_NAME_1252,Megadosys Old Road: Feryana Direction,メガドシス古道 フェルヤナ方面
SPOT_NAME_1253,Megadosys Old Road: Mountainside,メガドシス古道 中腹
SPOT_NAME_1254,Megadosys Old Road: Megadosys Direction,メガドシス古道 メガドシス方面
SPOT_NAME_1255,Royal Family's Hidden Chamber (Megadosys Plateau),王家の隠れ部屋 メガドシス高地
SPOT_NAME_1256,Royal Family's Hidden Chamber (Megadosys Plateau),王家の隠れ部屋 メガドシス高地
SPOT_NAME_1257,Royal Family's Hidden Chamber (Megadosys Plateau),王家の隠れ部屋 メガドシス高地
SPOT_NAME_1258,Royal Family's Hidden Chamber (Megadosys Plateau),王家の隠れ部屋 メガドシス高地
SPOT_NAME_1259,Quiet Concealed Cave: Cave Passage,静穏の隠れ洞 洞窟通路
SPOT_NAME_1260,Quiet Concealed Cave: Cave Passage,静穏の隠れ洞 洞窟通路
SPOT_NAME_1261,Innermost Quiet Concealed Cave,静穏の隠れ洞 最奥
SPOT_NAME_1262,Megado Water Supply Network: Passage,メガド上水網 通路
SPOT_NAME_1263,Megado Water Supply Network Inner Depths,メガド上水網 深層部
SPOT_NAME_1264,Shrine of Combat: Spirit Path,戦練の社 霊の路
SPOT_NAME_1265,Shrine of Combat: Spirit Path,戦練の社 霊の路
SPOT_NAME_1266,Shrine of Combat: Immortal Road,戦練の社 不死の路
SPOT_NAME_1267,Shrine of Combat: Immortal Road,戦練の社 不死の路
SPOT_NAME_1268,Shrine of Combat: Nature's Path,戦練の社 自然の路
SPOT_NAME_1269,Shrine of Combat: Deepest Depths,戦練の社 最奥
SPOT_NAME_1270,Fortress City Megado: Royal Palace Level Throne,城塞都市メガド 王宮層 玉座
SPOT_NAME_1271,Bitterblack Maze Cove,黒呪の迷宮：入り江
SPOT_NAME_1272,Memory of Megadosys Old Road: Byway,大地の記憶 メガドシス古道 脇道
SPOT_NAME_1273,Forest of Mist Conquest Area 1,霧の森 征圧エリア １
SPOT_NAME_1274,Forest of Mist Conquest Area 2,霧の森 征圧エリア ２
SPOT_NAME_1275,Forest of Mist Conquest Area 3,霧の森 征圧エリア ３
SPOT_NAME_1276,Forest of Mist Conquest Area 4,霧の森 征圧エリア ４
SPOT_NAME_1277,Forest of Mist Conquest Area 5,霧の森 征圧エリア ５
SPOT_NAME_1278,Forest of Mist Conquest Area 6,霧の森 征圧エリア ６
SPOT_NAME_1279,Forest of Mist Conquest Area 7,霧の森 征圧エリア ７
SPOT_NAME_1280,Forest of Mist,霧の森
SPOT_NAME_1281,Lookout Castle: Harbor,展望城 港
SPOT_NAME_1282,Eastern Urteca Mountains,ウルテカ山岳 東部
SPOT_NAME_1283,Northern Urteca Mountains,ウルテカ山岳 北部
SPOT_NAME_1284,Western Urteca Mountains,ウルテカ山岳 西部
SPOT_NAME_1285,Crumbling Entrance Path,崩れた進入路
SPOT_NAME_1286,Door to the Other World,異界の扉
SPOT_NAME_1287,Before the Tomb of the Royal Family,王家の墓前
SPOT_NAME_1288,Old Heroic Spirit Shrine,旧英霊廟
SPOT_NAME_1289,Cave of Rest: Middle Level,憩いの坑洞 中層
SPOT_NAME_1290,Cave of Rest Innermost Depths,憩いの坑洞 最深部
SPOT_NAME_1291,Crumbling Entrance Path Innermost Depths,崩れた進入路 最深部
SPOT_NAME_1292,Firefall Mountain Dragon Temple: Middle Level,火垂れ山拝竜院 中層
SPOT_NAME_1293,Firefall Mountain Dragon Temple Innermost Depths,火垂れ山拝竜院 最深部
SPOT_NAME_1294,The Burial Chamber of the Unmourned Innermost Depths,悼まれぬ者の葬室 最深部
SPOT_NAME_1295,The Burial Chamber of the Unmourned: Cell of the Immortals,悼まれぬ者の葬室 不死者の房
SPOT_NAME_1296,The Burial Chamber of the Unmourned: Funeral Pyre,悼まれぬ者の葬室　火炎体の巣窟
SPOT_NAME_1297,Memory of Megadosys Old Road: Feryana Direction,大地の記憶 メガドシス古道 フェルヤナ方面
SPOT_NAME_1298,Memory of Megadosys Old Road: Mountainside,大地の記憶 メガドシス古道 中腹
SPOT_NAME_1299,Memory of Megadosys Old Road: Megadosys Direction,大地の記憶 メガドシス古道 メガドシス方面
SPOT_NAME_1300,Innermost Royal Family Mausoleum,王家の墓 最奥
SPOT_NAME_1301,Sacred Flame Path: Upper Level,聖炎の参竜道 上層
SPOT_NAME_1302,Memory of Megadosys: War God Space,メガドシスの記憶 武神の間
SPOT_NAME_1303,Memory of Urteca: War God Space,ウルテカの記憶 武神の間
SPOT_NAME_1304,Memory of Urteca: Western Entrance,ウルテカの記憶 西部 入口
SPOT_NAME_1305,Memory of Urteca: Eastern Entrance,ウルテカの記憶 東部 入口
SPOT_NAME_1306,Memory of Urteca: Northern Entrance,ウルテカの記憶 北部 入口
SPOT_NAME_1307,Bitterblack Maze,黒呪の迷宮
SPOT_NAME_1308,Bitterblack Maze: The Abyss,黒呪の迷宮 深淵
SPOT_NAME_1309,Darkness Shrouded Megado Corridor 1st Floor,闇に覆われたメガド回廊 １階
SPOT_NAME_1310,Darkness Shrouded Megado Corridor 3rd Floor,闇に覆われたメガド回廊 ３階
SPOT_NAME_1311,Darkness Shrouded Dreed Castle Central Staircase,闇に覆われたドリード城 中央階段
SPOT_NAME_1312,Darkness Shrouded Dreed Castle Underground Waterway,闇に覆われたドリード城 地下水路
SPOT_NAME_1313,Darkness Shrouded Military Training Facility 1st Floor,闇に覆われた軍事演習棟 １階
SPOT_NAME_1314,Darkness Shrouded Alchemy Research Building 1st Floor,闇に覆われた錬金研究棟 １階
SPOT_NAME_1315,Darkness Shrouded Military Training Facility 2nd Floor,闇に覆われた軍事演習棟 ２階
SPOT_NAME_1316,Darkness Shrouded Alchemy Research Building 2nd Floor,闇に覆われた錬金研究棟 ２階
SPOT_NAME_1317,Darkness Shrouded Military Training Facility,闇に覆われた軍事演習棟
SPOT_NAME_1318,Darkness Shrouded Alchemy Research Building,闇に覆われた錬金研究棟
SPOT_NAME_1319,Spun Together Hope,【紡ぎし望み】悪しき竜のねぐら
SPOT_NAME_1320,"Shadolean Great Temple, Unshrouded",闇に覆われる前のシェドレアン大神殿
SPOT_NAME_1321,"Megado Corridor, Unshrouded",闇に覆われる前のメガド回廊
