key,new,old,format/proper,format/new
STAGE_NAME_1,Lestania,レスタニア,true,
STAGE_NAME_2,The White Dragon Temple,白竜神殿レーゼ,,White Dragon Temple
STAGE_NAME_3,Audience Chamber,謁見の間,,
STAGE_NAME_4,Craft Room,クラフトルーム,,
STAGE_NAME_5,Cave Harbor,港洞,,
STAGE_NAME_8,House,民家,,
STAGE_NAME_9,House,民家,,
STAGE_NAME_10,House,民家,,
STAGE_NAME_11,House,民家,,
STAGE_NAME_12,House,民家,,
STAGE_NAME_13,House,民家,,
STAGE_NAME_14,House,民家,,
STAGE_NAME_15,Flavell's Shop,フラベルの店,,
STAGE_NAME_16,Lone House in the Forest,森の一軒家,,
STAGE_NAME_17,House,民家,,
STAGE_NAME_18,House,民家,,
STAGE_NAME_19,Pedro's General Store,ペドロ雑貨店,,
STAGE_NAME_20,Yanks' Weapon Shop,ヤンクスの武器屋,,
STAGE_NAME_21,House,民家,,
STAGE_NAME_22,Ivan's Lodge,イヴァンの山小屋,true,
STAGE_NAME_23,Eterna's Outfitter,エテルナ装具屋,,
STAGE_NAME_24,White Deer Inn,リンウッド組合宿　白鹿亭,,
STAGE_NAME_25,Black Grape Inn,テル組合宿　黒ブドウ亭,,
STAGE_NAME_26,Sea Dragon Inn,ローテス組合宿　海竜亭,,
STAGE_NAME_27,Supply Store,食糧庫,,
STAGE_NAME_28,Forest Ruins Cellar,森の廃墟地下,,
STAGE_NAME_29,Abandoned House Cellar,廃屋の地下室,,
STAGE_NAME_30,Supply Store Ruins,廃墟の食糧庫,,
STAGE_NAME_31,Wine Cellar Ruins,崩れかけたワイン庫,,
STAGE_NAME_32,Lighthouse Underground Stores,灯台の地下倉庫,,
STAGE_NAME_33,Seaside Cellar,海辺の地下室,,
STAGE_NAME_34,Beach Underground Stores,浜辺の地下保管庫,,
STAGE_NAME_35,Underground Stores,地下倉庫,,
STAGE_NAME_36,Cell,根の独房,,
STAGE_NAME_37,Ruins Site Cellar,遺跡の地下室,,
STAGE_NAME_38,Plains Abandoned House Cellar,平原の廃墟地下室,,
STAGE_NAME_39,Ruins Cellar,廃墟の地下室,,
STAGE_NAME_40,Dry Underground Stores,乾いた地下倉庫,,
STAGE_NAME_41,Ruins Site Cellar,遺跡の地下室,,
STAGE_NAME_42,House,民家,,
STAGE_NAME_43,House,民家,,
STAGE_NAME_44,House,民家,,
STAGE_NAME_45,House,民家,,
STAGE_NAME_46,House,民家,,
STAGE_NAME_47,Lighthouse Keeper's House,灯台守の家,,
STAGE_NAME_48,Singing Winds Inn,ジンゲン組合宿　風啼き亭,,
STAGE_NAME_49,Raul's Arms and Armor Workshop,ラウル武具工房,,
STAGE_NAME_50,Brandon's Armor Shop,ブランドン武具店,,
STAGE_NAME_51,Lone House in the Valley,渓谷の一軒家,,
STAGE_NAME_52,Red Crystal Inn,キノザ組合宿　紅水晶亭,,
STAGE_NAME_53,Sleeping Wolf Inn,ドラワン組合宿　眠り狼亭,,
STAGE_NAME_54,Casey's General Store,ケイシーの雑貨店,,
STAGE_NAME_55,Hermit's House,隠者の家,,
STAGE_NAME_56,Specialist Trading Post,術師の取引所,,
STAGE_NAME_57,Oswald's Armor Shop,オズワルドの武具店,,
STAGE_NAME_58,Mergodan Residence,メルゴダ民の住居,,
STAGE_NAME_59,Mergodan Residence,メルゴダ民の住居,,
STAGE_NAME_60,Old Capital Ruins,廃都の住居跡,,
STAGE_NAME_61,Golden Tankard Inn,ゾマ組合宿　金の杯亭,,
STAGE_NAME_62,An Alchemist's Home,さる錬金術師の家,true,
STAGE_NAME_63,Theodor's Alchemy Workshop,テオドール錬金工房,true,
STAGE_NAME_64,Elixir Refining Chamber,エリクシル精製室,,
STAGE_NAME_65,Old Capital Ruins,廃都の住居跡,,
STAGE_NAME_66,Gritten Fort,グリッテン砦,true,
STAGE_NAME_67,Glowworm Cave,燐光虫の洞窟,,
STAGE_NAME_68,Gardnox Fortress,ガルドノック砦,true,
STAGE_NAME_69,Dreed Castle,ドリード城,true,
STAGE_NAME_70,Erte Deenan,エルテ・ディナン,true,
STAGE_NAME_71,Gritten Fort,グリッテン砦,true,
STAGE_NAME_72,Volden Large Tunnels,ボルド大坑道,,
STAGE_NAME_73,Dragon's Nest,竜の巣,,
STAGE_NAME_74,Temple of Purification,禊の神殿,,
STAGE_NAME_75,The Golden Palace,黄金宮,,Golden Palace
STAGE_NAME_76,Mergoda Ruins: Lower Level,亡都メルゴダ　下層,,
STAGE_NAME_77,Mergoda Security District,メルゴダ護政区,,
STAGE_NAME_78,Pawn Cathedral,ポーン郷,,
STAGE_NAME_79,Ancient Place of Rituals,古の祭祀場,,
STAGE_NAME_80,Kinoza Mineral Springs,キノザ鉱泉,true,
STAGE_NAME_81,Temple of Purification: South Chamber,禊の神殿　離殿,,
STAGE_NAME_82,Ancient Place of Rituals,古の祭祀場,,
STAGE_NAME_83,Gritten Fort,グリッテン砦,true,
STAGE_NAME_84,Mergoda Ruins: Royal Palace Level,亡都メルゴダ　王宮層,,
STAGE_NAME_85,Hidell Catacombs,ハイデル地下霊廟,,
STAGE_NAME_86,Abandoned Boneyard,廃骨場,,
STAGE_NAME_87,Blocked Passage,開かずの路,,
STAGE_NAME_88,Small Cave Tombs,死者の小窟,,
STAGE_NAME_89,Abandoned Underground Passage,棄てられた地下道,,
STAGE_NAME_90,Catacombs,カタコンベ,,
STAGE_NAME_91,Betland Cemetery,バートランド墓地,,
STAGE_NAME_92,Dead Lord's Labyrinth,死王の迷宮,,
STAGE_NAME_93,Shrine of Resentment,怨嗟の祠,,
STAGE_NAME_94,Empty Chapel,虚ろの小堂,,
STAGE_NAME_95,Hobolic Cave,ホボリック洞穴,,
STAGE_NAME_96,Miners' Secret Route,採掘師の隠れ道,,
STAGE_NAME_97,Forest People's Tunnel,森民の地下道,,
STAGE_NAME_98,Roaring Tide Cave,潮騒洞窟,,
STAGE_NAME_99,Howling Wind Cave,風鳴り洞窟,,
STAGE_NAME_100,Cliff Tunnels,断崖の坑道,,
STAGE_NAME_101,Volden Narrow Tunnels,ボルド小坑道,,
STAGE_NAME_102,Bandit Hideaway,盗賊の隠れ家,,
STAGE_NAME_103,Fiend's Cavern,悪鬼の岩窟,,
STAGE_NAME_104,Southern Wall Fissure,南壁のひび,,
STAGE_NAME_105,Secret Bowmaker's Home,秘弓師の住居,,
STAGE_NAME_106,Le Karvas Patiro,レ・カルバス・パティーロ,,
STAGE_NAME_107,Le Karvas Lotana,レ・カルバス・ロタナ,,
STAGE_NAME_108,Le Karvas Salto,レ・カルバス・サルトー,true,
STAGE_NAME_109,Le Karvas Arma,レ・カルバス・アーマ,true,
STAGE_NAME_110,Dark Green Terrace,深緑のテラス,,
STAGE_NAME_111,Sacred Spring Terrace,霊泉のテラス,,
STAGE_NAME_112,Greenleaf Terrace,蒼葉のテラス,,
STAGE_NAME_113,Sunset Terrace,斜陽のテラス,,
STAGE_NAME_114,Moonlight Terrace,月影のテラス,,
STAGE_NAME_115,Dreed Drainage Channels,ドリード排水路,,
STAGE_NAME_116,Cesspool,汚水溜め,,
STAGE_NAME_117,Underground Side Entrance,地下通用口,,
STAGE_NAME_118,Foul Water Channel,不浄の地下水道,,
STAGE_NAME_119,North Drainage Channel,北側排水路,,
STAGE_NAME_120,Knights' Old Route,旧騎士団連絡路,,
STAGE_NAME_121,Balcony,中二階,,
STAGE_NAME_122,Purified Water Section,浄水区,,
STAGE_NAME_123,Knights' Old Storehouse,旧騎士団資材庫,,
STAGE_NAME_124,Lakeside Cellar,湖岸地下室,,
STAGE_NAME_125,Fort's Old Well,城の古井戸,,
STAGE_NAME_126,Tel's Withered Well,テルの枯れ井戸,true,
STAGE_NAME_127,Village's Abandoned Well,村の枯れ井戸,,
STAGE_NAME_128,Old Spring,旧鉱泉湧き口,,
STAGE_NAME_129,Common Waterhole,生活用水汲み場,,
STAGE_NAME_130,Decaying Well,朽ちかけた井戸,,
STAGE_NAME_131,Keening Well,啼き井戸,,
STAGE_NAME_132,Sage's Old Well,賢者の古井戸,,
STAGE_NAME_133,Lighthouse Old Well,灯台下の古井戸,,
STAGE_NAME_134,Abandoned Well on Hidell Road,ハイデル街道の枯れ井戸,,
STAGE_NAME_135,Training Chapel,修練の祠,,
STAGE_NAME_136,Valley Chapel,渓谷の小堂,,
STAGE_NAME_137,Mysree Grove Shrine,標の祠　ミスリウ森林深部,,
STAGE_NAME_138,Summit Chapel,山頂の小堂,,
STAGE_NAME_139,Zandora Wastelands Shrine,標の祠　ザンドラ禁域,,
STAGE_NAME_140,The Rift,異界の狭間,,Rift
STAGE_NAME_141,Breya Coast,ブリア海岸,true,
STAGE_NAME_142,The Rift,異界の狭間,,Rift
STAGE_NAME_143,The Ark,アーク,,Ark
STAGE_NAME_144,The Second Ark,第二のアーク,,Second Ark
STAGE_NAME_145,The Third Ark,第三のアーク,,Third Ark
STAGE_NAME_146,The Ark,アーク,,Ark
STAGE_NAME_147,The Second Ark,第二のアーク,,Second Ark
STAGE_NAME_148,The Third Ark,第三のアーク,,Third Ark
STAGE_NAME_149,Lakebottom Connecting Passage,湖底連絡路,,
STAGE_NAME_150,War Demons' Hideout,戦鬼の影穴,,
STAGE_NAME_151,Dreed Waterway Ruins,ドリード水路跡,,
STAGE_NAME_152,Kinoza Flood Control Channel,キノザ治水路,,
STAGE_NAME_153,Lynwood Underground Waterway,リンウッド地下水路,,
STAGE_NAME_154,Knights' Old Guardhouse,旧騎士団詰め所,,
STAGE_NAME_155,Betland Underground Passage,バートランド地下道,,
STAGE_NAME_156,Tegor Flood Control Channel,テゴル治水路,,
STAGE_NAME_157,Mergoda Flood Channels,メルゴダ大水網,,
STAGE_NAME_158,Blue Waterway,蒼水路,,
STAGE_NAME_159,Mysree Limestone Cave,ミスリウ鍾乳洞,,
STAGE_NAME_160,Demon's Den,魔獣の巣穴,,
STAGE_NAME_161,Hunters' Secret Passage,狩人の抜け穴,,
STAGE_NAME_162,Sacred Tree Terrace,聖樹のテラス,,
STAGE_NAME_163,Divine Blossom Terrace,神花のテラス,,
STAGE_NAME_164,Old Underground Laboratory,旧地下実験所,,
STAGE_NAME_165,Sealed Old Well,閉ざされた古井戸,,
STAGE_NAME_166,Partly-Dug Well,掘削中の井戸,,
STAGE_NAME_167,Groaning Old Well,呻きの枯れ井戸,,
STAGE_NAME_168,Neophyte's Cellar,術師の地下泉,,
STAGE_NAME_169,Water Channel Ruins,取水場跡,,
STAGE_NAME_170,Deep Water's Edge,水陰の淵辺,,
STAGE_NAME_171,Bower Old Well,木陰の古井戸,,
STAGE_NAME_172,Fairy's Withered Well,妖精の枯れ井戸,,
STAGE_NAME_173,Underground Crypt,地下納骨堂,,
STAGE_NAME_174,st0000 Test stage 0,st0000 テストステージ,,
STAGE_NAME_175,st0001 Event backstage room 1,st0001 裏読み検証ステージ,,
STAGE_NAME_176,st0002 Event backstage room 2,st0002 ランダム検証ステージ,,
STAGE_NAME_177,st0003 Event backstage room 3,st0003 カスタム検証ステージ,,
STAGE_NAME_178,st0004 Old Parts Edit Stage,st0004 旧パーツ編集ステージ,,
STAGE_NAME_179,st0005 Sound testing stage,st0005 旧サウンド検証部屋,,
STAGE_NAME_180,st0006 World reset check room,st0006 ワールドオフセット動作確認部屋,,
STAGE_NAME_181,st0007 Effect materials room,st0007 効果マテリアル部屋,,
STAGE_NAME_182,st0008 AI Testing Room,st0008 ＡＩ検証部屋,,
STAGE_NAME_183,st0009 Weather testing stage,st0009 天候検証ステージ,,
STAGE_NAME_184,st0010 Backdrop testing room,st0010 背景検証部屋,,
STAGE_NAME_185,st0011 Parts editing stage (with sky),st0011 パーツ編集ステージ（skyあり）,,
STAGE_NAME_186,st0012 Parts Editing Stage (no sky),st0012 パーツ編集ステージ（skyなし）,,
STAGE_NAME_187,st0013 Climbing testing room,st0013 クライム検証部屋,,
STAGE_NAME_188,st0014 Sound Testing stage 2,st0014 サウンド検証部屋2,,
STAGE_NAME_189,st0015 Standard model room (field),st0015 モデル基準部屋（フィールド）,,
STAGE_NAME_190,st0016 Standard model room (dungeon),st0016 モデル基準部屋（ダンジョン）,,
STAGE_NAME_191,st0017 Event testing room,st0017 イベント検証部屋,,
STAGE_NAME_192,st0018 OM Testing Room,st0018 ＯＭ検証部屋,,
STAGE_NAME_193,st0020 test room (Matsuda),st0020 テスト部屋（松田）,,
STAGE_NAME_194,st0021 test room (k2 yoshida),st0021 テスト部屋（Ｋ２吉田）,,
STAGE_NAME_195,st0022 test room (K2 Kondo),st0022 テスト部屋（Ｋ２近藤）,,
STAGE_NAME_196,st0023 test room (Fujikawa),st0023 テスト部屋（藤川）,,
STAGE_NAME_197,st0024 test room ( western addition),st0024 テスト部屋（西増）,,
STAGE_NAME_198,st0025 test room (kitagakiuchi),st0025 テスト部屋（北垣内）,,
STAGE_NAME_199,st0026 test room (mukai),st0026 テスト部屋（向井）,,
STAGE_NAME_200,st0027 test room (oya),st0027 テスト部屋（大宅）,,
STAGE_NAME_201,st0028 test room (urago),st0028 テスト部屋（浦郷）,,
STAGE_NAME_202,st0029 test room (Watanabe),st0029 テスト部屋（渡辺）,,
STAGE_NAME_203,st0030 test room ( Jungwei),st0030 テスト部屋（ジュンウェイ）,,
STAGE_NAME_204,st0031 test room (kawasaki),st0031 テスト部屋（川崎）,,
STAGE_NAME_205,st0032 test room (sakamoto),st0032 テスト部屋（坂本）,,
STAGE_NAME_206,"st0033 test room (Yamamoto, T.)",st0033 テスト部屋（山本(高)）,,
STAGE_NAME_207,st0034 test room (bano),st0034 テスト部屋（坂野）,,
STAGE_NAME_208,st0035 test room (hamashima),st0035 テスト部屋（浜島）,,
STAGE_NAME_209,st0036 test room (tamura),st0036 テスト部屋（田村）,,
STAGE_NAME_210,st0037 testing room (ito),st0037 テスト部屋（伊藤(軍曹)）,,
STAGE_NAME_211,st0038 test room (shinagawa),st0038 テスト部屋（品川）,,
STAGE_NAME_212,st0039 test room (Konno),st0039 テスト部屋（今野）,,
STAGE_NAME_213,st0040 testing room (quest group),st0040 テスト部屋（クエスト班）,,
STAGE_NAME_214,st0041 test room (raid boss),st0041 テスト部屋（レイドボス）,,
STAGE_NAME_215,st0042 testing room (orc),st0042 テスト部屋（樫本）,,
STAGE_NAME_216,st0043 test room (nakaya),st0043 テスト部屋（中谷）,,
STAGE_NAME_217,st0044 test room ( Murai),st0044 テスト部屋（馬来）,,
STAGE_NAME_218,st0045 test room (stone bridge),st0045 テスト部屋（石橋）,,
STAGE_NAME_219,st0046 testing room (ueda),st0046 テスト部屋（上田）,,
STAGE_NAME_220,st0050 planning and verification room 00,st0050 企画検証部屋 00,,
STAGE_NAME_221,st0051 planning and verification room 01,st0051 企画検証部屋 01,,
STAGE_NAME_222,st0052 planning and verification room 02,st0052 企画検証部屋 02,,
STAGE_NAME_223,st0053 planning and verification room 03,st0053 企画検証部屋 03,,
STAGE_NAME_224,st0054 planning and verification room 04,st0054 企画検証部屋 04,,
STAGE_NAME_225,st0055 planning and verification room 05,st0055 企画検証部屋 05,,
STAGE_NAME_226,st0056 planning and verification room 06,st0056 企画検証部屋 06,,
STAGE_NAME_227,st0057 planning and verification room 07,st0057 企画検証部屋 07,,
STAGE_NAME_228,st0058 planning and verification room 08,st0058 企画検証部屋 08,,
STAGE_NAME_229,st0059 Planning and Verification Room (for Staging Team),st0059 企画検証部屋 （ステージ班用）,,
STAGE_NAME_230,Battlefield outside Gritten Fort,グリッテン砦前　戦野,,
STAGE_NAME_231,Old Waterhole,旧水汲み場,,
STAGE_NAME_232,Movie Playback Room (st0150),ムービー再生部屋 (st0150),,
STAGE_NAME_233,Character Edit Room (st0160),キャラエディット部屋(st0160),,
STAGE_NAME_234,st0019 Dungeon parts testing room,st0019 パーツダンジョン検証部屋,,
STAGE_NAME_235,st0060 OM verification room (functional OM),st0060 OM検証部屋（機能ありOM）,,
STAGE_NAME_236,st0061 OM verification room (OM without functions),st0061 OM検証部屋（機能なしOM）,,
STAGE_NAME_237,Mergoda Residential Area,メルゴダ居住区,,
STAGE_NAME_238,Hidell Catacombs Depths,ハイデル地下霊廟　深部,,
STAGE_NAME_239,Hidell Catacombs Innermost Depths,ハイデル地下霊廟　最深部,,
STAGE_NAME_240,The Ark,アーク,,Ark
STAGE_NAME_241,st0062 shader collection room 1,st0062 シェーダー回収部屋１,,
STAGE_NAME_242,st0063 shader collection room 2,st0063 シェーダー回収部屋２,,
STAGE_NAME_243,st0064 shader collection room 3,st0064 シェーダー回収部屋３,,
STAGE_NAME_244,st0047 test room (Narita),st0047 テスト部屋（成田）,,
STAGE_NAME_286,Ancient Place of Rituals,古の祭祀場,,
STAGE_NAME_288,Mergoda Ruins: Royal Palace Level,亡都メルゴダ　王宮層,,
STAGE_NAME_289,The Golden Palace,黄金宮,,Golden Palace
STAGE_NAME_290,Blue Stillness Ruins,青静の遺跡,,
STAGE_NAME_293,Dark Tree Great Catacombs,冥き大地下墓地,,
STAGE_NAME_300,Gritten Fort,グリッテン砦,true,
STAGE_NAME_303,Pubs' Stage,パブ用ステージ,,
STAGE_NAME_304,Ending Office,エンディング用部屋,,
STAGE_NAME_305,st0070 pawn dungeon handling test room,st0070 ポーンダンジョン処理計測部屋,,
STAGE_NAME_306,st0071 Arc Processing Measurement Room,st0071 アーク処理計測部屋,,
STAGE_NAME_307,st0048 test room (yahagi),st0048 テスト部屋（矢萩）,,
STAGE_NAME_308,Mergoda Security District,メルゴダ護政区,,
STAGE_NAME_316,Infected Den,侵食魔の巣窟,,
STAGE_NAME_317,Expedition Garrison,調査隊駐屯地,,
STAGE_NAME_318,Cesspool of Filth,不浄の掃き溜め,,
STAGE_NAME_319,Waterfall Echo Cavern,滝鳴洞穴,,
STAGE_NAME_320,Picturesque Grotto,群像の岩屋,,
STAGE_NAME_321,Infected Den Depths,侵食魔の巣窟　奥底,,
STAGE_NAME_322,Fungal Colony Caves,菌糸の襲窟,,
STAGE_NAME_329,Knights' Depot Ruins,騎士団補給所跡,,
STAGE_NAME_330,Frigid Ancient Passage,氷気の遺路,,
STAGE_NAME_331,Crypt of Murmurs,せせらぎの地下聖堂,,
STAGE_NAME_332,Dreed Connecting Passage,ドリード連絡路,,
STAGE_NAME_333,Moltova Ruins,モルトバ遺跡,,
STAGE_NAME_334,Gardnox Wastewater Tunnel,ガルドノック廃水廊,,
STAGE_NAME_335,Bloodbane Isle,魔赤島,true,
STAGE_NAME_336,Bloodbane Isle Precipice,魔赤島・絶崖,,
STAGE_NAME_337,Bloodbane Isle Summit,魔赤島・山頂,,
STAGE_NAME_339,Protector's Retreat,守り人の庵,,
STAGE_NAME_340,Morfaul Centrum,モルフォール・セントラム,,
STAGE_NAME_341,Dana Centrum,ダナ・セントラム,,
STAGE_NAME_342,Leo's Hideout,レオのアジト,true,
STAGE_NAME_347,Clan Hall,クラン拠点,,
STAGE_NAME_348,Arisen's Room,覚者の自室,,
STAGE_NAME_349,Training Room,鍛練の小部屋,,
STAGE_NAME_350,Mayleaf's Bedroom,メイリーフの寝室,,
STAGE_NAME_351,st0080 40/50 clinging steps,st0080 40/50しがみつき段差,,
STAGE_NAME_352,st0081 40/50 climbing steps,st0081 40/50クライム段差,,
STAGE_NAME_353,st0082 40/40 clinging cylinders,st0082 40/40しがみつき円柱,,
STAGE_NAME_354,st0083 40/40 Climbing cylinders,st0083 40/40クライム円柱,,
STAGE_NAME_355,st0084 50/50 clinging central step,st0084 50/50しがみつき中央段差,,
STAGE_NAME_356,st0085 60/30 narrow length,st0085 60/30細長,,
STAGE_NAME_357,st0086 60/30 long narrow step,st0086 60/30細長段差,,
STAGE_NAME_358,st0087 10-12 time valley,st0087 10～12谷間,,
STAGE_NAME_359,st0088 double floor and slope,st0088 二重床・スロープ,,
STAGE_NAME_360,st0089 slender columns,st0089 細長柱,,
STAGE_NAME_361,Vortex of Stagnation,淀みの渦,,
STAGE_NAME_362,Vortex of Stagnation,淀みの渦,,
STAGE_NAME_363,Pit of Screams,叫びの竪穴,,
STAGE_NAME_364,Forsaken Well,見捨てられた井戸,,
STAGE_NAME_365,Dried Well by the Tower,小塔傍の枯れ井戸,,
STAGE_NAME_366,Farana Ruins,ファーラナ遺跡,,
STAGE_NAME_367,Sacred River Ruins,聖河の遺跡,,
STAGE_NAME_368,Nebula Temple,ネビュラ小神殿,true,
STAGE_NAME_369,Amburos Great Ruins,アンビュロス大遺跡 ,,
STAGE_NAME_371,Farana Plains,ファーラナ平原,,
STAGE_NAME_372,Elan Water Grove,エラン水林,,
STAGE_NAME_373,Kingal Canyon,キンガル峡谷,,
STAGE_NAME_374,Morrow Forest,モロー樹林,,
STAGE_NAME_375,Shadolean Great Temple,シェドレアン大神殿,true,
STAGE_NAME_376,Shadolean Great Temple,シェドレアン大神殿,true,
STAGE_NAME_377,Glyndwr Centrum,グリンデュア・セントラム,,
STAGE_NAME_378,Sauzanel Infected Woods,サウザネル侵林,,
STAGE_NAME_379,Between Sacred Drops,聖雫の間,,
STAGE_NAME_380,Spirit Dragon's Roost,精霊竜のねぐら,,
STAGE_NAME_381,Spirit Dragon's Roost,精霊竜のねぐら,,
STAGE_NAME_382,Hollow of Beginnings,始まりの洞,,
STAGE_NAME_383,Hollow of Beginnings,始まりの洞,,
STAGE_NAME_384,Hollow of Beginnings: Gathering Area,始まりの洞　集いの間　,,
STAGE_NAME_385,Vegasa Corridor,ヴェイガサス回廊,,
STAGE_NAME_386,Valtable Hall,ヴァルテブル・ホール,,
STAGE_NAME_387,Branch of Remembrance,追憶の枝,,
STAGE_NAME_388,Branch of Nostalgia,懐旧の枝,,
STAGE_NAME_389,Branch of Remorse,悔恨の枝,,
STAGE_NAME_390,Branch of Contemplation,静慮の枝,,
STAGE_NAME_397,Small Tower of Wisdom,知恵の小塔,,
STAGE_NAME_400,Tower of Ivanos,イヴァノスの塔,,
STAGE_NAME_401,Spirit Arts Hut,武霊の庵,,
STAGE_NAME_402,Green Nights Retreat,緑夜の庵,,
STAGE_NAME_403,Northerners Infected Woods,ノーザナス侵林,,
STAGE_NAME_404,Deepney Great Forest,ディプニエ大侵林,,
STAGE_NAME_405,The Rift's Inner Depths,異界の狭間　深層部,,Rift's Inner Depths
STAGE_NAME_406,The Ark's Lower Level,アーク　裏層,,Ark's Lower Level
STAGE_NAME_408,The Tunnel across the Bridge,橋向かいの坑道,,Tunnel across the Bridge
STAGE_NAME_409,Sunlit Underground Cave,陽射す地下洞,,
STAGE_NAME_410,Scorching Blocked Passage,灼熱の封鎖道,,
STAGE_NAME_411,Manun Village,マヌンの集落,,
STAGE_NAME_413,Danandell Cave,ダナンデール洞窟,,
STAGE_NAME_414,Path to Morrow,モローへの小路,,
STAGE_NAME_415,Dancing Rainbow Cave,虹舞い洞窟,,
STAGE_NAME_416,Jungle Limestone Caves,密林の鍾乳洞,,
STAGE_NAME_417,Invading Demons Cave,侵鬼の洞穴,,
STAGE_NAME_418,Morrow Cavern,モローケイヴァン,,
STAGE_NAME_419,Dunhain's Hall of Trials,ダナウィンの挑堂,true,
STAGE_NAME_420,Magusas Ancient Watercourse,マグサス古水路,,
STAGE_NAME_422,Hadin Underground Old Road,ハディン地下古道,,
STAGE_NAME_423,Ancient Underground Channels,古き地下水網,,
STAGE_NAME_424,Secret Proving Ground,秘匿の実験場,,
STAGE_NAME_425,Wisteria Arbor Withering Well,藤棚の枯井戸,,
STAGE_NAME_426,Stream Alley,流水の小路,,
STAGE_NAME_427,Misty Illusion Terrace,霧幻のテラス,,
STAGE_NAME_428,Heavenly Terrace,飛天のテラス,,
STAGE_NAME_429,Grinmel Ruins,グリンメル遺跡,,
STAGE_NAME_430,Ancient Burial Mound,ミスリウ古墳墓,,
STAGE_NAME_431,Penitentiary,罪人の修獄,,
STAGE_NAME_432,Mysterious Mausoleum,幽玄の霊堂,,
STAGE_NAME_433,Bloodbane Isle,魔赤島,true,
STAGE_NAME_434,Dana Chief's Home,ダナ族長の家,,
STAGE_NAME_435,Morfaul Chief's Home,モルフォール族長の家,,
STAGE_NAME_437,st0066 OM verification room ver 2.0 (OM with functions),st0066 OM検証部屋ver2.0（機能ありOM）,,
STAGE_NAME_438,st0067 OM verification room ver 2.0 (OM without functions),st0067 OM検証部屋ver2.0（機能なしOM）,,
STAGE_NAME_439,Elan Quarry Cave,エラン採石洞,,
STAGE_NAME_440,Thalati Waterway,タラーテ集水路,,
STAGE_NAME_442,Volden Large Tunnels,ボルド大坑道,,
STAGE_NAME_443,Gurgling Meditation Temple,水声の瞑堂,,
STAGE_NAME_444,Bloodbane Isle Summit,魔赤島・山頂,,
STAGE_NAME_446,The Foreigner's Cave,異人の洞窟,,
STAGE_NAME_448,Ancient Underground Shrine,古代地下宮,,
STAGE_NAME_449,The Foreigner's Remains,異人の遺跡,,
STAGE_NAME_450,The Foreigner's Tower,異人の塔,,
STAGE_NAME_451,Old Ferryman's Haunt,旧船頭寄合所,,
STAGE_NAME_452,Ancient Place of Rituals,古の祭祀場,,
STAGE_NAME_454,Thalati Waterway,タラーテ集水路,,
STAGE_NAME_455,Shadolean Great Temple,シェドレアン大神殿,true,
STAGE_NAME_458,Warped Canopy,歪みの樹冠,,
STAGE_NAME_459,Farana Plains,ファーラナ平原,,
STAGE_NAME_460,Clan Hall Board Quest Verification Room,クラン拠点ボードクエスト用検証部屋,,
STAGE_NAME_461,Rathnite Foothills,ラスニテ山麓,,
STAGE_NAME_462,Rathnite Foothills Lakeside,ラスニテ山麓　湖畔部,,
STAGE_NAME_463,Feryana Wilderness,フェルヤナ荒原,,
STAGE_NAME_464,Megadosys Plateau,メガドシス高地,,
STAGE_NAME_465,Urteca Mountains,ウルテカ山岳,,
STAGE_NAME_466,Fort Thines,ティネス砦,true,
STAGE_NAME_467,Fort Thines,ティネス砦,true,
STAGE_NAME_468,Dacreim Fortress,ダクレイム砦,true,
STAGE_NAME_469,The Foreigner's Tower,異人の塔,,
STAGE_NAME_471,The Foreigner's Underground Tomb,異人の地下墓所,,
STAGE_NAME_472,Hollow of Beginnings,始まりの洞,,
STAGE_NAME_476,Jifule Fortress,ジフール砦,true,
STAGE_NAME_477,Lookout Castle,展望城,,
STAGE_NAME_478,Lookout Castle,展望城,,
STAGE_NAME_479,Lakeside Grotto,湖畔の洞窟,,
STAGE_NAME_480,Bertha's Bandit Group Hideout,ベルタ盗賊団のアジト,true,
STAGE_NAME_481,Dark Path to the Secret Spring,秘泉への暗道,,
STAGE_NAME_482,Before the Secret Spring,秘泉の間,,
STAGE_NAME_486,Fortress City Megado: Residential Level,城塞都市メガド 居住層,,
STAGE_NAME_487,Fortress City Megado: Residential Level,城塞都市メガド 居住層,,
STAGE_NAME_488,Fortress City Megado: Royal Palace Level,城塞都市メガド 王宮層,,
STAGE_NAME_489,Megado Detached Palace,メガド離宮,,
STAGE_NAME_490,Sacred Flame Path,聖炎の参竜道,,
STAGE_NAME_491,Sacred Flame Path: Upper Level,聖炎の参竜道 上層,,
STAGE_NAME_493,Rathnite Underground Waterway,ラスニテ地下水路,,
STAGE_NAME_494,Reservoir Underground Tunnel,水源へ続く地下道,,
STAGE_NAME_495,Cave of Hell's Descent,冥府下りの洞穴,,
STAGE_NAME_496,Yimidhitt Ruins,イミズディット遺跡,,
STAGE_NAME_497,Ulta Ancient Watercourse,ウルタ古水路,,
STAGE_NAME_498,Rathnite Columbarium,ラスニテ納骨廟,,
STAGE_NAME_499,Shrine of the Eternal Blaze,劫炎の祠堂,,
STAGE_NAME_500,Thundering Roar Cave,轟咆洞,,
STAGE_NAME_501,Restless Water Channel,安息無き地下水道,,
STAGE_NAME_502,False Remains,いつわりの遺構,,
STAGE_NAME_504,Megado Water Supply Network,メガド上水網,,
STAGE_NAME_506,Shrine of Combat,戦練の社,,
STAGE_NAME_507,Cave of Rest,憩いの坑洞,,
STAGE_NAME_508,Firefall Mountain Dragon Temple,火垂れ山拝竜院,,
STAGE_NAME_509,The Burial Chamber of the Unmourned,悼まれぬ者の葬室,,
STAGE_NAME_511,Piremoth Traveler's Inn,ピレモス旅人宿,,
STAGE_NAME_512,Rothgill Traveler's Inn,ロスギル旅人宿,,
STAGE_NAME_513,Commercial room?,エルセン商会,,
STAGE_NAME_514,House,民家,,
STAGE_NAME_515,House,民家,,
STAGE_NAME_516,Royal Family's Secret Path,王家の隠れ道,,
STAGE_NAME_517,Megado Corridor,メガド回廊,,
STAGE_NAME_518,Megado Cathedral,メガド大聖堂,,
STAGE_NAME_519,Fort Thines,ティネス砦,true,
STAGE_NAME_520,Mephite Traveler's Inn,メフィテ旅人宿,,
STAGE_NAME_521,OM verification room ver 3.0 (OM with functions),OM検証部屋ver3.0（機能ありOM）,,
STAGE_NAME_522,OM verification room ver 3.0 (OM without functions),OM検証部屋ver3.0（機能なしOM）,,
STAGE_NAME_523,Bonus Dungeon (XP),ボーナスダンジョン【XP】,,
STAGE_NAME_524,Bonus Dungeon (R),ボーナスダンジョン【リム】,,
STAGE_NAME_525,Bonus Dungeon (BO),ボーナスダンジョン【BO】,,
STAGE_NAME_526,Bonus Dungeon (G),ボーナスダンジョン【ゴールド】,,
STAGE_NAME_548,[Event] Black effect room,[イベント]ED用黒のエフェクト部屋,,
STAGE_NAME_549,Heroic Spirit Sleeping Path: Rathnite Foothills,英霊眠りし道 ラスニテ山麓,,
STAGE_NAME_550,Heroic Spirit Sleeping Path: Shrine,英霊眠りし道 祠,,
STAGE_NAME_551,Heroic Spirit Sleeping Path: Cave,英霊眠りし道 洞窟,,
STAGE_NAME_552,Heroic Spirit Sleeping Path Ruins,英霊眠りし道 遺跡,,
STAGE_NAME_553,Heroic Spirit Sleeping Path Waterway,英霊眠りし道 水路,,
STAGE_NAME_554,Heroic Spirit Sleeping Path Well,英霊眠りし道 井戸,,
STAGE_NAME_555,Heroic Spirit Sleeping Path Tomb,英霊眠りし道 墓所,,
STAGE_NAME_556,Heroic Spirit Sleeping Path Ruins: Deepest Level,英霊眠りし道 遺跡 深層,,
STAGE_NAME_557,Heroic Spirit Sleeping Path: Feryana Wilderness,英霊眠りし道 フェルヤナ荒原,,
STAGE_NAME_558,Old Heroic Spirit Shrine,旧英霊廟,,
STAGE_NAME_559,Memory of Megadosys,メガドシスの記憶,,
STAGE_NAME_560,Memory of Megadosys Old Road,大地の記憶 メガドシス古道,,
STAGE_NAME_561,Memory of Megadosys: War God Space,メガドシスの記憶 武神の間,,
STAGE_NAME_563,Memory of Urteca,ウルテカの記憶,true,
STAGE_NAME_564,Memories of the Earth: Sacred Flame Path,大地の記憶 聖炎の参竜道,,
STAGE_NAME_565,Memory of Urteca: War God Space,ウルテカの記憶 武神の間,,
STAGE_NAME_566,Memory of Royal Family Mausoleum,大地の記憶 王家の墓,,
STAGE_NAME_567,Memory of Firefall Mountain Campsite,大地の記憶 火垂れ山野営地,,
STAGE_NAME_569,Cave of Hell's Descent Inner Depths,冥府下りの洞穴 深層部,,
STAGE_NAME_570,Old Tekia Grotto,古テキア洞窟,,
STAGE_NAME_571,Forest of Mist,霧の森,,
STAGE_NAME_572,Dacreim Fortress,ダクレイム砦,true,
STAGE_NAME_573,Dacreim Fortress,ダクレイム砦,true,
STAGE_NAME_574,Jifule Fortress,ジフール砦,true,
STAGE_NAME_575,Rathnite Foothills Lakeside,ラスニテ山麓　湖畔部,,
STAGE_NAME_576,Fort Thines: Great Dining Hall,ティネス砦　大食堂,true,
STAGE_NAME_578,Bonus Dungeon Lobby,ボーナスダンジョンロビー,,
STAGE_NAME_579,Feryana Wilderness by Castle,フェルヤナ荒原 城下,,
STAGE_NAME_580,Fortress City Megado: Craft Room,城塞都市メガド クラフトルーム,,
STAGE_NAME_581,Black King's Room,黒示す王の間,,
STAGE_NAME_582,The Royal Family Mausoleum,王家の墓,,Royal Family Mausoleum
STAGE_NAME_583,Evil Dragon's Roost,悪しき竜のねぐら,,
STAGE_NAME_584,Eli Guard Tower,エリ警備塔,true,
STAGE_NAME_585,Lookout Castle,展望城,,
STAGE_NAME_586,The King's Room of Concealment,隠匿の王間,,
STAGE_NAME_587,Makaimura Catacombs,魔界村地下墓地,,
STAGE_NAME_588,Evil Dragon's Roost,悪しき竜のねぐら,,
STAGE_NAME_589,Megadosys Old Road,メガドシス古道,,
STAGE_NAME_590,Hidden Waterway to Megado,メガドへの隠れ水路,,
STAGE_NAME_591,Tarie Small Tower,タリーエの小塔,,
STAGE_NAME_592,Sage Tower Ruins,聖遺の塔,,
STAGE_NAME_593,Old Tekia Grotto,古テキア洞窟,,
STAGE_NAME_594,Northern Bandit Hideout,北の盗賊のアジト,,
STAGE_NAME_595,Firefall Mountain Campsite,火垂れ山野営地,,
STAGE_NAME_596,Forest of Mist,霧の森,,
STAGE_NAME_597,Quiet Concealed Cave,静穏の隠れ洞,,
STAGE_NAME_598,Marquise Kurt's residence,クルト侯爵邸,,
STAGE_NAME_599,Fortress City Megado: Residential Level,城塞都市メガド　居住層,,
STAGE_NAME_600,Fortress City Megado: Residential Level,城塞都市メガド　居住層,,
STAGE_NAME_601,Marquise Kurt's residence,クルト侯爵邸,,
STAGE_NAME_602,Bitterblack Maze Cove,黒呪の迷宮：入り江,,
STAGE_NAME_603,Bitterblack Maze: Garden of Ignominy,黒呪の迷宮：凱旋者なき庭園,,
STAGE_NAME_604,Bitterblack Maze: Duskmoon Tower,黒呪の迷宮：羨月楼,,
STAGE_NAME_605,Bitterblack Maze: Rotunda of Dread,黒呪の迷宮：畏れの天蓋,,
STAGE_NAME_606,Event Viewer Room,イベントビューアー部屋,,
STAGE_NAME_607,Royal Family's Hidden Chamber (Megadosys Plateau),王家の隠れ部屋 メガドシス高地,,
STAGE_NAME_608,Royal Family's Hidden Chamber (Urteca Mountains),王家の隠れ部屋 ウルテカ山岳,,
STAGE_NAME_609,Crumbling Entrance Path,崩れた進入路,,
STAGE_NAME_610,Bitterblack Maze: Netherworld 1,黒呪の迷宮：冥府１,,
STAGE_NAME_611,Bitterblack Maze: Netherworld 1,黒呪の迷宮：冥府１,,
STAGE_NAME_612,Bitterblack Maze: Netherworld 1,黒呪の迷宮：冥府１,,
STAGE_NAME_613,Evil Dragon's Roost,悪しき竜のねぐら,,
STAGE_NAME_614,Bitterblack Maze: Netherworld 2,黒呪の迷宮：冥府２,,
STAGE_NAME_615,Bitterblack Maze: Netherworld 2,黒呪の迷宮：冥府２,,
STAGE_NAME_616,Bitterblack Maze: Netherworld 2,黒呪の迷宮：冥府２,,
STAGE_NAME_617,Bitterblack Maze: Netherworld 3,黒呪の迷宮：冥府３,,
STAGE_NAME_618,Bitterblack Maze: Netherworld 3,黒呪の迷宮：冥府３,,
STAGE_NAME_619,Bitterblack Maze: Netherworld 3,黒呪の迷宮：冥府３,,
STAGE_NAME_620,Bitterblack Maze: Netherworld 3,黒呪の迷宮：冥府３,,
STAGE_NAME_621,Bitterblack Maze: Netherworld 3,黒呪の迷宮：冥府３,,
STAGE_NAME_622,Bitterblack Maze: Netherworld 3,黒呪の迷宮：冥府３,,
STAGE_NAME_623,Bitterblack Maze: Rift,黒呪の迷宮：異界,,
STAGE_NAME_624,Bitterblack Maze: Rift,黒呪の迷宮：異界,,
STAGE_NAME_625,Forest of Mist,霧の森,,
STAGE_NAME_642,Event Dungeon,イベントダンジョン,,
STAGE_NAME_643,Event Dungeon,イベントダンジョン,,
STAGE_NAME_644,Event Dungeon,イベントダンジョン,,
STAGE_NAME_645,Royal Family's Hidden Chamber (Megadosys Plateau),王家の隠れ部屋 メガドシス高地,,
STAGE_NAME_646,Royal Family's Hidden Chamber (Urteca Mountains),王家の隠れ部屋 ウルテカ山岳,,
STAGE_NAME_647,Royal Family's Hidden Chamber (Urteca Mountains),王家の隠れ部屋 ウルテカ山岳,,
STAGE_NAME_648,Royal Family's Hidden Chamber (Urteca Mountains),王家の隠れ部屋 ウルテカ山岳,,
STAGE_NAME_649,3.4 Demo Room,3.4導入デモ専用部屋,,
STAGE_NAME_650,West Land of Darkness,暗黒の統べる地　西端,,
STAGE_NAME_651,South Land of Darkness,暗黒の統べる地　南端,,
STAGE_NAME_652,East Land of Darkness,暗黒の統べる地　東端,,
STAGE_NAME_653,North Land of Darkness,暗黒の統べる地　北端,,
STAGE_NAME_654,Alternative Path,選択の道,,
STAGE_NAME_655,Darkness Shrouded Shadolean Great Temple,闇に覆われたシェドレアン大神殿,,
STAGE_NAME_656,Darkness Shrouded Mergoda Royal Palace Level,闇に覆われたメガド王宮層,,
STAGE_NAME_657,Darkness Shrouded Dreed Castle,闇に覆われたドリード城,,
STAGE_NAME_658,Darkness Shrouded Mergoda Security District,闇に覆われたメルゴダ護政区,,
STAGE_NAME_659,Darkness Shrouded Shadolean Great Temple,闇に覆われたメガド回廊,,
STAGE_NAME_660,Bonus Dungeon (JP),ボーナスダンジョン【JP】,,
STAGE_NAME_661,Bonus Dungeon (HO),ボーナスダンジョン【HO】,,
STAGE_NAME_662,Hidell Catacombs,ハイデル地下霊廟,,
STAGE_NAME_682,Bitterblack Maze: Noxious Cathedral,黒呪の迷宮：瘴気の満ちる聖堂,,
STAGE_NAME_683,Bitterblack Maze: Traitors' Tower,黒呪の迷宮：裏切り者の処刑塔,,
STAGE_NAME_684,Bitterblack Maze: Fallen City,黒呪の迷宮：異邦の落都,,
STAGE_NAME_685,Bitterblack Maze: Altar of the Black Curse,黒呪の迷宮：黒呪の祭壇,,
STAGE_NAME_686,Bitterblack Maze: Netherworld 1,黒呪の迷宮：冥府１,,
STAGE_NAME_687,Bitterblack Maze: Netherworld 1,黒呪の迷宮：冥府１,,
STAGE_NAME_688,Bitterblack Maze: Netherworld 1,黒呪の迷宮：冥府１,,
STAGE_NAME_689,Bitterblack Maze: Netherworld 2,黒呪の迷宮：冥府２,,
STAGE_NAME_690,Bitterblack Maze: Netherworld 2,黒呪の迷宮：冥府２,,
STAGE_NAME_691,Bitterblack Maze: Netherworld 2,黒呪の迷宮：冥府２,,
STAGE_NAME_692,Bitterblack Maze: Netherworld 3,黒呪の迷宮：冥府３,,
STAGE_NAME_693,Bitterblack Maze: Netherworld 3,黒呪の迷宮：冥府３,,
STAGE_NAME_694,Bitterblack Maze: Netherworld 3,黒呪の迷宮：冥府３,,
STAGE_NAME_695,Bitterblack Maze: Netherworld 4,黒呪の迷宮：冥府４,,
STAGE_NAME_696,Bitterblack Maze: Netherworld 4,黒呪の迷宮：冥府４,,
STAGE_NAME_697,Bitterblack Maze: Netherworld 4,黒呪の迷宮：冥府４,,
STAGE_NAME_698,Bitterblack Maze: Rift,黒呪の迷宮：異界,,
STAGE_NAME_699,Bitterblack Maze: Rift,黒呪の迷宮：異界,,
STAGE_NAME_700,Bitterblack Maze: Rift,黒呪の迷宮：異界,,
STAGE_NAME_701,The Golden Palace,黄金宮,,Golden Palace
STAGE_NAME_702,Megado Corridor,メガド回廊,,
STAGE_NAME_703,Lookout Castle,展望城,,
STAGE_NAME_704,Black King's Room,黒示す王の間,,
STAGE_NAME_705,Evil Dragon's Roost,悪しき竜のねぐら,,
STAGE_NAME_706,Darkness Shrouded Shadolean Great Temple,闇に覆われたシェドレアン大神殿,,
STAGE_NAME_707,Darkness Shrouded Mergoda Royal Palace Level,闇に覆われたメガド王宮層,,
STAGE_NAME_708,Darkness Shrouded Dreed Castle,闇に覆われたドリード城,,
STAGE_NAME_709,Darkness Shrouded Mergoda Security District,闇に覆われたメルゴダ護政区,,
STAGE_NAME_710,Darkness Shrouded Shadolean Great Temple,闇に覆われたメガド回廊,,
STAGE_NAME_711,Dacreim Fortress,ダクレイム砦,true,
STAGE_NAME_712,Jifule Fortress,ジフール砦,true,
STAGE_NAME_713,The King's Room of Concealment,隠匿の王間,,
STAGE_NAME_714,Sacred Flame Path,聖炎の参竜道,,
STAGE_NAME_715,Bitterblack Maze: Netherworld 4,黒呪の迷宮：冥府４,,
STAGE_NAME_716,Bitterblack Maze: Netherworld 4,黒呪の迷宮：冥府４,,
STAGE_NAME_717,Bitterblack Maze: Netherworld 4,黒呪の迷宮：冥府４,,
STAGE_NAME_718,Dacreim Fortress,ダクレイム砦,true,
STAGE_NAME_719,Gardnox Fortress,ガルドノック砦,true,
STAGE_NAME_720,Mergoda Royal Palace Level,メルゴダ王宮層,,
STAGE_NAME_721,The White Dragon Temple,白竜神殿,,White Dragon Temple
STAGE_NAME_723,Bonus Dungeon (SP),ボーナスダンジョン【SP】,,
