id,old,new,type,format
47,修練用,Training,{'old': 'Prefix'},
48,捕囚サイクロプス,Captive Cyclops,{'old': 'Replace'},
52,さまようポーン,Lost Pawn,{'old': 'Replace'},
53,要警戒,Vigilant,{'old': 'Prefix'},
54,凶悪,Brutal,{'old': 'Prefix'},
56,危機的,Dangerous,{'old': 'Prefix'},
57,伝説級,Legendary,{'old': 'Prefix'},
59,八騎喰らい,Knight-Devourer,{'old': 'Replace'},
60,百騎喰らい,,{'old': 'Replace'},
61,万騎喰らい,,{'old': 'Replace'},
120,亡都巨人兵,Ruins Giant Warrior,{'old': 'Prefix'},
122,ゴブリンの尖兵,Goblin Vanguard,{'old': 'Replace'},
123,ゴブリンの哨戒兵,Goblin Patrol,{'old': 'Replace'},
124,ゴブリンの補給兵,Goblin Reinforcement,{'old': 'Replace'},
125,オーク侵略兵,Orc Invader,{'old': 'Replace'},
126,キラービー進攻種,Invasive Killer Bee,{'old': 'Replace'},
127,5本角のガルゴ,Galugo the Pentagram,{'old': 'Replace'},
128,ガルゴの手下,Galugo's Minion,{'old': 'Replace'},
129,集いし,Flocking,{'old': 'Prefix'},
130,集いし,Flocking,{'old': 'Prefix'},
131,集いし,Flocking,{'old': 'Prefix'},
132,集いし,Flocking,{'old': 'Prefix'},
133,森乱のエイプ,Disturbed Forest Ape,{'old': 'Replace'},
134,囚われし,Captive,{'old': 'Replace'},
135,囚われし,Captive,{'old': 'Replace'},
136,さまよえるポーン,Wandering Pawn,{'old': 'Replace'},
137,さまよえるポーン,Wandering Pawn,{'old': 'Replace'},
138,さまよえるポーン,Wandering Pawn,{'old': 'Replace'},
139,異形の大スケルトン,Large Deformed Skeleton,{'old': 'Replace'},
140,精錬,Refined,{'old': 'Prefix'},
141,人喰い,Man-Eating,{'old': 'Prefix'},
142,猛る,Fierce,{'old': 'Prefix'},
143,縄張り荒らしの巨人,Territorial Giant,{'old': 'Replace'},
144,縄張り荒らしの妖鳥,Territorial Demon Bird,{'old': 'Replace'},
145,オーク侵略兵,Orc Invader,{'old': 'Replace'},
146,砦破り,Fort-Breaker,{'old': 'Prefix'},
147,強襲の,Assault,{'old': 'Prefix'},
148,召喚されし牙竜,Summoned Fanged Dragon,{'old': 'Replace'},
149,異形のオオカミ,Deformed Wolf,{'old': 'Replace'},
150,異形のゴブリン,Deformed Goblin,{'old': 'Replace'},
151,異形のゴブリン,Deformed Goblin,{'old': 'Replace'},
152,オーク尖兵,Orc Vanguard,{'old': 'Replace'},
153,オーク侵略兵,Orc Invader,{'old': 'Replace'},
154,軍狼,Wolf Unit,{'old': 'Prefix'},
155,オーク軍指揮官,Orc Commander,{'old': 'Replace'},
156,オーク突撃兵,Orc Assailant,{'old': 'Replace'},
157,軍竜,Dragon Unit,{'old': 'Prefix'},
158,オーク追撃兵,Orc Pursuer,{'old': 'Replace'},
159,オーク軍指揮官,Orc Commander,{'old': 'Replace'},
160,オーク突撃兵,Orc Assailant,{'old': 'Replace'},
161,オーク投撃兵,Orc Thrower,{'old': 'Replace'},
162,オーク軍少将,Orc Major General,{'old': 'Replace'},
163,番兵,Guard,{'old': 'Prefix'},
164,オーク兵,Orc Soldier,{'old': 'Replace'},
165,オーク精鋭兵,Orc Elite,{'old': 'Replace'},
166,黒鉄の巨人兵,Black Iron Giant Warrior,{'old': 'Replace'},
167,錬魔スケルトン,Alchemized Skeleton,{'old': 'Replace'},
168,氷竜,Ice Dragon,{'old': 'Prefix'},
169,オーク残存兵,,{'old': 'Replace'},
170,錬魔ゴブリン,Alchemized Goblin,{'old': 'Replace'},
171,紫銅の巨人兵,Copper Giant Warrior,{'old': 'Replace'},
172,炎練,,{'old': 'Prefix'},
173,錬成強化グリフィン,Reinforcement Griffin,{'old': 'Replace'},
174,錬魔ハーピー,Alchemized Harpy,{'old': 'Replace'},
175,錬成強化グリフィン,Reinforcement Griffin,{'old': 'Replace'},
176,錬魔ハーピー,Alchemized Harpy,{'old': 'Replace'},
181,時番,Time Bonus,{'old': 'Prefix'},"{'proper': True, 'pluralize': True}"
182,鍵守り,,{'old': 'Prefix'},
187,兎喰らいの,Rabbit-Eating,{'old': 'Prefix'},
188,ビンシャの手下,Binsha's Henchman,{'old': 'Replace'},
189,橋守のビンシャ,Binsha the Bridge-Keeper,{'old': 'Replace'},
190,変種,Variant,{'old': 'Suffix'},
191,大喰いのラージリザード,Gluttonous Giant Saurian,{'old': 'Replace'},
192,黒狼団のローグ,Black Wolf Rogue,{'old': 'Replace'},
193,黒狼団の首領,Black Wolf Leader,{'old': 'Replace'},
195,隠れ浜のならず者,Hidden Beach Rogue,{'old': 'Replace'},
200,マーテル・ハーピー,Mother Harpy,{'old': 'Replace'},
201,棘角のギョームル,Gyumul the Spiked Horn,{'old': 'Replace'},
202,ギョームルの手下,Gyumul's Minion,{'old': 'Replace'},
203,ルフローの亡霊,Specter of Ruflow,{'old': 'Replace'},
204,村民の成れの果て,Former Villager,{'old': 'Replace'},
205,青爪浜の,Blue Claw Beach,{'old': 'Prefix'},
206,グリッガの手下,Gurigga's Minion,{'old': 'Replace'},
207,緑鬼グリッガ,Gurigga the Green Demon,{'old': 'Replace'},
208,唸り猿,Howler Ape,{'old': 'Replace'},
209,裂き猿,Ripper Ape,{'old': 'Replace'},
210,豚喰い猿,Pig-Eating Ape,{'old': 'Replace'},
212,オールドグロウ・エント,Old Grown Ent,{'old': 'Replace'},
213,古代種,Ancient,"{'old': 'Suffix', 'new': 'Prefix'}",
214,古代種,Ancient,"{'old': 'Suffix', 'new': 'Prefix'}",
215,坑道荒らし,Tunnel Thief,{'old': 'Replace'},
216,宝狩りのグリフィン,Treasure Seeking Griffon,{'old': 'Replace'},
217,盗掘種,Grave Robber,{'old': 'Suffix'},
218,奇種,Strange,{'old': 'Suffix'},
219,タイガーテール・サルファー,Sulfur Tiger-Tail,{'old': 'Replace'},
220,スノーグーラー・ハーピー,Snow Gura Harpy,{'old': 'Replace'},
221,妖歌のローレライ,Demon Songtress Lorelei,{'old': 'Replace'},
222,剛腕のコロッサス,Gowan the Colossus,{'old': 'Replace'},
223,オッドの精鋭,Odd's Elite,{'old': 'Replace'},
224,盾破りのオッド,Odd the Shield-Breaker,{'old': 'Replace'},
225,レイクニュート,Lake Newt,{'old': 'Replace'},
226,セラー湖の水竜,Water Dragon of Cellar Lake,{'old': 'Replace'},
227,葉影の密猟者,Shadow Poacher,{'old': 'Replace'},
228,密猟者の護衛,Poacher Guard,{'old': 'Replace'},
229,忘れられた亡霊,Forgotten Specter,{'old': 'Replace'},
230,目覚めし亡者,Enlightened Undead,{'old': 'Replace'},
231,さまよう亡者,Wandering Undead,{'old': 'Replace'},
232,帰還のヨトン,Yoton the Returned,{'old': 'Replace'},
233,コバルトニュート,Cobalt Newt,{'old': 'Replace'},
234,遠征準備の小隊長,Battle-Ready Platoon Leader,{'old': 'Replace'},
235,オーク遊撃兵,Orc Spy,{'old': 'Replace'},
236,オーク偵察兵,Orc Spy,{'old': 'Replace'},
237,強化養成ワーグ,Strength Training Warg,{'old': 'Replace'},
238,魔犬飼育担当兵長,,{'old': 'Replace'},
239,魔犬飼育担当兵,,{'old': 'Replace'},
240,双牙の軍竜ベヘモット,Bifang Military Dragon Behemoth,{'old': 'Replace'},
241,淀みの泥人形,Clay Doll of Stagnation,{'old': 'Prefix'},
242,淀みの水精,Crystal of Stagnation,{'old': 'Prefix'},
243,泉の徘徊霊,Wandering Spirit of the Spring,{'old': 'Replace'},
245,泉の徘徊霊,Wandering Spirit of the Spring,{'old': 'Replace'},
246,泉の徘徊霊,Wandering Spirit of the Spring,{'old': 'Replace'},
247,泉の徘徊霊,Wandering Spirit of the Spring,{'old': 'Replace'},
248,エルフイーター・,Elf Eater,{'old': 'Prefix'},
249,錆鉄の巨人兵,Rusted Iron Giant Warrior,{'old': 'Replace'},
250,錆鉄の錬魔ゴブリン,Rusted Alchemized Goblin,{'old': 'Replace'},
251,メルゴダ巡視兵団,Mergoda Patrol Corps,{'old': 'Replace'},
252,メルゴダ女守官,Mergoda Female Officer,{'old': 'Replace'},
253,ザンドラ・バルバロイ,Zandora Barbarian,{'old': 'Replace'},
254,ザンドラ・バルバロイ,Zandora Barbarian,{'old': 'Replace'},
255,ザンドラ・バルバロイ,Zandora Barbarian,{'old': 'Replace'},
256,ザンドラ・バルバロイ,Zandora Barbarian,{'old': 'Replace'},
257,ザンドラ・バルバロイ,Zandora Barbarian,{'old': 'Replace'},
258,ザンドラ・バルバロイ,Zandora Barbarian,{'old': 'Replace'},
259,ザンドラ・バルバロイ,Zandora Barbarian,{'old': 'Replace'},
260,大将級オーク残党頭,,{'old': 'Replace'},
261,オーク残党兵,,{'old': 'Replace'},
262,オーク残党兵,,{'old': 'Replace'},
263,嘆きのモーラ,Wailing Mora,{'old': 'Replace'},
264,白獅子アルバス,White Lion Albus,{'old': 'Replace'},
265,斥候のコロッサス,Colossus Patrol,{'old': 'Replace'},
267,強襲用コロッサス,Assault Colossus,{'old': 'Replace'},
269,不浄の土人形,Foul Earth Figure,{'old': 'Replace'},
270,不浄の肉塊虫,Foul Meat Lump,{'old': 'Replace'},
271,炎熱のジオゴーレム,Torrid Geo Golem,{'old': 'Replace'},
272,テイムド・,Tamed,{'old': 'Prefix'},
273,テイマー・バルバロイ,Tamer Barbarian,{'old': 'Replace'},
274,虚ろの処刑人,,{'old': 'Replace'},
276,祠の守兵,Shrine Guard,{'old': 'Replace'},
277,合成用ゴブリンアルケミー,Synthetic Alchemized Goblin,{'old': 'Replace'},
278,合成用アイ,Synthetic Eye,{'old': 'Replace'},
279,メルガン・エンジニア,Mergan Engineer,{'old': 'Replace'},
280,ギガン・マキナ・カスタム,Giga Machina Custom,{'old': 'Replace'},
282,クローン・ズール,Clone Zuhl,{'old': 'Replace'},
283,先発隊長,Vanguard Commander,{'old': 'Prefix'},
284,切込隊長,Raid Commander,{'old': 'Prefix'},
285,先発兵,Vanguard Soldier,{'old': 'Suffix'},
298,呪われた骸,Cursed Skeleton,{'old': 'Replace'},
299,呪われた魔女,Cursed Witch,{'old': 'Replace'},
300,呪われた女帝,Cursed Empress,{'old': 'Replace'},
303,討伐対象,Suppression Target,{'old': 'Prefix'},
304,レイド・,Raid,{'old': 'Prefix'},
305,路番の,Path-Guard,{'old': 'Prefix'},
306,路番の,Path-Guard,{'old': 'Prefix'},
307,穢れの助神官,Defiled Assistant Priest,{'old': 'Replace'},
308,穢れの土人形,Defiled Earth Figure,{'old': 'Replace'},
309,穢れの信徒,Defiled Follower,{'old': 'Replace'},
310,亡者司祭メンヴィル,Menvili the Undead Priest,{'old': 'Replace'},
311,疫呪の使徒,Plague Apostle,{'old': 'Replace'},
312,ムジナ団狼使い,Badger Wolf Tamer,{'old': 'Replace'},
313,テイムド・ダイアウルフ,Tamed Direwolf,{'old': 'Replace'},
314,ブリア宝奪団,Breya Treasure Bandit,{'old': 'Replace'},"{'new': 'Breya Treasure bandit', 'pluralize': True}"
316,財宝守りの海竜,Sea Dragon the Treasure Guardian,{'old': 'Replace'},{'proper': True}
319,水路の大猿,Dread Ape of the Aqueduct,{'old': 'Replace'},
321,魔獅子シンガ,Magic Lion Singa,{'old': 'Replace'},
322,ピット・,Pit,{'old': 'Prefix'},
324,ボルドバンガー・,Volden Banger,{'old': 'Prefix'},
325,強炭性,,{'old': 'Prefix'},
327,ムジナ団頭領,Badger Chieftain,{'old': 'Replace'},
328,ムジナ団員,Badger Member,{'old': 'Replace'},
329,ケイブ・,Cave,{'old': 'Prefix'},
331,カタコンベ・プリースト,Catacombs Priest,{'old': 'Replace'},
332,カタコンベの守兵,Catacombs Guard,{'old': 'Replace'},
341,いびき鳴り,Snoring,{'old': 'Prefix'},
342,魔女の従僕,Witch's Servant,{'old': 'Replace'},
343,魔女マリヴェラ,Maribel the Witch,{'old': 'Replace'},
344,魔女の従僕,Witch's Servant,{'old': 'Replace'},
345,死体齧りの,Corpse-Eating,{'old': 'Prefix'},
346,グレイブワーグ,Gravewarg,{'old': 'Replace'},
347,戦鬼ゲソム,Gesomu the War Demon,{'old': 'Replace'},
348,戦鬼の副官,War Demon's Lieutenant,{'old': 'Replace'},
349,蒼葉の,,{'old': 'Prefix'},
350,蒼葉の,,{'old': 'Prefix'},
351,“白い災厄”エルダーアングルス,"""White Calamity"" Elder Angules",{'old': 'Replace'},
352,影穴の軍狼,Wolf of Shadows,{'old': 'Replace'},
353,影穴の部隊兵,Troop of Shadows,{'old': 'Replace'},
354,神花の,God Flower,{'old': 'Prefix'},
357,ケイブ・,Cave,{'old': 'Prefix'},
358,テゴル不死兵,Tegol the Immortal,{'old': 'Replace'},
359,納骨堂の屍食鬼,Ossuary Ghoul,{'old': 'Replace'},
360,ドラワン不死兵,Dolan the Immortal,{'old': 'Replace'},
361,ピット・,Pit,{'old': 'Prefix'},
362,魔女ノシュギア,,{'old': 'Replace'},
363,ピット・,Pit,{'old': 'Prefix'},
364,分隊,Squad,"{'old': 'Prefix', 'new': 'Suffix'}",
365,封呪の,Runed,{'old': 'Prefix'},
366,封呪の,Runed,{'old': 'Prefix'},
367,高輝度,Bright,{'old': 'Prefix'},
378,冥土の黒騎士,Black Knight of the Underworld,{'old': 'Replace'},
379,呪われし番兵,Accursed Guard,{'old': 'Replace'},
380,呪われし女官,Accursed Court Lady,{'old': 'Replace'},
381,不死薬被検者,,{'old': 'Replace'},
382,セラーケイブ・,Cellar Cave,{'old': 'Prefix'},
383,セラーケイブ・,Cellar Cave,{'old': 'Prefix'},
384,錬魔士ヒエニムス,,{'old': 'Replace'},
385,高純度ストーンアイ,,{'old': 'Replace'},
386,霊薬師セルギウス,,{'old': 'Replace'},
387,キーテイカー・,Key Bearer,{'old': 'Prefix'},
390,キーテイカー・,Key Bearer,{'old': 'Prefix'},
391,キーテイカー・,Key Bearer,{'old': 'Prefix'},
400,さまよえる戦徒,Corrupted Myrmidon,{'old': 'Replace'},
401,ポーンクラッシャー,Pawn Crusher,{'old': 'Replace'},
403,はぐれ,Stray,{'old': 'Prefix'},
406,侵攻兵,Invader,"{'old': 'Suffix', 'new': 'Prefix'}",
407,精鋭兵,Elite,{'old': 'Prefix'},
408,総大将,Supreme Commander,{'old': 'Prefix'},
409,大隊長,Battalion Commander,{'old': 'Prefix'},
410,強襲兵,Assault Soldier,"{'old': 'Suffix', 'new': 'Prefix'}",
413,？？？,???,{'old': 'Replace'},
414,破砦用,Wall-Breaker,{'old': 'Prefix'},
415,召喚されし,Summoned,{'old': 'Prefix'},
416,部隊長,Commanding Officer,{'old': 'Prefix'},
417,小隊長,Platoon Leader,{'old': 'Suffix'},
418,急襲の,Raid,{'old': 'Prefix'},
419,？？？,???,{'old': 'Replace'},
420,？？？,???,{'old': 'Replace'},
421,瘴気の魔獣,Miasmic Demon,{'old': 'Replace'},
423,第１守備隊 ,1st Garrison,{'old': 'Prefix'},
424,第２守備隊,2nd Garrison,{'old': 'Prefix'},
425,第３守備隊 ,3rd Garrison,{'old': 'Prefix'},
426,第３守備隊 ,3rd Garrison,{'old': 'Prefix'},
427,第５守備隊 ,5th Garrison,{'old': 'Prefix'},
428,第６守備隊 ,6th Garrison,{'old': 'Prefix'},
431,幻影牙竜,Phantom Tusk Dragon,{'old': 'Prefix'},
432,幻影魔竜,Phantom Devil Dragon,{'old': 'Prefix'},
433,製造番号1017 ゴリアテ改,,{'old': 'Replace'},
434,リターン・ズール,Return Zuhl,{'old': 'Replace'},
435,天上の幽姫,,{'old': 'Replace'},
436,虚無の騎士,Noble Knight,{'old': 'Replace'},
437,無より生み出されし,,{'old': 'Prefix'},
438,製造番号1020 ゴリアテ改,,{'old': 'Replace'},
439,・デスペアー,(Despair),{'old': 'Suffix'},
440,黄金竜,The Golden Dragon,{'old': 'Prefix'},
446,強襲の,Assault,{'old': 'Prefix'},
447,特攻の,Kamikaze,{'old': 'Prefix'},
448,血珠の,Blood Orb,{'old': 'Prefix'},
449,時番,Time Bonus,{'old': 'Prefix'},"{'proper': True, 'pluralize': True}"
450,珍種,,{'old': 'Suffix'},
451,,,{'old': 'Suffix'},
454,穢れの術師,Corrupter,{'old': 'Replace'},
455,異界の邪霊,Wraith of the Underworld,{'old': 'Replace'},
456,骨噛み,Bone-Eating,{'old': 'Prefix'},
457,ゴブリンイーター・,Goblin-Eating,{'old': 'Prefix'},
458,賞金首,Bounty,{'old': 'Prefix'},
459,ヤング・,Young,{'old': 'Prefix'},
460,ララバイ・クイーン,Lullaby Queen,{'old': 'Replace'},
462,魔壁の時番,Time Bonus Magic-Shell,{'old': 'Prefix'},
463,鉄壁の時番,Time Bonus Iron-Clad,{'old': 'Prefix'},
464,強激の時番,Time Bonus Herculean,{'old': 'Prefix'},
465,魔激の時番,Time Bonus Mystical,{'old': 'Prefix'},
466,竜族？,Dragon Race?,{'old': 'Replace'},
467,賞金首,Bounty,{'old': 'Prefix'},
468,賞金首,Bounty,{'old': 'Prefix'},
469,賞金首,Bounty,{'old': 'Prefix'},
470,賞金首,Bounty,{'old': 'Prefix'},
471,賞金首,Bounty,{'old': 'Prefix'},
472,賞金首,Bounty,{'old': 'Prefix'},
473,賞金首,Bounty,{'old': 'Prefix'},
474,賞金首,Bounty,{'old': 'Prefix'},
475,賞金首,Bounty,{'old': 'Prefix'},
476,賞金首,Bounty,{'old': 'Prefix'},
477,賞金首,Bounty,{'old': 'Prefix'},
478,賞金首,Bounty,{'old': 'Prefix'},
483,賞金首,Bounty,{'old': 'Prefix'},
484,,,{'old': 'Prefix'},
485,賞金首,Bounty,{'old': 'Prefix'},
488,賞金首,Bounty,{'old': 'Prefix'},
489,賞金首,Bounty,{'old': 'Prefix'},
490,賞金首,Bounty,{'old': 'Prefix'},
491,賞金首,Bounty,{'old': 'Prefix'},
492,賞金首,Bounty,{'old': 'Prefix'},
493,賞金首,Bounty,{'old': 'Prefix'},
494,賞金首,Bounty,{'old': 'Prefix'},
495,ディナン・ピアサー,Deenan Piercer,{'old': 'Replace'},
497,賞金首,Bounty,{'old': 'Prefix'},
498,金装のスケルトン,Gold Clothed Skeleton,{'old': 'Replace'},
499,錬術の女守官,Alchemized Amazon,{'old': 'Replace'},
500,テイムド・,Tamed,{'old': 'Prefix'},
501,,,{'old': 'Prefix'},
502,,,{'old': 'Prefix'},
506,穢れの大魔像,Impure Giant Demon,{'old': 'Replace'},
507,ケイブレイダー,Cave Raider,{'old': 'Replace'},
508,大騒音の主,Lord of Rock,{'old': 'Replace'},
510,錬魔グリフィンNo.04,Alchemized Griffin No.04,{'old': 'Replace'},
511,煉獄の幽姫,,{'old': 'Replace'},
512,賞金首,Bounty,{'old': 'Prefix'},
513,賞金首,Bounty,{'old': 'Prefix'},
514,賞金首,Bounty,{'old': 'Prefix'},
515,ブラックウィング,Black Wing,{'old': 'Replace'},
516,ディープレイク・リンドブルム,Deep Lake Lindwurm,{'old': 'Replace'},
517,烈翼の禽獅子,,{'old': 'Replace'},
518,猛牙の銀獅子,,{'old': 'Replace'},
519,幽姫の従士,,{'old': 'Replace'},
520,幽姫の騎士,,{'old': 'Replace'},
522,石呪を振りまく魔,,{'old': 'Replace'},
524,闇呪をもたらす魔,,{'old': 'Replace'},
525,強装巨人兵-Ⅱ型,,{'old': 'Replace'},
526,強装巨人兵-試作型,,{'old': 'Replace'},
527,穢れの大魔像,Impure Giant Demon,{'old': 'Replace'},
528,大騒音の主,Lord of Rock,{'old': 'Replace'},
529,ケイブレイダー,Cave Raider,{'old': 'Replace'},
530,ララバイ・クィーン,Lullaby Queen,{'old': 'Replace'},
531,ラウドネス・,Loudness,{'old': 'Prefix'},
532,ディナン・ピアサー,Deenan Piercer,{'old': 'Replace'},
541,呪われた魔鳥,Cursed Demon Bird,{'old': 'Replace'},
542,総大将・鬼神,Demon General,{'old': 'Prefix'},
543,呪われた巨鳥,Cursed Large Bird,{'old': 'Replace'},
544,呪われた騎士,Cursed Knight,{'old': 'Replace'},
545,,,{'old': 'Prefix'},
546,,,{'old': 'Prefix'},
547,,,{'old': 'Prefix'},
548,,,{'old': 'Prefix'},
549,,,{'old': 'Prefix'},
550,？？？,???,{'old': 'Replace'},
551,危機的,Dangerous,{'old': 'Prefix'},
552,危機的,Dangerous,{'old': 'Prefix'},
553,危機的,Dangerous,{'old': 'Prefix'},
554,危機的,Dangerous,{'old': 'Prefix'},
555,危機的,Dangerous,{'old': 'Prefix'},
556,危機的,Dangerous,{'old': 'Prefix'},
557,危機的,Dangerous,{'old': 'Prefix'},
559,,,{'old': 'Prefix'},
560,魔壁の護衛隊,,{'old': 'Prefix'},
561,鉄壁の護衛隊,,{'old': 'Prefix'},
563,ダンジョンキーボス,,{'old': 'Replace'},
564,レスタライト・確率大,,{'old': 'Replace'},
567,ハイレスタライト・確率大,,{'old': 'Replace'},
569,鱗砂・確率大,,{'old': 'Replace'},
570,大粒の鱗砂・確率大,,{'old': 'Replace'},
571,輸送番,,{'old': 'Prefix'},
572,輸送番,,{'old': 'Prefix'},
573,輸送番,,{'old': 'Prefix'},
574,Cダンジョンボスドロップ,,{'old': 'Replace'},
575,・ブレイズ,(Blaze),{'old': 'Suffix'},
576,護衛隊 ,,{'old': 'Prefix'},
581,レスタライト・確率小,,{'old': 'Replace'},
582,ハイレスタライト・確率小,,{'old': 'Replace'},
583,侵食アイテム確定ドロップ,,{'old': 'Replace'},
584,獄炎の大魔像,,{'old': 'Replace'},
585,汚泥の傀儡,,{'old': 'Replace'},
586,賞金首,Bounty,{'old': 'Prefix'},
587,賞金首,Bounty,{'old': 'Prefix'},
588,賞金首,Bounty,{'old': 'Prefix'},
589,賞金首,Bounty,{'old': 'Prefix'},
590,頑鋼の,,{'old': 'Prefix'},
591,要警戒,Vigilant,{'old': 'Prefix'},
592,ディープミスト・ウィルム,Deep Mist Wyrm,{'old': 'Replace'},
593,ディープニュート,Deep Newt,{'old': 'Replace'},
594,艶羽根,,{'old': 'Prefix'},
595,太牙の,,{'old': 'Prefix'},
596,賞金首,Bounty,{'old': 'Prefix'},
597,虹眼の,,{'old': 'Prefix'},
598,賞金首,Bounty,{'old': 'Prefix'},
599,賞金首,Bounty,{'old': 'Prefix'},
600,賞金首,Bounty,{'old': 'Prefix'},
601,剛皮の,,{'old': 'Prefix'},
602,ケイブレイダー・ドレイク,Cave Raider Drake,{'old': 'Replace'},
603,ケイブレイダー・エンプレス,Cave Raider Empress,{'old': 'Replace'},
604,光角の,,{'old': 'Prefix'},
605,ブラックウィドウ,Black Widow,{'old': 'Replace'},
606,エントアンガー,Entanger,{'old': 'Replace'},
607,活枝の,,{'old': 'Prefix'},
608,凶悪,Brutal,{'old': 'Prefix'},
609,威容の,,{'old': 'Prefix'},
610,蒼氷のウィルム,Pale Ice Wyrm,{'old': 'Replace'},
611,赤熱のギガン・マキナ,Red-Hot Giga Machina,{'old': 'Replace'},
612,石影の,,{'old': 'Prefix'},
613,恐声の,,{'old': 'Prefix'},
614,黒艶の,,{'old': 'Prefix'},
615,業火の,Hellfire,{'old': 'Prefix'},
616,賞金首,Bounty,{'old': 'Prefix'},
617,朱炎の,,{'old': 'Prefix'},
618,白亜の,,{'old': 'Prefix'},
619,グリフィン・ノワール,Griffin Noir,{'old': 'Replace'},
620,デスナイト・ノワール,Death Knight Noir,{'old': 'Replace'},
621,暗鉄の,,{'old': 'Prefix'},
622,石呪をもたらす魔鶏,,{'old': 'Replace'},
623,暴虐の一つ目,,{'old': 'Replace'},
624,凶牙の霧竜,,{'old': 'Replace'},
625,凶爪の白獅子,,{'old': 'Replace'},
626,氷結の,,{'old': 'Prefix'},
627,賞金首,Bounty,{'old': 'Prefix'},
628,強装巨人兵-Ⅲ型,,{'old': 'Replace'},
629,炎装造魔兵-実戦型,,{'old': 'Replace'},
631,冥き深奥の主,,{'old': 'Replace'},
632,ディアマンテスの影,Shadow of Diamantes,{'old': 'Replace'},
633,灼けつく竜力,,{'old': 'Replace'},
634,凍てつく竜力,,{'old': 'Replace'},
635,クローン・ズール,Clone Zuhl,{'old': 'Replace'},
636,ダムドデストロイヤー,Damned Destroyer,{'old': 'Replace'},
637,ギガンブレイカー,Giga Breaker,{'old': 'Replace'},
638,デモリッションファング,Demolition Fang,{'old': 'Replace'},
639,死を呼ぶ闇騎士,Death Calling Dark Knight,{'old': 'Replace'},
640,カラミティコーラ,Calamity Caller,{'old': 'Replace'},
641,死を招く魔姫,Death Courting Demon Princess,{'old': 'Replace'},
642,霜竜フロストウィルム,Frost Wyrm,{'old': 'Replace'},
643,灼竜ファイアドレイク,Fire Drake,{'old': 'Replace'},
644,大角の戦鬼将,,{'old': 'Replace'},
645,オーク軍精鋭隊,,{'old': 'Replace'},
646,戦鬼覇王モゴック,,{'old': 'Replace'},
647,軍獣サヴェッジキメラ,War Beast Savage Chimera,{'old': 'Replace'},
648,オーク軍近衛隊,,{'old': 'Replace'},
649,スカルサージェント,Skill Sergeant,{'old': 'Replace'},
650,メイルサージェント,Mail Sergeant,{'old': 'Replace'},
653,大鴉ハーピー,The Crow Harpy,{'old': 'Replace'},
654,賞金首,Bounty,{'old': 'Prefix'},
655,要警戒,Vigilant,{'old': 'Prefix'},
656,賞金首,Bounty,{'old': 'Prefix'},
657,賞金首,Bounty,{'old': 'Prefix'},
658,賞金首,Bounty,{'old': 'Prefix'},
659,賞金首,Bounty,{'old': 'Prefix'},
660,賞金首,Bounty,{'old': 'Prefix'},
661,凶悪,Brutal,{'old': 'Prefix'},
662,賞金首,Bounty,{'old': 'Prefix'},
663,賞金首,Bounty,{'old': 'Prefix'},
664,賞金首,Bounty,{'old': 'Prefix'},
665,賞金首,Bounty,{'old': 'Prefix'},
666,賞金首,Bounty,{'old': 'Prefix'},
667,賞金首,Bounty,{'old': 'Prefix'},
668,賞金首,Bounty,{'old': 'Prefix'},
670,,,{'old': 'Prefix'},
672,復讐の戦鬼,,{'old': 'Prefix'},
678,孤高の凶獣 ,,{'old': 'Prefix'},
680,モゴック親衛隊長 ,,{'old': 'Replace'},
682,力に魅かれし,,{'old': 'Prefix'},
683,霊炎の,,{'old': 'Prefix'},
684,霊氷の,,{'old': 'Prefix'},
691,,,{'old': 'Prefix'},
692,,,{'old': 'Prefix'},
693,,,{'old': 'Prefix'},
694,,,{'old': 'Prefix'},
695,,,{'old': 'Prefix'},
696,,,{'old': 'Prefix'},
697,白の獅子王,,{'old': 'Replace'},
698,百戦鬼将,,{'old': 'Prefix'},
699,,,{'old': 'Prefix'},
700,鍵守り,,{'old': 'Prefix'},
701,鍵守り,,{'old': 'Prefix'},
702,鍵守り,,{'old': 'Prefix'},
703,鍵守り,,{'old': 'Prefix'},
704,鍵守り,,{'old': 'Prefix'},
705,深奥の従者,,{'old': 'Replace'},
706,深奥の魔女,,{'old': 'Replace'},
707,虚無の追跡者,,{'old': 'Replace'},
708,対の紅竜,Paired Red Dragon,{'old': 'Replace'},
709,対の蒼竜,Paired Blue Dragon,{'old': 'Replace'},
710,第２守備隊,2nd Garrison,{'old': 'Prefix'},
711,,,{'old': 'Prefix'},
712,,,{'old': 'Prefix'},
713,,,{'old': 'Prefix'},
714,,,{'old': 'Prefix'},
715,,,{'old': 'Prefix'},
716,,,{'old': 'Prefix'},
717,第１守備隊,1st Garrison,{'old': 'Prefix'},
718,,,{'old': 'Prefix'},
719,,,{'old': 'Prefix'},
720,,,{'old': 'Prefix'},
721,第１守備隊 ,1st Garrison,{'old': 'Prefix'},
722,練習,,{'old': 'Prefix'},
768,,,{'old': 'Prefix'},
812,,,{'old': 'Prefix'},
813,,,{'old': 'Prefix'},
814,,,{'old': 'Prefix'},
815,,,{'old': 'Prefix'},
816,,,{'old': 'Prefix'},
817,,,{'old': 'Prefix'},
818,,,{'old': 'Prefix'},
819,,,{'old': 'Prefix'},
820,,,{'old': 'Prefix'},
821,,,{'old': 'Prefix'},
822,,,{'old': 'Prefix'},
823,,,{'old': 'Prefix'},
824,,,{'old': 'Prefix'},
825,,,{'old': 'Prefix'},
826,,,{'old': 'Prefix'},
827,,,{'old': 'Prefix'},
828,,,{'old': 'Prefix'},
829,,,{'old': 'Prefix'},
830,,,{'old': 'Prefix'},
831,,,{'old': 'Prefix'},
832,,,{'old': 'Prefix'},
833,,,{'old': 'Prefix'},
834,,,{'old': 'Prefix'},
835,,,{'old': 'Prefix'},
836,,,{'old': 'Prefix'},
837,,,{'old': 'Prefix'},
838,,,{'old': 'Prefix'},
839,,,{'old': 'Prefix'},
840,,,{'old': 'Prefix'},
841,,,{'old': 'Prefix'},
842,,,{'old': 'Prefix'},
843,,,{'old': 'Prefix'},
844,,,{'old': 'Prefix'},
845,,,{'old': 'Prefix'},
846,,,{'old': 'Prefix'},
847,,,{'old': 'Prefix'},
848,,,{'old': 'Prefix'},
849,,,{'old': 'Prefix'},
850,,,{'old': 'Prefix'},
851,,,{'old': 'Prefix'},
852,,,{'old': 'Prefix'},
853,,,{'old': 'Prefix'},
854,,,{'old': 'Prefix'},
855,ダークビショップ,,{'old': 'Replace'},
856,（仮）封印の,,{'old': 'Prefix'},
857,はぐれ,Stray,{'old': 'Prefix'},
858,,,{'old': 'Prefix'},
859,最終練磨,Final Test,{'old': 'Prefix'},
860,最終練磨,Final Test,{'old': 'Prefix'},
861,最終練磨,Final Test,{'old': 'Prefix'},
862,最終練磨,Final Test,{'old': 'Prefix'},
863,最終練磨,Final Test,{'old': 'Prefix'},
864,最終練磨,Final Test,{'old': 'Prefix'},
865,最終練磨,Final Test,{'old': 'Prefix'},
866,最終練磨,Final Test,{'old': 'Prefix'},
867,最終練磨,Final Test,{'old': 'Prefix'},
868,最終練磨,Final Test,{'old': 'Prefix'},
869,最終練磨,Final Test,{'old': 'Prefix'},
870,最終練磨,Final Test,{'old': 'Prefix'},
871,最終練磨,Final Test,{'old': 'Prefix'},
872,最終練磨,Final Test,{'old': 'Prefix'},
873,最終練磨,Final Test,{'old': 'Prefix'},
874,最終練磨,Final Test,{'old': 'Prefix'},
875,最終練磨,Final Test,{'old': 'Prefix'},
876,最終練磨,Final Test,{'old': 'Prefix'},
877,,,{'old': 'Prefix'},
890,残党,,{'old': 'Prefix'},
891,徘徊,Wandering,{'old': 'Prefix'},
892,スパーク・ブルー,Spark Blue,{'old': 'Replace'},
893,子攫いのメリーティア,Maritia the Kidnapper,{'old': 'Replace'},
894,坑道の骸骨騎士,Skeleton Knight of the Tunnel,{'old': 'Replace'},
895,霧に揺らぐ人影,Figure Fluctuating in the Mist,{'old': 'Replace'},
896,ディスターブ・,Disturbed,{'old': 'Prefix'},
897,木立の石像鬼,Grove Statue Demon,{'old': 'Replace'},
898,異端の,Heretic,{'old': 'Prefix'},
899,侵食に抗う戦鬼,Infection Resisting War Demon,{'old': 'Replace'},
900,虚ろの騎士,Hollow Knight,{'old': 'Replace'},
901,跡地荒らしの黒大鷲,Black Sea Eagle of the Ruined Site,{'old': 'Replace'},
902,蝕まれし狂鷲,Corrupted and Berserk Eagle,{'old': 'Replace'},
903,目覚めし氷騎士,,{'old': 'Replace'},
904,製造番号1056 強襲型ゴリアテ,Assault-Type Goliath #1056,{'old': 'Replace'},
905,ルインズ・,Ruins,{'old': 'Prefix'},
906,墓守の獣,,{'old': 'Replace'},
907,ボルディック・,Voldic,{'old': 'Prefix'},
908,忘却の,Oblivion,{'old': 'Prefix'},
909,怨姫ヴィルヘルミーナ,Malice Princess Wilhelmina,{'old': 'Replace'},
910,ディープウェル・ミストレス,Deep Well Mistress,{'old': 'Replace'},
911,テラス・ガーディアン,Terrace Guardian,{'old': 'Replace'},
912,廃水路の奇獣,,{'old': 'Replace'},
913,眠らずの冥騎士,Restless Death Knight,{'old': 'Replace'},
914,魔獣喰いの,,{'old': 'Prefix'},
915,異形化,Variant,{'old': 'Prefix'},
917,墓所の,Tomb,{'old': 'Prefix'},
919,哀惜の幽鬼,,{'old': 'Replace'},
920,未知の魔物？,Unknown Beast?,{'old': 'Replace'},
921,ズール,Zuhl,{'old': 'Replace'},{'proper': True}
922,討伐対象,Suppression Target,{'old': 'Prefix'},
923,討伐対象,Suppression Target,{'old': 'Prefix'},
924,討伐対象,Suppression Target,{'old': 'Prefix'},
925,巣窟の主,Den Master,{'old': 'Replace'},
926,手負いの,Wounded,{'old': 'Prefix'},
927,手負いの,Wounded,{'old': 'Prefix'},
928,牙剥く,Bare Fangs,{'old': 'Prefix'},
929,ズール,Zuhl,{'old': 'Replace'},{'proper': True}
930,襲来,Invading,{'old': 'Prefix'},
931,襲来,Invading,{'old': 'Prefix'},
932,襲来,Invading,{'old': 'Prefix'},
933,侵食されし有翼,Infected Wings,{'old': 'Replace'},
934,強襲,Assault,{'old': 'Prefix'},
935,嗅ぎつけた,,{'old': 'Prefix'},
936,囁き惑わす魔女,Luring Witch,{'old': 'Replace'},
937,招き寄せる魔女,,{'old': 'Replace'},
938,石息吹きの魔女,,{'old': 'Replace'},
939,行く手をはばむ傀儡,Obstructing Puppet,{'old': 'Replace'},
940,淀みの衛士人形,Guard Doll of Stagnation,{'old': 'Replace'},
941,淀みの衛士傀儡,Guard Puppet of Stagnation,{'old': 'Replace'},
942,淀みし大竜力,Phantasmic Great Dragon,{'old': 'Replace'},
943,アルタード・ズール,Altered Zuhl,{'old': 'Replace'},
957,宝魔主,,{'old': 'Prefix'},
958,宝魔主,,{'old': 'Prefix'},
959,宝魔主,,{'old': 'Prefix'},
960,宝魔主,,{'old': 'Prefix'},
961,宝魔主,,{'old': 'Prefix'},
962,宝魔主,,{'old': 'Prefix'},
963,宝魔主,,{'old': 'Prefix'},
964,宝魔主,,{'old': 'Prefix'},
965,宝魔主,,{'old': 'Prefix'},
966,宝魔主,,{'old': 'Prefix'},
967,宝魔主,,{'old': 'Prefix'},
969,マイセリウム・ベヘモット,Mycelium Behemoth,{'old': 'Replace'},
970,宝魔主,,{'old': 'Prefix'},
971,宝守,Treasure Guard,{'old': 'Prefix'},
972,宝守,Treasure Guard,{'old': 'Prefix'},
973,宝守,Treasure Guard,{'old': 'Prefix'},
974,宝守,Treasure Guard,{'old': 'Prefix'},
975,宝守,Treasure Guard,{'old': 'Prefix'},
976,宝守,Treasure Guard,{'old': 'Prefix'},
977,宝守,Treasure Guard,{'old': 'Prefix'},
978,宝守,Treasure Guard,{'old': 'Prefix'},
983,宝守,Treasure Guard,{'old': 'Prefix'},
984,宝魔主,,{'old': 'Prefix'},
985,宝魔主,,{'old': 'Prefix'},
986,宝守,Treasure Guard,{'old': 'Prefix'},
987,宝魔主,,{'old': 'Prefix'},
988,宝魔主,,{'old': 'Prefix'},
989,宝魔主,,{'old': 'Prefix'},
990,宝魔主,,{'old': 'Prefix'},
991,宝魔主,,{'old': 'Prefix'},
992,宝魔主,,{'old': 'Prefix'},
993,宝魔主,,{'old': 'Prefix'},
994,宝魔主,,{'old': 'Prefix'},
997,宝魔主,,{'old': 'Prefix'},
999,宝魔主,,{'old': 'Prefix'},
1000,宝魔主,,{'old': 'Prefix'},
1001,,,{'old': 'Prefix'},
1002,,,{'old': 'Prefix'},
1003,,,{'old': 'Prefix'},
1004,,,{'old': 'Prefix'},
1005,,,{'old': 'Prefix'},
1006,,,{'old': 'Prefix'},
1007,,,{'old': 'Prefix'},
1008,,,{'old': 'Prefix'},
1009,,,{'old': 'Prefix'},
1010,,,{'old': 'Prefix'},
1011,,,{'old': 'Prefix'},
1012,,,{'old': 'Prefix'},
1013,,,{'old': 'Prefix'},
1014,,,{'old': 'Prefix'},
1015,,,{'old': 'Prefix'},
1016,,,{'old': 'Prefix'},
1017,,,{'old': 'Prefix'},
1018,,,{'old': 'Prefix'},
1019,,,{'old': 'Prefix'},
1020,,,{'old': 'Prefix'},
1021,,,{'old': 'Prefix'},
1022,,,{'old': 'Prefix'},
1023,,,{'old': 'Prefix'},
1024,,,{'old': 'Prefix'},
1025,,,{'old': 'Prefix'},
1026,,,{'old': 'Prefix'},
1027,,,{'old': 'Prefix'},
1028,,,{'old': 'Prefix'},
1029,,,{'old': 'Prefix'},
1030,,,{'old': 'Prefix'},
1031,,,{'old': 'Prefix'},
1032,,,{'old': 'Prefix'},
1033,,,{'old': 'Prefix'},
1034,,,{'old': 'Prefix'},
1035,,,{'old': 'Prefix'},
1036,,,{'old': 'Prefix'},
1037,,,{'old': 'Prefix'},
1038,,,{'old': 'Prefix'},
1039,,,{'old': 'Prefix'},
1040,,,{'old': 'Prefix'},
1041,,,{'old': 'Prefix'},
1042,,,{'old': 'Prefix'},
1043,,,{'old': 'Prefix'},
1044,,,{'old': 'Prefix'},
1045,,,{'old': 'Prefix'},
1046,・エクストラ,(Extra),{'old': 'Suffix'},
1047,,,{'old': 'Prefix'},
1048,・エクストラ,(Extra),{'old': 'Suffix'},
1049,,,{'old': 'Prefix'},
1050,・エクストラ,(Extra),{'old': 'Suffix'},
1051,,,{'old': 'Prefix'},
1052,・エクストラ,(Extra),{'old': 'Suffix'},
1053,,,{'old': 'Prefix'},
1054,・エクストラ,(Extra),{'old': 'Suffix'},
1055,,,{'old': 'Prefix'},
1056,・エクストラ,(Extra),{'old': 'Suffix'},
1057,,,{'old': 'Prefix'},
1058,・エクストラ,(Extra),{'old': 'Suffix'},
1059,,,{'old': 'Prefix'},
1060,・エクストラ,(Extra),{'old': 'Suffix'},
1061,,,{'old': 'Prefix'},
1062,・エクストラ,(Extra),{'old': 'Suffix'},
1063,,,{'old': 'Prefix'},
1064,・エクストラ,(Extra),{'old': 'Suffix'},
1065,,,{'old': 'Prefix'},
1066,・エクストラ,(Extra),{'old': 'Suffix'},
1067,,,{'old': 'Prefix'},
1068,・エクストラ,(Extra),{'old': 'Suffix'},
1069,,,{'old': 'Prefix'},
1070,・エクストラ,(Extra),{'old': 'Suffix'},
1071,,,{'old': 'Prefix'},
1072,・エクストラ,(Extra),{'old': 'Suffix'},
1073,,,{'old': 'Prefix'},
1074,・エクストラ,(Extra),{'old': 'Suffix'},
1075,,,{'old': 'Prefix'},
1076,・エクストラ,(Extra),{'old': 'Suffix'},
1077,,,{'old': 'Prefix'},
1078,・エクストラ,(Extra),{'old': 'Suffix'},
1079,,,{'old': 'Prefix'},
1080,・エクストラ,(Extra),{'old': 'Suffix'},
1081,,,{'old': 'Prefix'},
1082,・エクストラ,(Extra),{'old': 'Suffix'},
1083,,,{'old': 'Prefix'},
1084,・エクストラ,(Extra),{'old': 'Suffix'},
1085,,,{'old': 'Prefix'},
1086,・エクストラ,(Extra),{'old': 'Suffix'},
1087,・エクストラ,(Extra),{'old': 'Suffix'},
1088,・エクストラ,(Extra),{'old': 'Suffix'},
1089,・エクストラ,(Extra),{'old': 'Suffix'},
1090,,,{'old': 'Prefix'},
1091,・エクストラ,(Extra),{'old': 'Suffix'},
1092,,,{'old': 'Prefix'},
1093,,,{'old': 'Prefix'},
1094,,,{'old': 'Prefix'},
1095,,,{'old': 'Prefix'},
1096,,,{'old': 'Prefix'},
1097,,,{'old': 'Prefix'},
1098,,,{'old': 'Prefix'},
1099,,,{'old': 'Prefix'},
1100,,,{'old': 'Prefix'},
1101,,,{'old': 'Prefix'},
1102,,,{'old': 'Prefix'},
1103,,,{'old': 'Prefix'},
1104,,,{'old': 'Prefix'},
1105,,,{'old': 'Prefix'},
1106,,,{'old': 'Prefix'},
1107,,,{'old': 'Prefix'},
1108,,,{'old': 'Prefix'},
1109,,,{'old': 'Prefix'},
1110,,,{'old': 'Prefix'},
1111,,,{'old': 'Prefix'},
1112,,,{'old': 'Prefix'},
1113,,,{'old': 'Prefix'},
1114,,,{'old': 'None'},
1115,,,{'old': 'None'},
1116,,,{'old': 'None'},
1117,,,{'old': 'None'},
1118,昌石を秘めた,Hidden Gemstones,{'old': 'Prefix'},
1119,財宝を秘めた,Hidden Treasures,{'old': 'Prefix'},
1120,竜力を秘めた,Hidden Dragon Force,{'old': 'Prefix'},
1121,宝飾を秘めた,Hidden Jewelry,{'old': 'Prefix'},
1126,昌石を秘めた,Hidden Gemstones,{'old': 'Prefix'},
1127,財宝を秘めた,Hidden Treasures,{'old': 'Prefix'},
1128,竜力を秘めた,Hidden Dragon Force,{'old': 'Prefix'},
1129,宝飾を秘めた,Hidden Jewelry,{'old': 'Prefix'},
1130,宝飾を秘めた,Hidden Jewelry,{'old': 'Prefix'},
1131,宝飾を秘めた,Hidden Jewelry,{'old': 'Prefix'},
1132,召喚士,,{'old': 'Prefix'},
1133,甦生した,,{'old': 'Prefix'},
1134,甦生した,,{'old': 'Prefix'},
1135,黒闇より甦りし,Raised from the Darkness,"{'old': 'Prefix', 'new': 'Suffix'}",
1136,甦生した,,{'old': 'Prefix'},
1137,異界の,of the Other World,"{'old': 'Prefix', 'new': 'Suffix'}",
1138,狭間の,,{'old': 'Prefix'},
1139,隷下部隊,Subordinate Troop,{'old': 'Prefix'},
1140,隷下部隊長,Subordinate Commanding Officer,{'old': 'Prefix'},
1141,隷下部大隊長,,{'old': 'Prefix'},
1142,甦生したボルドバンガー・,,{'old': 'Prefix'},
1143,第一練磨,First Test,{'old': 'Prefix'},
1144,第二練磨,Second Test,{'old': 'Prefix'},
1145,,,{'old': 'Prefix'},
1146,礎の番人,,{'old': 'Replace'},
1147,,,{'old': 'Prefix'},
1149,甦生した,,{'old': 'Prefix'},
1151,召喚士,,{'old': 'Prefix'},
1152,甦生した,,{'old': 'Prefix'},
1155,,,{'old': 'Prefix'},
1156,淀みの戦徒,Myrmidon of Stagnation,{'old': 'Replace'},
1157,甦生した,,{'old': 'Prefix'},
1158,賞金首,Bounty,{'old': 'Prefix'},
1159,賞金首,Bounty,{'old': 'Prefix'},
1160,賞金首,Bounty,{'old': 'Prefix'},
1161,,,{'old': 'Prefix'},
1162,,,{'old': 'Prefix'},
1163,,,{'old': 'Prefix'},
1164,,,{'old': 'Prefix'},
1165,,,{'old': 'Prefix'},
1166,,,{'old': 'Prefix'},
1167,,,{'old': 'Prefix'},
1168,,,{'old': 'Prefix'},
1170,ストレングス・,[Strength],{'old': 'Prefix'},
1171,テンパランス・,[Temperance],{'old': 'Prefix'},
1173,ハイエロファント・,[The Hierophant],{'old': 'Prefix'},
1175,マジシャン・,[The Magician],{'old': 'Prefix'},
1178,,,{'old': 'Prefix'},
1179,大竜力の精兵,Great Dragon Force Elite Soldier,{'old': 'Replace'},
1180,ＨＰ２倍だよ！,,{'old': 'Replace'},
1181,のけぞりぶっとび２倍だよ！,,{'old': 'Replace'},
1182,ゆさぶり２倍だよ！,,{'old': 'Replace'},
1183,のけぶ＆ゆさ２倍だよ！,,{'old': 'Replace'},
1186,蒼葉の,,{'old': 'Prefix'},
1187,蒼葉の,,{'old': 'Prefix'},
1188,死体齧りの,Corpse-Eating,{'old': 'Prefix'},
1189,グレイブワーグ,Gravewarg,{'old': 'Replace'},
1190,,,{'old': 'Prefix'},
1198,竜力を秘めた,Hidden Dragon Force,{'old': 'Prefix'},
1199,大竜力の精兵,Great Dragon Force Elite Soldier,{'old': 'Replace'},
1200,大竜力の精兵,Great Dragon Force Elite Soldier,{'old': 'Replace'},
1201,大竜力の精兵,Great Dragon Force Elite Soldier,{'old': 'Replace'},
1202,大竜力の精兵,Great Dragon Force Elite Soldier,{'old': 'Replace'},
1204,検証用,,{'old': 'Prefix'},
1223,ラヴァーズ・,[The Lovers],{'old': 'Prefix'},
1224,ハーミット・,[The Hermit],{'old': 'Prefix'},
1225,ハングドマン・,[The Hanged Man],{'old': 'Prefix'},
1226,ジャスティス・,[Justice],{'old': 'Prefix'},
1227,エンペラー・,[The Emperor],{'old': 'Prefix'},
1228,デビル・,[The Devil],{'old': 'Prefix'},
1229,フォーチュン・,[Fortune],{'old': 'Prefix'},
1230,ジャッジメント・,[Judgement],{'old': 'Prefix'},
1231,謎の魔物,Mysterious Beast,{'old': 'Replace'},
1232,廃村に巣食う,Deserted Village Haunting,{'old': 'Prefix'},
1233,試練の魔物,Trial Beast,{'old': 'Prefix'},
1234,試練の魔物,Trial Beast,{'old': 'Prefix'},
1235,ロイグの家畜,Loeg's Tamed,{'old': 'Prefix'},
1236,樹内に蔓延る,Tree-Dwelling,{'old': 'Prefix'},
1237,樹内に蔓延る,Tree-Dwelling,{'old': 'Prefix'},
1238,樹内に蔓延る,Tree-Dwelling,{'old': 'Prefix'},
1239,キャニオンガードエント,Canyon Guard,{'old': 'Replace'},
1240,黒騎士ロイグ,Black Knight Loeg,{'old': 'Replace'},
1241,精霊竜ウィルミア,Spirit Dragon Willmia,{'old': 'Replace'},
1242,大竜力の精兵,Great Dragon Force Elite Soldier,{'old': 'Replace'},
1243,大竜力の精兵,Great Dragon Force Elite Soldier,{'old': 'Replace'},
1244,獣の主,,{'old': 'Replace'},
1245,鍵を奪った墓守,,{'old': 'Replace'},
1246,鳴動の甲竜,Rumbling Shell Dragon,{'old': 'Replace'},
1247,妨害,Interfering,{'old': 'Prefix'},
1248,急襲する石魔,,{'old': 'Replace'},
1249,招かれざる白鷲,Unbidden White Eagle,{'old': 'Replace'},
1250,群れる,,{'old': 'Prefix'},
1251,同胞,Fellow,{'old': 'Prefix'},
1252,荒れ崩す,,{'old': 'Prefix'},
1253,川辺の,Riverside,{'old': 'Prefix'},
1254,命屠る,Life Slaughtering,{'old': 'Prefix'},
1255,神殿に巣食う,,{'old': 'Prefix'},
1256,,,{'old': 'Prefix'},
1257,,,{'old': 'Prefix'},
1258,,,{'old': 'Prefix'},
1259,,,{'old': 'Prefix'},
1260,,,{'old': 'Prefix'},
1261,,,{'old': 'Prefix'},
1262,,,{'old': 'Prefix'},
1263,,,{'old': 'Prefix'},
1264,,,{'old': 'Prefix'},
1265,,,{'old': 'Prefix'},
1266,,,{'old': 'Prefix'},
1267,,,{'old': 'Prefix'},
1268,,,{'old': 'Prefix'},
1269,目覚めし,,{'old': 'Prefix'},
1270,怒り狂う大甲竜,Raging Great Shell Dragon,{'old': 'Replace'},
1271,緑の森護獣,Green Forest Guardian Beast,{'old': 'Replace'},
1272,村潰しの,the Village Crusher,"{'old': 'Prefix', 'new': 'Suffix'}",
1273,さまよう,Wandering,{'old': 'Prefix'},
1274,蝕み散らす大鷲,,{'old': 'Replace'},
1275,忘れ去られた,,{'old': 'Prefix'},
1276,災厄を呼ぶ,,{'old': 'Prefix'},
1277,,,{'old': 'Prefix'},
1278,,,{'old': 'Prefix'},
1279,,,{'old': 'Prefix'},
1280,,,{'old': 'Prefix'},
1281,,,{'old': 'Prefix'},
1282,,,{'old': 'Prefix'},
1283,,,{'old': 'Prefix'},
1284,,,{'old': 'Prefix'},
1285,,,{'old': 'Prefix'},
1286,,,{'old': 'Prefix'},
1287,,,{'old': 'Prefix'},
1288,,,{'old': 'Prefix'},
1289,,,{'old': 'Prefix'},
1290,変異,Mutated,{'old': 'Prefix'},
1291,変異,Mutated,{'old': 'Prefix'},
1292,大変異,Highly Mutated,{'old': 'Prefix'},
1293,変異,Mutated,{'old': 'Prefix'},
1294,大変異,Highly Mutated,{'old': 'Prefix'},
1295,変異,Mutated,{'old': 'Prefix'},
1296,・エクストラ,(Extra),{'old': 'Suffix'},
1297,,,{'old': 'Prefix'},
1298,・エクストラ,(Extra),{'old': 'Suffix'},
1299,,,{'old': 'Prefix'},
1300,,,{'old': 'Prefix'},
1301,,,{'old': 'Prefix'},
1302,・エクストラ,(Extra),{'old': 'Suffix'},
1303,,,{'old': 'Prefix'},
1304,,,{'old': 'Prefix'},
1305,,,{'old': 'Prefix'},
1306,・エクストラ,(Extra),{'old': 'Suffix'},
1307,,,{'old': 'Prefix'},
1308,,,{'old': 'Prefix'},
1309,,,{'old': 'Prefix'},
1310,・エクストラ,(Extra),{'old': 'Suffix'},
1311,,,{'old': 'Prefix'},
1312,,,{'old': 'Prefix'},
1313,,,{'old': 'Prefix'},
1314,・エクストラ,(Extra),{'old': 'Suffix'},
1315,,,{'old': 'Prefix'},
1316,,,{'old': 'Prefix'},
1317,,,{'old': 'Prefix'},
1318,・エクストラ,(Extra),{'old': 'Suffix'},
1319,,,{'old': 'Prefix'},
1320,,,{'old': 'Prefix'},
1321,,,{'old': 'Prefix'},
1322,,,{'old': 'Prefix'},
1323,,,{'old': 'Prefix'},
1324,,,{'old': 'Prefix'},
1325,,,{'old': 'Prefix'},
1326,・エクストラ,(Extra),{'old': 'Suffix'},
1327,,,{'old': 'Prefix'},
1328,,,{'old': 'Prefix'},
1329,,,{'old': 'Prefix'},
1330,・エクストラ,(Extra),{'old': 'Suffix'},
1331,,,{'old': 'Prefix'},
1332,,,{'old': 'Prefix'},
1333,,,{'old': 'Prefix'},
1334,,,{'old': 'Prefix'},
1335,,,{'old': 'Prefix'},
1336,・エクストラ,(Extra),{'old': 'Suffix'},
1337,,,{'old': 'Prefix'},
1338,,,{'old': 'Prefix'},
1339,,,{'old': 'Prefix'},
1340,・エクストラ,(Extra),{'old': 'Suffix'},
1341,,,{'old': 'Prefix'},
1342,,,{'old': 'Prefix'},
1343,,,{'old': 'Prefix'},
1344,・エクストラ,(Extra),{'old': 'Suffix'},
1345,,,{'old': 'Prefix'},
1346,,,{'old': 'Prefix'},
1347,,,{'old': 'Prefix'},
1348,・エクストラ,(Extra),{'old': 'Suffix'},
1349,,,{'old': 'Prefix'},
1350,,,{'old': 'Prefix'},
1351,,,{'old': 'Prefix'},
1352,・エクストラ,(Extra),{'old': 'Suffix'},
1353,,,{'old': 'Prefix'},
1354,,,{'old': 'Prefix'},
1355,,,{'old': 'Prefix'},
1356,・エクストラ,(Extra),{'old': 'Suffix'},
1357,,,{'old': 'Prefix'},
1358,,,{'old': 'Prefix'},
1359,,,{'old': 'Prefix'},
1360,・エクストラ,(Extra),{'old': 'Suffix'},
1361,,,{'old': 'Prefix'},
1362,,,{'old': 'Prefix'},
1363,,,{'old': 'Prefix'},
1364,・エクストラ,(Extra),{'old': 'Suffix'},
1365,,,{'old': 'Prefix'},
1366,,,{'old': 'Prefix'},
1367,,,{'old': 'Prefix'},
1368,・エクストラ,(Extra),{'old': 'Suffix'},
1369,,,{'old': 'Prefix'},
1370,,,{'old': 'Prefix'},
1371,,,{'old': 'Prefix'},
1372,・エクストラ,(Extra),{'old': 'Suffix'},
1373,,,{'old': 'Prefix'},
1374,,,{'old': 'Prefix'},
1375,,,{'old': 'Prefix'},
1376,,,{'old': 'Prefix'},
1377,,,{'old': 'Prefix'},
1378,,,{'old': 'Prefix'},
1379,,,{'old': 'Prefix'},
1380,・エクストラ,(Extra),{'old': 'Suffix'},
1381,,,{'old': 'Prefix'},
1382,,,{'old': 'Prefix'},
1383,,,{'old': 'Prefix'},
1384,・エクストラ,(Extra),{'old': 'Suffix'},
1385,,,{'old': 'Prefix'},
1386,,,{'old': 'Prefix'},
1387,,,{'old': 'Prefix'},
1388,・エクストラ,(Extra),{'old': 'Suffix'},
1389,,,{'old': 'Prefix'},
1390,,,{'old': 'Prefix'},
1391,,,{'old': 'Prefix'},
1392,・エクストラ,(Extra),{'old': 'Suffix'},
1393,,,{'old': 'Prefix'},
1394,,,{'old': 'Prefix'},
1395,,,{'old': 'Prefix'},
1396,・エクストラ,(Extra),{'old': 'Suffix'},
1397,,,{'old': 'Prefix'},
1398,,,{'old': 'Prefix'},
1399,,,{'old': 'Prefix'},
1400,・エクストラ,(Extra),{'old': 'Suffix'},
1401,,,{'old': 'Prefix'},
1402,,,{'old': 'Prefix'},
1403,,,{'old': 'Prefix'},
1404,最終練磨,Final Test,{'old': 'Prefix'},
1405,最終練磨,Final Test,{'old': 'Prefix'},
1406,最終練磨,Final Test,{'old': 'Prefix'},
1407,最終練磨,Final Test,{'old': 'Prefix'},
1408,最終練磨,Final Test,{'old': 'Prefix'},
1409,最終練磨,Final Test,{'old': 'Prefix'},
1410,最終練磨,Final Test,{'old': 'Prefix'},
1411,最終練磨,Final Test,{'old': 'Prefix'},
1412,最終練磨,Final Test,{'old': 'Prefix'},
1413,最終練磨,Final Test,{'old': 'Prefix'},
1414,最終練磨,Final Test,{'old': 'Prefix'},
1415,最終練磨,Final Test,{'old': 'Prefix'},
1416,,,{'old': 'Prefix'},
1417,,,{'old': 'Prefix'},
1418,最終練磨,Final Test,{'old': 'Prefix'},
1419,最終練磨,Final Test,{'old': 'Prefix'},
1420,最終練磨,Final Test,{'old': 'Prefix'},
1421,最終練磨,Final Test,{'old': 'Prefix'},
1422,最終練磨,Final Test,{'old': 'Prefix'},
1423,最終練磨,Final Test,{'old': 'Prefix'},
1424,最終練磨,Final Test,{'old': 'Prefix'},
1425,最終練磨,Final Test,{'old': 'Prefix'},
1426,最終練磨,Final Test,{'old': 'Prefix'},
1427,最終練磨,Final Test,{'old': 'Prefix'},
1428,鍵番,Key Guardian,{'old': 'Prefix'},
1429,歪みの執行人,,{'old': 'Replace'},
1430,礎の番人,,{'old': 'Replace'},
1431,礎の番人,,{'old': 'Replace'},
1432,試練,Trial,{'old': 'Prefix'},
1433,試練,Trial,{'old': 'Prefix'},
1434,行く手を阻む,Obstructing,{'old': 'Prefix'},
1447,瘴気を纏う,Miasmatic,{'old': 'Prefix'},
1448,神殿に棲む,Temple Nesting,{'old': 'Prefix'},
1449,魔を呼ぶ,Demon Calling,{'old': 'Prefix'},
1450,呼び寄せられた,Called,{'old': 'Prefix'},
1451,泉の番人,Fountain Guardian,{'old': 'Replace'},
1452,泉の番人,Fountain Guardian,{'old': 'Replace'},
1453,宝の番人,Treasure Guardian,{'old': 'Replace'},
1454,宝の番人,Treasure Guardian,{'old': 'Replace'},
1455,瘴気を纏う,Miasmatic,{'old': 'Prefix'},
1456,瘴気を纏う,Miasmatic,{'old': 'Prefix'},
1457,瘴気を纏う,Miasmatic,{'old': 'Prefix'},
1458,瘴気を纏う,Miasmatic,{'old': 'Prefix'},
1459,甲竜に怯える,frightened of the Shell Dragon,"{'old': 'Prefix', 'new': 'Suffix'}",
1460,甲竜に怯える,frightened of the Shell Dragon,"{'old': 'Prefix', 'new': 'Suffix'}",
1461,,,{'old': 'Prefix'},
1462,襲撃,Raid,{'old': 'Prefix'},
1463,,,{'old': 'Prefix'},
1465,竜力に引かれた,,{'old': 'Prefix'},
1466,集いし者たち,,{'old': 'Replace'},
1467,？？？,???,{'old': 'Replace'},
1468,？？？,???,{'old': 'Replace'},
1478,淀みの影,Shadow of Stagnation,{'old': 'Replace'},
1479,淀みの影,Shadow of Stagnation,{'old': 'Replace'},
1480,傷ついた,Wounded,{'old': 'Prefix'},
1488,,,{'old': 'Prefix'},
1489,,,{'old': 'Prefix'},
1490,,,{'old': 'Prefix'},
1499,変異,Mutated,{'old': 'Prefix'},
1500,変異,Mutated,{'old': 'Prefix'},
1501,大変異,Highly Mutated,{'old': 'Prefix'},
1502,変異,Mutated,{'old': 'Prefix'},
1503,変異,Mutated,{'old': 'Prefix'},
1504,大変異,Highly Mutated,{'old': 'Prefix'},
1505,変異,Mutated,{'old': 'Prefix'},
1506,変異,Mutated,{'old': 'Prefix'},
1507,大変異,Highly Mutated,{'old': 'Prefix'},
1508,,,{'old': 'Prefix'},
1509,,,{'old': 'Prefix'},
1510,,,{'old': 'Prefix'},
1511,,,{'old': 'Prefix'},
1515,,,{'old': 'Prefix'},
1516,対の大竜力・天,,{'old': 'Replace'},
1517,賞金首,Bounty,{'old': 'Prefix'},
1520,賞金首,Bounty,{'old': 'Prefix'},
1521,賞金首,Bounty,{'old': 'Prefix'},
1530,,,{'old': 'Prefix'},
1531,,,{'old': 'Prefix'},
1532,,,{'old': 'Prefix'},
1533,,,{'old': 'Prefix'},
1534,,,{'old': 'Prefix'},
1535,,,{'old': 'Prefix'},
1536,,,{'old': 'Prefix'},
1537,・ブレイズ,(Blaze),{'old': 'Suffix'},
1538,甲竜に怯える,frightened of the Shell Dragon,"{'old': 'Prefix', 'new': 'Suffix'}",
1539,甲竜に怯える,frightened of the Shell Dragon,"{'old': 'Prefix', 'new': 'Suffix'}",
1541,,,{'old': 'Prefix'},
1544,対の大竜力・地,,{'old': 'Replace'},
1545,蒼甲竜,Pale Shell Dragon,{'old': 'Prefix'},
1546,,,{'old': 'Prefix'},
1547,,,{'old': 'Prefix'},
1548,,,{'old': 'Prefix'},
1549,,,{'old': 'Prefix'},
1550,,,{'old': 'Prefix'},
1551,,,{'old': 'Prefix'},
1552,,,{'old': 'Prefix'},
1553,,,{'old': 'Prefix'},
1554,,,{'old': 'Prefix'},
1555,,,{'old': 'Prefix'},
1556,,,{'old': 'Prefix'},
1557,,,{'old': 'Prefix'},
1558,,,{'old': 'Prefix'},
1559,,,{'old': 'Prefix'},
1560,,,{'old': 'Prefix'},
1561,,,{'old': 'Prefix'},
1562,お化け,Ghost,{'old': 'Replace'},
1563,傷ついた,Wounded,{'old': 'Prefix'},
1564,樹内の記憶,Memory Within the Tree,{'old': 'Replace'},
1565,うめきの記憶,,{'old': 'Replace'},
1566,祈りの記憶,,{'old': 'Replace'},
1567,魔封の竜晶,Dragon Crystal of Evil Sealing,{'old': 'Replace'},
1568,力滅の竜晶,Dragon Crystal of Power Sapping,{'old': 'Replace'},
1569,,,{'old': 'Prefix'},
1570,甲竜に怯える,frightened of the Shell Dragon,"{'old': 'Prefix', 'new': 'Suffix'}",
1571,第一練磨,First Test,{'old': 'Prefix'},
1572,第二練磨,Second Test,{'old': 'Prefix'},
1573,第一練磨,First Test,{'old': 'Prefix'},
1574,第二練磨,Second Test,{'old': 'Prefix'},
1575,最終練磨,Final Test,{'old': 'Prefix'},
1576,昌石を秘めた,Hidden Gemstones,{'old': 'Prefix'},
1577,宝飾を秘めた,Hidden Jewelry,{'old': 'Prefix'},
1578,竜力を秘めた,Hidden Dragon Force,{'old': 'Prefix'},
1579,財宝を秘めた,Hidden Treasures,{'old': 'Prefix'},
1580,昌石を秘めた,Hidden Gemstones,{'old': 'Prefix'},
1581,宝飾を秘めた,Hidden Jewelry,{'old': 'Prefix'},
1582,竜力を秘めた,Hidden Dragon Force,{'old': 'Prefix'},
1583,財宝を秘めた,Hidden Treasures,{'old': 'Prefix'},
1586,宝飾を秘めた,Hidden Jewelry,{'old': 'Prefix'},
1587,宝飾を秘めた,Hidden Jewelry,{'old': 'Prefix'},
1588,竜力を秘めた,Hidden Dragon Force,{'old': 'Prefix'},
1589,,,{'old': 'Prefix'},
1590,呪符に保護されし,,{'old': 'Prefix'},
1591,呪符の番人,,{'old': 'Replace'},
1592,呪符の番人,,{'old': 'Replace'},
1593,呪符の番人,,{'old': 'Replace'},
1598,召喚されし邪悪の眷属,,{'old': 'Replace'},
1599,,,{'old': 'Prefix'},
1600,,,{'old': 'Prefix'},
1609,怪しい盗賊団,Suspicious Bandit,{'old': 'Replace'},
1610,急襲の,Raid,{'old': 'Prefix'},
1611,森の怒り,Forest's Fury,{'old': 'Replace'},
1612,モゴックの部下,Mogok's Subordinate,{'old': 'Replace'},
1613,帰ってきたモゴック,Mogok who came back,{'old': 'Replace'},
1614,薬草を守りし,,{'old': 'Prefix'},
1615,襲撃の,Raid,{'old': 'Prefix'},
1616,襲撃の,Raid,{'old': 'Prefix'},
1617,時番群,Time Bonus Group,{'old': 'Replace'},
1618,時番群,Time Bonus Group,{'old': 'Replace'},
1619,時番群,Time Bonus Group,{'old': 'Replace'},
1620,黒騎士の配下,,{'old': 'Replace'},
1621,黒騎士の配下,,{'old': 'Replace'},
1634,,,{'old': 'Prefix'},
1635,,,{'old': 'Prefix'},
1636,,,{'old': 'Prefix'},
1637,子飼いの,Hand-raised,{'old': 'Prefix'},
1638,植物に誘われし魔物,,{'old': 'Replace'},
1639,植物に誘われし魔物,,{'old': 'Replace'},
1640,植物に誘われし魔物,,{'old': 'Replace'},
1641,植物に誘われし魔物,,{'old': 'Replace'},
1642,急襲の,Raid,{'old': 'Prefix'},
1643,突然変異の,,{'old': 'Prefix'},
1644,突然変異の,,{'old': 'Prefix'},
1645,怪しいオーク,Suspicious Orc,{'old': 'Replace'},
1659,,,{'old': 'Prefix'},
1660,,,{'old': 'Prefix'},
1661,,,{'old': 'Prefix'},
1662,,,{'old': 'Prefix'},
1663,,,{'old': 'Prefix'},
1664,,,{'old': 'Prefix'},
1665,,,{'old': 'Prefix'},
1666,,,{'old': 'Prefix'},
1667,,,{'old': 'Prefix'},
1668,,,{'old': 'Prefix'},
1669,,,{'old': 'Prefix'},
1670,,,{'old': 'Prefix'},
1671,,,{'old': 'Prefix'},
1672,,,{'old': 'Prefix'},
1673,,,{'old': 'Prefix'},
1674,スカージ,Scourge,{'old': 'Replace'},
1675,,,{'old': 'Prefix'},
1676,,,{'old': 'Prefix'},
1677,,,{'old': 'Prefix'},
1678,,,{'old': 'Prefix'},
1682,,,{'old': 'Prefix'},
1685,,,{'old': 'Prefix'},
1686,力滅の竜晶,Dragon Crystal of Power Sapping,{'old': 'Replace'},
1687,魔封の竜晶,Dragon Crystal of Evil Sealing,{'old': 'Replace'},
1688,,,{'old': 'Prefix'},
1689,,,{'old': 'Prefix'},
1692,時番群,Time Bonus Group,{'old': 'Replace'},
1693,時番群,Time Bonus Group,{'old': 'Replace'},
1694,,,{'old': 'Prefix'},
1695,,,{'old': 'Prefix'},
1696,,,{'old': 'Prefix'},
1697,,,{'old': 'Prefix'},
1698,異界の,of the Other World,"{'old': 'Prefix', 'new': 'Suffix'}",
1699,狭間の,,{'old': 'Prefix'},
1700,瘴気を纏う,Miasmatic,{'old': 'Prefix'},
1701,うめきの記憶,,{'old': 'Replace'},
1702,ロイグ,Loeg,{'old': 'Suffix'},
1703,,,{'old': 'Prefix'},
1704,黒闇より甦りし,Raised from the Darkness,"{'old': 'Prefix', 'new': 'Suffix'}",
1705,,,{'old': 'Prefix'},
1706,蒼甲竜,Pale Shell Dragon,{'old': 'Prefix'},
1707,樹内の記憶,Memory Within the Tree,{'old': 'Replace'},
1708,召喚士,,{'old': 'Prefix'},
1709,甦生した,,{'old': 'Prefix'},
1710,魔封の竜晶,Dragon Crystal of Evil Sealing,{'old': 'Replace'},
1711,力滅の竜晶,Dragon Crystal of Power Sapping,{'old': 'Replace'},
1712,時番,Time Bonus,{'old': 'Replace'},"{'proper': True, 'pluralize': True}"
1713,見たことのない感じのスライム,,{'old': 'Replace'},
1714,,,{'old': 'Prefix'},
1715,,,{'old': 'Prefix'},
1716,,,{'old': 'Prefix'},
1717,,,{'old': 'Prefix'},
1718,,,{'old': 'Prefix'},
1719,,,{'old': 'Prefix'},
1720,,,{'old': 'Prefix'},
1721,,,{'old': 'Prefix'},
1722,,,{'old': 'Prefix'},
1723,,,{'old': 'Prefix'},
1724,,,{'old': 'Prefix'},
1725,,,{'old': 'Prefix'},
1726,,,{'old': 'Prefix'},
1727,,,{'old': 'Prefix'},
1728,,,{'old': 'Prefix'},
1729,,,{'old': 'Prefix'},
1730,,,{'old': 'Prefix'},
1731,,,{'old': 'Prefix'},
1732,,,{'old': 'Prefix'},
1733,,,{'old': 'Prefix'},
1734,,,{'old': 'Prefix'},
1735,ブルータルハーミット,Brutal Hermit,{'old': 'Replace'},
1736,,,{'old': 'Prefix'},
1737,,,{'old': 'Prefix'},
1738,,,{'old': 'Prefix'},
1739,先遣隊,,{'old': 'Prefix'},
1740,悪しき竜軍甲兵,,{'old': 'Prefix'},
1741,第一悪しき竜軍本隊,,{'old': 'Replace'},
1742,第一悪しき竜軍本隊,,{'old': 'Replace'},
1743,第一増援部隊,,{'old': 'Replace'},
1744,第二悪しき竜軍本隊,,{'old': 'Replace'},
1745,第二悪しき竜軍本隊,,{'old': 'Replace'},
1746,第二増援部隊,,{'old': 'Replace'},
1747,第三悪しき竜軍本隊,,{'old': 'Replace'},
1748,第三悪しき竜軍本隊,,{'old': 'Replace'},
1749,第三増援部隊,,{'old': 'Replace'},
1750,謎のオーク,Mysterious Orc,{'old': 'Replace'},
1751,捕虜の見張り,Prisoner's Guard,{'old': 'Replace'},
1752,村を襲撃する,Village Raiding,{'old': 'Prefix'},
1753,占領軍の大将,Occupation Army Leader,{'old': 'Replace'},
1754,砦を占拠する,Fort Occupying,{'old': 'Prefix'},
1755,ロスギルを狙うオーク,Orc Aiming For Rothgill,{'old': 'Replace'},
1756,洞窟の主,Master of the Grotto,{'old': 'Replace'},
1757,行く手を阻む,Obstructing,{'old': 'Prefix'},
1758,獣の将,Beast Commander,{'old': 'Replace'},
1759,砦を占拠する,Fort Occupying,{'old': 'Prefix'},
1760,将の腰巾着,,{'old': 'Replace'},
1761,襲撃の,Raid,{'old': 'Prefix'},
1762,襲撃の,Raid,{'old': 'Prefix'},
1763,進軍の,Marching,{'old': 'Prefix'},
1764,進軍の,Marching,{'old': 'Prefix'},
1765,ジフール城の門番,Jifule Castle Gatekeeper,{'old': 'Replace'},
1766,ジフール城の門番,Jifule Castle Gatekeeper,{'old': 'Replace'},
1767,ジフール城の門番,Jifule Castle Gatekeeper,{'old': 'Replace'},
1768,古の扉の番兵,Old Door Guard,{'old': 'Replace'},
1769,古の扉の番兵,Old Door Guard,{'old': 'Replace'},
1770,居残り番兵,,{'old': 'Replace'},
1771,捕虜の見張り,Prisoner's Guard,{'old': 'Replace'},
1772,骸の将,Necro Master,{'old': 'Replace'},
1773,骸の腰巾着,Necro Follower,{'old': 'Replace'},
1774,展望城の見張り兵,Lookout Castle Guard Troop,{'old': 'Replace'},
1775,展望城の見張り兵,Lookout Castle Guard Troop,{'old': 'Replace'},
1776,砦外雑兵,Troop outside the Fort,{'old': 'Replace'},
1777,正門の番人,Main Gate Guard,{'old': 'Replace'},
1778,砦外雑兵,Troop outside the Fort,{'old': 'Replace'},
1779,砦内雑兵,Troop inside the Fort,{'old': 'Replace'},
1780,敵陣旗に集う雑兵,Troop Gathering at Enemy Flags,{'old': 'Replace'},
1781,兵器・補強隊,Weapon Reinforcement Unit,{'old': 'Replace'},
1782,番兵,Guard,{'old': 'Replace'},
1783,陣地防衛隊長,Encampment Defense Commander,{'old': 'Replace'},
1784,陣地防衛兵,Encampment Defense Troop,{'old': 'Replace'},
1785,敵陣守護隊長,Enemy Camp Guard Commander,{'old': 'Replace'},
1786,敵陣守護兵,Enemy Camp Guard Troop,{'old': 'Replace'},
1787,砲撃場兵,Bombardment Location Troop,{'old': 'Replace'},
1788,陣地防衛隊長,Encampment Defense Commander,{'old': 'Replace'},
1789,陣地防衛兵,Encampment Defense Troop,{'old': 'Replace'},
1790,陣地防衛隊長,Encampment Defense Commander,{'old': 'Replace'},
1791,陣地防衛兵,Encampment Defense Troop,{'old': 'Replace'},
1792,,,{'old': 'Prefix'},
1793,,,{'old': 'Prefix'},
1794,,,{'old': 'Prefix'},
1795,魔領進攻軍雑兵,,{'old': 'Replace'},
1796,魔領進攻軍一等兵,,{'old': 'Replace'},
1797,魔領進攻軍特攻兵,,{'old': 'Replace'},
1798,・エクストラ,(Extra),{'old': 'Suffix'},
1799,・エクストラ,(Extra),{'old': 'Suffix'},
1800,・エクストラ,(Extra),{'old': 'Suffix'},
1801,・エクストラ,(Extra),{'old': 'Suffix'},
1802,泉の守護者,Guardian of the Spring,{'old': 'Replace'},
1803,最終練磨,Final Test,{'old': 'Prefix'},
1804,最終練磨,Final Test,{'old': 'Prefix'},
1805,,,{'old': 'Prefix'},
1806,,,{'old': 'Prefix'},
1807,,,{'old': 'Prefix'},
1808,伝令士官,,{'old': 'Prefix'},
1825,ロスギル襲撃部隊,Rothgill Raid Force,{'old': 'Replace'},
1826,試練を与えし竜,,{'old': 'Replace'},
1827,試練,Trial,{'old': 'Prefix'},
1828,拠点防衛,Base Defense,{'old': 'Prefix'},
1829,防衛士官,Defense Officer,{'old': 'Prefix'},
1830,,,{'old': 'Prefix'},
1831,トリンの家畜,Thorin's Livestock,{'old': 'Replace'},
1832,？？？,???,{'old': 'Replace'},
1833,？？？,???,{'old': 'Replace'},
1834,試練,Trial,{'old': 'Prefix'},
1836,処刑官,Execution Officer,{'old': 'Prefix'},
1837,処刑長,Execution Head,{'old': 'Prefix'},
1838,大砲士官,Artillery Officer,{'old': 'Prefix'},
1839,襲撃,Raid,{'old': 'Prefix'},
1840,メダルコレクター,Medal Collector,{'old': 'Prefix'},
1841,メダルコレクター,Medal Collector,{'old': 'Prefix'},
1842,メダルコレクター,Medal Collector,{'old': 'Prefix'},
1843,メダルコレクター,Medal Collector,{'old': 'Prefix'},
1846,,,{'old': 'Prefix'},
1847,,,{'old': 'Prefix'},
1848,,,{'old': 'Prefix'},
1849,,,{'old': 'Prefix'},
1850,,,{'old': 'Prefix'},
1851,,,{'old': 'Prefix'},
1852,,,{'old': 'Prefix'},
1853,,,{'old': 'Prefix'},
1854,,,{'old': 'Prefix'},
1855,,,{'old': 'Prefix'},
1856,,,{'old': 'Prefix'},
1857,,,{'old': 'Prefix'},
1859,,,{'old': 'Prefix'},
1861,従属,Subordinate,{'old': 'Prefix'},
1862,従属,Subordinate,{'old': 'Prefix'},
1863,従属,Subordinate,{'old': 'Prefix'},
1864,従属,Subordinate,{'old': 'Prefix'},
1865,関所の番兵,,{'old': 'Replace'},
1866,,,{'old': 'Prefix'},
1867,,,{'old': 'Prefix'},
1868,,,{'old': 'Prefix'},
1869,,,{'old': 'Prefix'},
1870,,,{'old': 'Prefix'},
1871,,,{'old': 'Prefix'},
1872,,,{'old': 'Prefix'},
1873,,,{'old': 'Prefix'},
1874,,,{'old': 'Prefix'},
1875,,,{'old': 'Prefix'},
1876,,,{'old': 'Prefix'},
1877,,,{'old': 'Prefix'},
1878,,,{'old': 'Prefix'},
1879,,,{'old': 'Prefix'},
1880,,,{'old': 'Prefix'},
1881,,,{'old': 'Prefix'},
1882,,,{'old': 'Prefix'},
1883,,,{'old': 'Prefix'},
1884,,,{'old': 'Prefix'},
1885,,,{'old': 'Prefix'},
1886,,,{'old': 'Prefix'},
1887,,,{'old': 'Prefix'},
1888,,,{'old': 'Prefix'},
1889,,,{'old': 'Prefix'},
1890,,,{'old': 'Prefix'},
1891,,,{'old': 'Prefix'},
1892,,,{'old': 'Prefix'},
1893,魔領進攻軍二等兵,,{'old': 'Replace'},
1894,魔領進攻軍一等兵,,{'old': 'Replace'},
1895,魔領進攻軍兵長,,{'old': 'Replace'},
1896,,,{'old': 'Prefix'},
1897,,,{'old': 'Prefix'},
1898,占領軍の,Occupation Army,{'old': 'Prefix'},
1899,ロスギルを狙うマンティコア,Manticore Aiming For Rothgill,{'old': 'Replace'},
1900,砦を占拠する戦甲マンティコア,Fort Occupying War-Ready Manticore,{'old': 'Replace'},
1901,砦の番兵,Fort Guard,{'old': 'Prefix'},
1905,10ｍ級,10m grade,{'old': 'Prefix'},
1906,7ｍ級,7m grade,{'old': 'Prefix'},
1907,超大型,Colossal,{'old': 'Prefix'},
1926,,,{'old': 'Prefix'},
1927,,,{'old': 'Prefix'},
1928,,,{'old': 'Prefix'},
1929,,,{'old': 'Prefix'},
1930,,,{'old': 'Prefix'},
1931,,,{'old': 'Prefix'},
1932,,,{'old': 'Prefix'},
1933,,,{'old': 'Prefix'},
1934,,,{'old': 'Prefix'},
1935,,,{'old': 'Prefix'},
1936,,,{'old': 'Prefix'},
1937,,,{'old': 'Prefix'},
1938,,,{'old': 'Prefix'},
1939,,,{'old': 'Prefix'},
1940,,,{'old': 'Prefix'},
1941,,,{'old': 'Prefix'},
1942,,,{'old': 'Prefix'},
1943,,,{'old': 'Prefix'},
1944,,,{'old': 'Prefix'},
1945,,,{'old': 'Prefix'},
1946,,,{'old': 'Prefix'},
1947,強勢,Powerful,{'old': 'Prefix'},
1948,強勢,Powerful,{'old': 'Prefix'},
1949,強勢,Powerful,{'old': 'Prefix'},
1950,強勢,Powerful,{'old': 'Prefix'},
1953,,,{'old': 'Prefix'},
1954,,,{'old': 'Prefix'},
1957,強勢,Powerful,{'old': 'Prefix'},
1958,強勢,Powerful,{'old': 'Prefix'},
1961,強勢,Powerful,{'old': 'Prefix'},
1962,未使用,Unused,{'old': 'Prefix'},
1965,強勢,Powerful,{'old': 'Prefix'},
1966,,,{'old': 'Prefix'},
1967,,,{'old': 'Prefix'},
1968,,,{'old': 'Prefix'},
1969,,,{'old': 'Prefix'},
1970,,,{'old': 'Prefix'},
1971,,,{'old': 'Prefix'},
1974,,,{'old': 'Prefix'},
1975,強勢,Powerful,{'old': 'Prefix'},
1978,強勢,Powerful,{'old': 'Prefix'},
1979,強勢,Powerful,{'old': 'Prefix'},
1982,強勢,Powerful,{'old': 'Prefix'},
1983,獣の将,Beast Commander,{'old': 'Replace'},
1986,,,{'old': 'Prefix'},
1987,,,{'old': 'Prefix'},
1988,強勢,Powerful,{'old': 'Prefix'},
1989,強勢,Powerful,{'old': 'Prefix'},
1990,正門の番人,Main Gate Guard,{'old': 'Replace'},
1991,強勢,Powerful,{'old': 'Prefix'},
1992,,,{'old': 'Prefix'},
1995,,,{'old': 'Prefix'},
1996,,,{'old': 'Prefix'},
1999,,,{'old': 'Prefix'},
2000,,,{'old': 'Prefix'},
2003,強勢,Powerful,{'old': 'Prefix'},
2004,強勢,Powerful,{'old': 'Prefix'},
2016,強勢,Powerful,{'old': 'Prefix'},
2017,強勢,Powerful,{'old': 'Prefix'},
2018,,,{'old': 'Prefix'},
2019,,,{'old': 'Prefix'},
2020,強勢,Powerful,{'old': 'Prefix'},
2021,強勢,Powerful,{'old': 'Prefix'},
2022,強勢,Powerful,{'old': 'Prefix'},
2023,砦内残党兵,,{'old': 'Replace'},
2024,砦内残党兵,,{'old': 'Replace'},
2025,,,{'old': 'Prefix'},
2026,,,{'old': 'Prefix'},
2027,,,{'old': 'Prefix'},
2028,,,{'old': 'Prefix'},
2029,,,{'old': 'Prefix'},
2030,,,{'old': 'Prefix'},
2031,,,{'old': 'Prefix'},
2032,,,{'old': 'Prefix'},
2033,,,{'old': 'Prefix'},
2034,,,{'old': 'Prefix'},
2035,,,{'old': 'Prefix'},
2036,,,{'old': 'Prefix'},
2037,,,{'old': 'Prefix'},
2038,,,{'old': 'Prefix'},
2039,,,{'old': 'Prefix'},
2040,,,{'old': 'Prefix'},
2041,メダルオーナー,Medal Owner,{'old': 'Prefix'},
2042,メダルオーナー,Medal Owner,{'old': 'Prefix'},
2043,メダルオーナー,Medal Owner,{'old': 'Prefix'},
2044,メダルオーナー,Medal Owner,{'old': 'Prefix'},
2045,はぐれ,Stray,{'old': 'Prefix'},
2046,脱走した白い,Escaped White,{'old': 'Prefix'},
2047,ゴブリン一家のボス,Goblin Family Boss,{'old': 'Replace'},
2048,ゴブリン一家の下っ端,Goblin Family Underling,{'old': 'Replace'},
2049,,,{'old': 'None'},
2050,,,{'old': 'None'},
2051,,,{'old': 'Prefix'},
2052,,,{'old': 'Prefix'},
2053,,,{'old': 'Prefix'},
2054,,,{'old': 'Prefix'},
2055,,,{'old': 'Prefix'},
2056,,,{'old': 'Prefix'},
2057,,,{'old': 'Prefix'},
2058,不完全な,Defective,{'old': 'Prefix'},
2060,,,{'old': 'None'},
2061,,,{'old': 'None'},
2062,,,{'old': 'None'},
2063,,,{'old': 'None'},
2065,,,{'old': 'None'},
2066,,,{'old': 'Prefix'},
2067,,,{'old': 'Prefix'},
2076,,,{'old': 'None'},
2077,,,{'old': 'None'},
2078,,,{'old': 'None'},
2079,王家用4,,{'old': 'Prefix'},
2080,王家用5,,{'old': 'Prefix'},
2081,王家用6,,{'old': 'Prefix'},
2082,王家用7,,{'old': 'Prefix'},
2083,王家用8,,{'old': 'Prefix'},
2084,,,{'old': 'Prefix'},
2085,,,{'old': 'Prefix'},
2086,,,{'old': 'Prefix'},
2087,,,{'old': 'Prefix'},
2088,,,{'old': 'Prefix'},
2089,,,{'old': 'Prefix'},
2090,,,{'old': 'Prefix'},
2091,彷徨う,Wandering,{'old': 'Prefix'},
2092,不死の眷属,Undead Follower,{'old': 'Prefix'},
2093,地底の遺壁,,{'old': 'Prefix'},
2094,氷獄の番人,Ice Prison Guard,{'old': 'Prefix'},
2095,深森の落胤,,{'old': 'Prefix'},
2096,紅蓮の魔将,,{'old': 'Prefix'},
2097,彷徨う,Wandering,{'old': 'Prefix'},
2098,不死の眷属ゾンビ,Undead Follower Zombie,{'old': 'Replace'},
2099,不死の眷属,Undead Follower,{'old': 'Prefix'},
2100,不死の眷属スクワイア・ゾンビ,Undead Follower Squire Zombie,{'old': 'Replace'},
2101,不死の眷属プレイグ・ボンバー,Undead Follower Plague Bomber,{'old': 'Replace'},
2102,氷獄の番人,Ice Prison Guard,{'old': 'Prefix'},
2104,深森の落胤ムーンウルフ,Bastard Moon Wolf of the Deep Woods,{'old': 'Replace'},
2105,,,{'old': 'Prefix'},
2106,,,{'old': 'Prefix'},
2107,,,{'old': 'Prefix'},
2108,お菓子大好き魔女,Candy-loving Witch,{'old': 'Replace'},
2109,レベルキャップ白竜（仮）,,{'old': 'Replace'},
2110,レベルキャップ白竜そに２（仮）,,{'old': 'Replace'},
2111,賞金首,Bounty,{'old': 'Prefix'},
2112,賞金首,Bounty,{'old': 'Prefix'},
2113,宵闇より出でし翼,Wing Emerging at Twilight,{'old': 'Replace'},
2115,揺籃鳥,Cradle Bird,{'old': 'Replace'},
2116,,,{'old': 'Prefix'},
2117,,,{'old': 'Prefix'},
2118,,,{'old': 'Prefix'},
2119,,,{'old': 'Prefix'},
2120,,,{'old': 'Prefix'},
2121,,,{'old': 'Prefix'},
2122,,,{'old': 'Prefix'},
2123,,,{'old': 'Prefix'},
2124,,,{'old': 'Prefix'},
2125,,,{'old': 'Prefix'},
2126,,,{'old': 'Prefix'},
2127,,,{'old': 'Prefix'},
2128,,,{'old': 'Prefix'},
2129,,,{'old': 'Prefix'},
2130,,,{'old': 'Prefix'},
2131,,,{'old': 'Prefix'},
2132,,,{'old': 'Prefix'},
2133,,,{'old': 'Prefix'},
2134,,,{'old': 'Prefix'},
2135,揺籃鳥,Cradle Bird,{'old': 'Replace'},
2138,,,{'old': 'Prefix'},
2139,,,{'old': 'Prefix'},
2140,,,{'old': 'Prefix'},
2141,,,{'old': 'Prefix'},
2145,迷いエント,Lost Ent,{'old': 'Replace'},
2146,,,{'old': 'Prefix'},
2147,,,{'old': 'Prefix'},
2148,,,{'old': 'Prefix'},
2149,,,{'old': 'Prefix'},
2150,,,{'old': 'Prefix'},
2151,,,{'old': 'Prefix'},
2152,,,{'old': 'Prefix'},
2153,,,{'old': 'Prefix'},
2154,,,{'old': 'Prefix'},
2155,,,{'old': 'Prefix'},
2156,,,{'old': 'Prefix'},
2157,,,{'old': 'Prefix'},
2158,不完全な,Defective,{'old': 'Prefix'},
2159,不完全な,Defective,{'old': 'Prefix'},
2171,堅牢無比な門番長,Matchless Gatekeeper Leader,{'old': 'Replace'},
2172,堅牢無比な,Matchless,{'old': 'Prefix'},
2173,堅牢無比な,Matchless,{'old': 'Prefix'},
2174,堅牢無比な,Matchless,{'old': 'Prefix'},
2175,堅牢無比な,Matchless,{'old': 'Prefix'},
2176,必死な門番長,Desperate Gatekeeper Leader,{'old': 'Replace'},
2177,必死な,Desperate,{'old': 'Prefix'},
2178,必死な,Desperate,{'old': 'Prefix'},
2179,必死な,Desperate,{'old': 'Prefix'},
2180,必死な,Desperate,{'old': 'Prefix'},
2181,弱った門番長,Weakened Gatekeeper Leader,{'old': 'Replace'},
2182,弱った,Weakened,{'old': 'Prefix'},
2183,弱った,Weakened,{'old': 'Prefix'},
2184,弱った,Weakened,{'old': 'Prefix'},
2185,弱った,Weakened,{'old': 'Prefix'},
2186,魔軍残党の将,Demon Army Remnant Leader,{'old': 'Replace'},
2187,魔軍残党の将,Demon Army Remnant Leader,{'old': 'Replace'},
2188,魔軍残党の将,Demon Army Remnant Leader,{'old': 'Replace'},
2189,魔軍残党の哨戒兵,Demon Army Remnant Patrol,{'old': 'Replace'},
2190,魔軍残党の哨戒兵,Demon Army Remnant Patrol,{'old': 'Replace'},
2191,魔軍残党の哨戒兵,Demon Army Remnant Patrol,{'old': 'Replace'},
2192,魔軍残党の,Demon Army Remnant,{'old': 'Prefix'},
2193,魔軍残党の,Demon Army Remnant,{'old': 'Prefix'},
2194,魔軍残党の,Demon Army Remnant,{'old': 'Prefix'},
2198,隔離された,Isolated,{'old': 'Prefix'},
2199,隔離された,Isolated,{'old': 'Prefix'},
2200,隔離された,Isolated,{'old': 'Prefix'},
2202,,,{'old': 'Prefix'},
2205,,,{'old': 'Prefix'},
2206,隔離された,Isolated,{'old': 'Prefix'},
2207,隔離された,Isolated,{'old': 'Prefix'},
2208,隔離された,Isolated,{'old': 'Prefix'},
2209,堅牢無比な門番長,Matchless Gatekeeper Leader,{'old': 'Replace'},
2210,必死な門番長,Desperate Gatekeeper Leader,{'old': 'Replace'},
2211,弱った門番長,Weakened Gatekeeper Leader,{'old': 'Replace'},
2212,,,{'old': 'Prefix'},
2213,,,{'old': 'Prefix'},
2215,,,{'old': 'Prefix'},
2216,,,{'old': 'Prefix'},
2217,不完全な,Defective,{'old': 'Prefix'},
2218,,,{'old': 'Prefix'},
2220,怒りの働きバチ,Worker Bee of Rage,{'old': 'Replace'},
2221,,,{'old': 'Prefix'},
2222,,,{'old': 'Prefix'},
2223,,,{'old': 'Prefix'},
2224,,,{'old': 'Prefix'},
2225,,,{'old': 'Prefix'},
2226,,,{'old': 'Prefix'},
2227,,,{'old': 'Prefix'},
2228,,,{'old': 'Prefix'},
2229,,,{'old': 'Prefix'},
2262,,,{'old': 'Prefix'},
2263,,,{'old': 'Prefix'},
2264,,,{'old': 'Prefix'},
2265,,,{'old': 'Prefix'},
2266,,,{'old': 'Prefix'},
2267,,,{'old': 'Prefix'},
2268,,,{'old': 'Prefix'},
2269,,,{'old': 'Prefix'},
2270,,,{'old': 'Prefix'},
2271,,,{'old': 'Prefix'},
2272,,,{'old': 'Prefix'},
2273,,,{'old': 'Prefix'},
2274,,,{'old': 'Prefix'},
2275,,,{'old': 'Prefix'},
2276,,,{'old': 'Prefix'},
2277,,,{'old': 'Prefix'},
2278,,,{'old': 'Prefix'},
2279,,,{'old': 'Prefix'},
2280,,,{'old': 'Prefix'},
2281,,,{'old': 'Prefix'},
2282,,,{'old': 'Prefix'},
2283,,,{'old': 'Prefix'},
2284,,,{'old': 'Prefix'},
2285,,,{'old': 'Prefix'},
2286,,,{'old': 'Prefix'},
2287,,,{'old': 'Prefix'},
2288,,,{'old': 'Prefix'},
2289,,,{'old': 'Prefix'},
2290,,,{'old': 'Prefix'},
2291,,,{'old': 'Prefix'},
2292,,,{'old': 'Prefix'},
2293,,,{'old': 'Prefix'},
2294,,,{'old': 'Prefix'},
2295,,,{'old': 'Prefix'},
2296,,,{'old': 'Prefix'},
2297,,,{'old': 'Prefix'},
2298,,,{'old': 'Prefix'},
2299,,,{'old': 'Prefix'},
2300,,,{'old': 'Prefix'},
2301,,,{'old': 'Prefix'},
2302,塔を占領する,Tower Occupying,{'old': 'Prefix'},
2303,追跡,Pursuit,{'old': 'Prefix'},
2304,追跡,Pursuit,{'old': 'Prefix'},
2305,追跡,Pursuit,{'old': 'Prefix'},
2306,占領する,Occupying,{'old': 'Prefix'},
2307,行く手を阻む,Obstructing,{'old': 'Prefix'},
2308,淀みを乱す,Stagnation Disturbing,{'old': 'Prefix'},
2309,淀みの混沌,Chaos of Stagnation,{'old': 'Replace'},
2310,淀みを乱す,Stagnation Disturbing,{'old': 'Prefix'},
2311,眠りから覚めた,Awoken,{'old': 'Prefix'},
2312,古精霊竜の守獣,Old Spirit Dragon Guard Beast,{'old': 'Prefix'},
2313,古精霊竜の守獣,Old Spirit Dragon Guard Beast,{'old': 'Prefix'},
2314,襲撃の,Raid,{'old': 'Prefix'},
2316,行方を阻む,Obstructing,{'old': 'Prefix'},
2317,黒き戦士の家畜,Black Warrior's Tamed,{'old': 'Replace'},
2318,城を占拠する,Castle Occupying,{'old': 'Prefix'},
2319,白竜黒騎士,White Dragon Black Knight,{'old': 'Replace'},
2320,,,{'old': 'Prefix'},
2321,,,{'old': 'Prefix'},
2322,,,{'old': 'Prefix'},
2330,メガド護衛兵？,Megado Guard?,{'old': 'Replace'},
2331,メガドの狂犬,Megado's Mad Dog,{'old': 'Replace'},
2332,侵入したオーク,Invasion Orc,{'old': 'Replace'},"{'new': 'invasion Orc', 'pluralize': True}"
2333,侵入したオーク,Invasion Orc,{'old': 'Replace'},"{'new': 'invasion Orc', 'pluralize': True}"
2334,侵入したオーク,Invasion Orc,{'old': 'Replace'},"{'new': 'invasion Orc', 'pluralize': True}"
2335,憲兵隊小隊長,,{'old': 'Replace'},
2336,憲兵隊兵士,Military Police Soldier,{'old': 'Replace'},
2337,,,{'old': 'Prefix'},
2338,,,{'old': 'Prefix'},
2339,,,{'old': 'Prefix'},
2340,憲兵隊警邏小隊長,,{'old': 'Replace'},
2341,憲兵隊兵士,Military Police Soldier,{'old': 'Replace'},
2342,侵入した,Invasion,{'old': 'Prefix'},
2343,侵略する,,{'old': 'Prefix'},
2344,侵略する,,{'old': 'Prefix'},
2345,,,{'old': 'Prefix'},
2347,,,{'old': 'Prefix'},
2348,,,{'old': 'Prefix'},
2349,,,{'old': 'Prefix'},
2350,,,{'old': 'Prefix'},
2351,,,{'old': 'Prefix'},
2352,,,{'old': 'Prefix'},
2355,冥府の使い魔,Netherworld Familiar,{'old': 'Replace'},
2356,冥府の獄吏,Netherworld Gaoler,{'old': 'Replace'},
2357,冥府の使い魔,Netherworld Familiar,{'old': 'Replace'},
2358,冥府の悪魔,Netherworld Fiend,{'old': 'Replace'},
2359,冥府の使い魔,Netherworld Familiar,{'old': 'Replace'},
2360,冥府の獄吏,Netherworld Gaoler,{'old': 'Replace'},
2361,冥府の使い魔,Netherworld Familiar,{'old': 'Replace'},
2362,奈落の王,King of the Netherworld,{'old': 'Replace'},
2363,冥府の使い魔,Netherworld Familiar,{'old': 'Replace'},
2364,冥府の獄吏,Netherworld Gaoler,{'old': 'Replace'},
2365,冥府の使い魔,Netherworld Familiar,{'old': 'Replace'},
2366,壊滅させるもの,The Devastator,{'old': 'Replace'},
2367,冥府の番人,Netherworld Guardian,{'old': 'Replace'},
2368,死を約束するもの,One That Promises Death,{'old': 'Replace'},
2369,屋敷の鍵番,,{'old': 'Replace'},
2370,使役獣,Enslaved Beast,{'old': 'Prefix'},
2371,,,{'old': 'Prefix'},
2372,,,{'old': 'Prefix'},
2373,,,{'old': 'Prefix'},
2374,,,{'old': 'Prefix'},
2375,,,{'old': 'Prefix'},
2376,,,{'old': 'Prefix'},
2377,,,{'old': 'Prefix'},
2378,,,{'old': 'Prefix'},
2379,,,{'old': 'Prefix'},
2380,,,{'old': 'Prefix'},
2381,,,{'old': 'Prefix'},
2382,,,{'old': 'Prefix'},
2383,,,{'old': 'Prefix'},
2384,,,{'old': 'Prefix'},
2385,,,{'old': 'Prefix'},
2386,,,{'old': 'Prefix'},
2387,,,{'old': 'Prefix'},
2388,,,{'old': 'Prefix'},
2389,,,{'old': 'Prefix'},
2390,,,{'old': 'Prefix'},
2391,,,{'old': 'Prefix'},
2392,,,{'old': 'Prefix'},
2393,,,{'old': 'Prefix'},
2394,,,{'old': 'Prefix'},
2395,,,{'old': 'Prefix'},
2396,,,{'old': 'Prefix'},
2397,,,{'old': 'Prefix'},
2398,,,{'old': 'Prefix'},
2399,,,{'old': 'Prefix'},
2400,,,{'old': 'Prefix'},
2401,,,{'old': 'Prefix'},
2402,,,{'old': 'Prefix'},
2403,,,{'old': 'Prefix'},
2404,,,{'old': 'Prefix'},
2405,,,{'old': 'Prefix'},
2406,,,{'old': 'Prefix'},
2407,,,{'old': 'Prefix'},
2408,,,{'old': 'Prefix'},
2409,,,{'old': 'Prefix'},
2410,,,{'old': 'Prefix'},
2411,,,{'old': 'Prefix'},
2412,,,{'old': 'Prefix'},
2413,,,{'old': 'Prefix'},
2414,,,{'old': 'Prefix'},
2415,,,{'old': 'Prefix'},
2416,フラッグブレイカー,Flag Breaker,{'old': 'Replace'},
2417,,,{'old': 'None'},
2419,,,{'old': 'None'},
2420,,,{'old': 'None'},
2421,,,{'old': 'None'},
2422,,,{'old': 'None'},
2424,,,{'old': 'None'},
2426,,,{'old': 'None'},
2428,,,{'old': 'None'},
2429,,,{'old': 'None'},
2430,,,{'old': 'None'},
2432,,,{'old': 'None'},
2433,,,{'old': 'None'},
2435,,,{'old': 'None'},
2437,,,{'old': 'None'},
2439,,,{'old': 'None'},
2440,,,{'old': 'None'},
2441,,,{'old': 'None'},
2442,,,{'old': 'None'},
2443,野盗,Bandit,{'old': 'Replace'},
2444,野盗,Bandit,{'old': 'Replace'},
2477,,,{'old': 'Prefix'},
2478,,,{'old': 'Prefix'},
2479,メダルコレクター,Medal Collector,{'old': 'Prefix'},
2480,メダルオーナー,Medal Owner,{'old': 'Prefix'},
2481,,,{'old': 'Prefix'},
2482,,,{'old': 'Prefix'},
2483,メダルコレクター,Medal Collector,{'old': 'Prefix'},
2484,メダルオーナー,Medal Owner,{'old': 'Prefix'},
2485,,,{'old': 'Prefix'},
2486,,,{'old': 'Prefix'},
2487,メダルコレクター,Medal Collector,{'old': 'Prefix'},
2488,メダルオーナー,Medal Owner,{'old': 'Prefix'},
2489,,,{'old': 'Prefix'},
2490,,,{'old': 'Prefix'},
2491,メダルコレクター,Medal Collector,{'old': 'Prefix'},
2492,メダルオーナー,Medal Owner,{'old': 'Prefix'},
2493,,,{'old': 'Prefix'},
2494,,,{'old': 'Prefix'},
2495,メダルコレクター,Medal Collector,{'old': 'Prefix'},
2496,メダルオーナー,Medal Owner,{'old': 'Prefix'},
2497,,,{'old': 'Prefix'},
2498,,,{'old': 'Prefix'},
2499,メダルコレクター,Medal Collector,{'old': 'Prefix'},
2500,メダルオーナー,Medal Owner,{'old': 'Prefix'},
2501,,,{'old': 'Prefix'},
2502,,,{'old': 'Prefix'},
2503,メダルコレクター,Medal Collector,{'old': 'Prefix'},
2504,メダルオーナー,Medal Owner,{'old': 'Prefix'},
2505,,,{'old': 'Prefix'},
2506,,,{'old': 'Prefix'},
2507,メダルコレクター,Medal Collector,{'old': 'Prefix'},
2508,メダルオーナー,Medal Owner,{'old': 'Prefix'},
2509,,,{'old': 'Prefix'},
2510,朽ちた騎士の残魂,,{'old': 'Replace'},
2511,朽ちた兵士の残魂,,{'old': 'Replace'},
2512,朽ちた魔女の残魂,,{'old': 'Replace'},
2513,,,{'old': 'Prefix'},
2514,離宮の番人,Detached Palace Guard,{'old': 'Replace'},
2515,急襲の,Raid,{'old': 'Prefix'},
2516,戦の将部隊,,{'old': 'Prefix'},
2517,戦の将の子飼い,,{'old': 'Prefix'},
2518,戦の将,War Master,{'old': 'Replace'},
2519,火垂れ山に巣食う炎獣,Firefall Mountain Haunting Flame Beast,{'old': 'Replace'},
2520,古代の亡霊,,{'old': 'Replace'},
2521,古代の亡者,,{'old': 'Replace'},
2522,行く手を阻む,Obstructing,{'old': 'Prefix'},
2523,行く手を阻む,Obstructing,{'old': 'Prefix'},
2524,行く手を阻む,Obstructing,{'old': 'Prefix'},
2525,悪しき竜,The Evil Dragon,{'old': 'Replace'},{'new': 'Evil Dragon'}
2526,,,{'old': 'Prefix'},
2527,,,{'old': 'Prefix'},
2528,離宮を徘徊する,Detached Palace Roaming,{'old': 'Prefix'},
2529,,,{'old': 'Prefix'},
2530,,,{'old': 'Prefix'},
2531,,,{'old': 'Prefix'},
2532,,,{'old': 'Prefix'},
2533,,,{'old': 'Prefix'},
2534,,,{'old': 'Prefix'},
2535,,,{'old': 'Prefix'},
2536,,,{'old': 'Prefix'},
2537,,,{'old': 'Prefix'},
2538,,,{'old': 'Prefix'},
2539,,,{'old': 'Prefix'},
2540,,,{'old': 'Prefix'},
2541,,,{'old': 'Prefix'},
2542,,,{'old': 'Prefix'},
2543,,,{'old': 'Prefix'},
2544,,,{'old': 'Prefix'},
2545,,,{'old': 'Prefix'},
2546,,,{'old': 'Prefix'},
2547,,,{'old': 'Prefix'},
2548,,,{'old': 'Prefix'},
2549,,,{'old': 'Prefix'},
2550,,,{'old': 'Prefix'},
2551,,,{'old': 'Prefix'},
2552,,,{'old': 'Prefix'},
2553,,,{'old': 'Prefix'},
2554,,,{'old': 'Prefix'},
2555,,,{'old': 'Prefix'},
2556,百人長の亡霊,,{'old': 'Replace'},
2557,初代王の亡霊,,{'old': 'Replace'},
2558,,,{'old': 'Prefix'},
2559,,,{'old': 'Prefix'},
2561,離宮の番人,Detached Palace Guard,{'old': 'Replace'},
2562,・エクストラ,(Extra),{'old': 'Suffix'},
2563,・エクストラ,(Extra),{'old': 'Suffix'},
2564,魔炎の竜晶,,{'old': 'Replace'},
2565,魔岩の竜晶,,{'old': 'Replace'},
2566,魔風の竜晶,,{'old': 'Replace'},
2567,魔領進攻軍特殊兵,,{'old': 'Replace'},
2568,,,{'old': 'Prefix'},
2569,騎士団の仇敵,,{'old': 'Replace'},
2570,騎士団の仇敵,,{'old': 'Replace'},
2571,騎士団の仇敵,,{'old': 'Replace'},
2572,,,{'old': 'Prefix'},
2573,,,{'old': 'Prefix'},
2574,,,{'old': 'Prefix'},
2575,,,{'old': 'Prefix'},
2576,総大将・鬼神,Demon General,{'old': 'Prefix'},
2577,,,{'old': 'Prefix'},
2578,,,{'old': 'Prefix'},
2579,,,{'old': 'Prefix'},
2580,,,{'old': 'Prefix'},
2581,,,{'old': 'Prefix'},
2582,偉大なる錬金術師,,{'old': 'Replace'},
2583,,,{'old': 'Prefix'},
2584,,,{'old': 'Prefix'},
2586,,,{'old': 'Prefix'},
2587,,,{'old': 'Prefix'},
2588,,,{'old': 'Prefix'},
2589,,,{'old': 'Prefix'},
2590,,,{'old': 'Prefix'},
2591,火焔の竜晶,,{'old': 'Replace'},
2592,火焔の竜晶,,{'old': 'Replace'},
2593,火焔の竜晶,,{'old': 'Replace'},
2594,火焔の竜晶,,{'old': 'Replace'},
2596,ミュータント・,Mutant,{'old': 'Prefix'},
2598,,,{'old': 'None'},
2599,ミュータント・,Mutant,{'old': 'Prefix'},
2600,大輪の,Large-flowered,{'old': 'Prefix'},
2601,,,{'old': 'None'},
2602,グレート・,Great,{'old': 'Prefix'},
2603,,,{'old': 'None'},
2606,リトル・,Little,{'old': 'Prefix'},
2607,ヒュージ・,Huge,{'old': 'Prefix'},
2608,,,{'old': 'None'},
2609,,,{'old': 'None'},
2610,ロイグの元家畜,Loeg's Former Tamed,{'old': 'Replace'},
2612,黒き戦士の家畜,Black Warrior's Tamed,{'old': 'Replace'},
2613,黒き戦士,Black Warrior,{'old': 'Replace'},
2614,,,{'old': 'None'},
2615,,,{'old': 'None'},
2616,,,{'old': 'None'},
2617,,,{'old': 'None'},
2618,,,{'old': 'None'},
2619,甘い香りのする,Sweet scent of,{'old': 'Prefix'},
2620,甘党の,Sweet Tooth,{'old': 'Prefix'},
2621,若木の,Sapling,{'old': 'Prefix'},
2622,怒りの親玉エント,,{'old': 'Replace'},
2623,至って普通の,Extremely Ordinary,{'old': 'Prefix'},
2624,ズールの亡霊,Ghost of Zuhl,{'old': 'Replace'},
2625,,,{'old': 'Prefix'},
2626,,,{'old': 'Prefix'},
2627,,,{'old': 'Prefix'},
2628,,,{'old': 'Prefix'},
2629,,,{'old': 'Prefix'},
2630,,,{'old': 'Prefix'},
2631,,,{'old': 'Prefix'},
2632,,,{'old': 'Prefix'},
2633,悪しき竜に仕える,,{'old': 'Prefix'},
2634,悪しき竜に仕える,,{'old': 'Prefix'},
2635,,,{'old': 'Prefix'},
2636,,,{'old': 'Prefix'},
2637,,,{'old': 'Prefix'},
2638,,,{'old': 'Prefix'},
2639,,,{'old': 'Prefix'},
2640,,,{'old': 'Prefix'},
2641,火焔の竜晶,,{'old': 'Replace'},
2642,火焔の竜晶,,{'old': 'Replace'},
2643,火焔の竜晶,,{'old': 'Replace'},
2644,火焔の竜晶,,{'old': 'Replace'},
2645,,,{'old': 'Prefix'},
2646,,,{'old': 'Prefix'},
2647,魔炎の竜晶,,{'old': 'Replace'},
2648,魔岩の竜晶,,{'old': 'Replace'},
2649,魔風の竜晶,,{'old': 'Replace'},
2650,,,{'old': 'Prefix'},
2651,,,{'old': 'Prefix'},
2652,魔炎の竜晶,,{'old': 'Replace'},
2653,魔岩の竜晶,,{'old': 'Replace'},
2654,魔風の竜晶,,{'old': 'Replace'},
2655,,,{'old': 'Prefix'},
2656,,,{'old': 'Prefix'},
2657,脚の速い,,{'old': 'Prefix'},
2658,,,{'old': 'Prefix'},
2659,黄泉がえりし泉の守護者,,{'old': 'Replace'},
2660,黄泉がえりし戦の将の子飼い,,{'old': 'Replace'},
2661,黄泉がえりし古の扉の番兵,,{'old': 'Replace'},
2662,黄泉がえりし古代の亡霊,,{'old': 'Replace'},
2663,冥府の徘徊魔,,{'old': 'Replace'},
2664,冥府の拷問者,,{'old': 'Replace'},
2665,冥府の徘徊魔,,{'old': 'Replace'},
2666,饗宴の主,,{'old': 'Replace'},
2667,冥府の徘徊魔,,{'old': 'Replace'},
2668,冥府の拷問者,,{'old': 'Replace'},
2669,冥府の徘徊魔,,{'old': 'Replace'},
2670,死滅都市の悪魔,,{'old': 'Replace'},
2671,冥府の徘徊魔,,{'old': 'Replace'},
2672,冥府の拷問者,,{'old': 'Replace'},
2673,冥府の徘徊魔,,{'old': 'Replace'},
2674,忌まわしき首領,,{'old': 'Replace'},
2675,冥府の徘徊魔,,{'old': 'Replace'},
2676,冥府の拷問者,,{'old': 'Replace'},
2677,冥府の徘徊魔,,{'old': 'Replace'},
2678,堕ちたる者,,{'old': 'Replace'},
2679,封印から目覚めし指輪の守護者,,{'old': 'Replace'},
2680,,,{'old': 'Prefix'},
2681,,,{'old': 'Prefix'},
2682,,,{'old': 'Prefix'},
2683,,,{'old': 'Prefix'},
2684,,,{'old': 'Prefix'},
2685,,,{'old': 'Prefix'},
2690,,,{'old': 'Prefix'},
2691,,,{'old': 'Prefix'},
2692,,,{'old': 'Prefix'},
2711,,,{'old': 'Prefix'},
2712,,,{'old': 'Prefix'},
2713,,,{'old': 'Prefix'},
2714,,,{'old': 'Prefix'},
2715,,,{'old': 'Prefix'},
2716,,,{'old': 'Prefix'},
2717,,,{'old': 'None'},
2718,行く手を阻む,Obstructing,{'old': 'Prefix'},
2744,,,{'old': 'Prefix'},
2745,,,{'old': 'Prefix'},
2746,,,{'old': 'Prefix'},
2747,危険な（仮）,,{'old': 'Prefix'},
2748,とっても危険な（仮）,,{'old': 'Prefix'},
2749,突然変異（仮）,,{'old': 'Prefix'},
2750,,,{'old': 'None'},
2751,,,{'old': 'Prefix'},
2752,蝕まれた,,{'old': 'Prefix'},
2753,蝕まれた,,{'old': 'Prefix'},
2754,蝕まれた,,{'old': 'Prefix'},
2755,,,{'old': 'Prefix'},
2756,,,{'old': 'Prefix'},
2757,蝕まれた,,{'old': 'Prefix'},
2758,蝕まれた,,{'old': 'Prefix'},
2759,蝕まれた,,{'old': 'Prefix'},
2760,,,{'old': 'Prefix'},
2761,蝕まれた,,{'old': 'Prefix'},
2762,蝕まれた,,{'old': 'Prefix'},
2763,蝕まれた,,{'old': 'Prefix'},
2764,,,{'old': 'Prefix'},
2765,蝕まれた,,{'old': 'Prefix'},
2766,蝕まれた,,{'old': 'Prefix'},
2767,蝕まれた,,{'old': 'Prefix'},
2768,,,{'old': 'Prefix'},
2769,蝕まれた,,{'old': 'Prefix'},
2770,蝕まれた,,{'old': 'Prefix'},
2771,蝕まれた,,{'old': 'Prefix'},
2772,,,{'old': 'Prefix'},
2773,蝕まれた,,{'old': 'Prefix'},
2774,蝕まれた,,{'old': 'Prefix'},
2775,蝕まれた,,{'old': 'Prefix'},
2779,,,{'old': 'Prefix'},
2780,,,{'old': 'Prefix'},
2781,,,{'old': 'Prefix'},
2783,,,{'old': 'Prefix'},
2784,,,{'old': 'Prefix'},
2785,,,{'old': 'Prefix'},
2786,,,{'old': 'Prefix'},
2787,,,{'old': 'Prefix'},
2788,,,{'old': 'Prefix'},
2789,,,{'old': 'Prefix'},
2790,,,{'old': 'Prefix'},
2791,,,{'old': 'Prefix'},
2792,,,{'old': 'Prefix'},
2793,,,{'old': 'Prefix'},
2794,魔軍戦車・,,{'old': 'Prefix'},
2795,,,{'old': 'Prefix'},
2796,,,{'old': 'Prefix'},
2797,,,{'old': 'Prefix'},
2798,,,{'old': 'Prefix'},
2799,,,{'old': 'Prefix'},
2800,,,{'old': 'Prefix'},
2801,,,{'old': 'Prefix'},
2802,古精霊竜の守獣,Old Spirit Dragon Guard Beast,{'old': 'Prefix'},
2803,,,{'old': 'Prefix'},
2804,いにしえの邪眼・,,{'old': 'Prefix'},
2805,,,{'old': 'Prefix'},
2806,,,{'old': 'Prefix'},
2807,,,{'old': 'Prefix'},
2808,,,{'old': 'Prefix'},
2809,,,{'old': 'Prefix'},
2810,,,{'old': 'Prefix'},
2811,,,{'old': 'Prefix'},
2812,,,{'old': 'Prefix'},
2813,,,{'old': 'Prefix'},
2814,,,{'old': 'Prefix'},
2815,,,{'old': 'Prefix'},
2816,,,{'old': 'Prefix'},
2817,不完全な,Defective,{'old': 'Prefix'},
2818,,,{'old': 'Prefix'},
2819,力に呑まれし王者・,,{'old': 'Prefix'},
2820,,,{'old': 'Prefix'},
2821,古代の亡霊,,{'old': 'Replace'},
2822,,,{'old': 'Prefix'},
2823,,,{'old': 'Prefix'},
2824,,,{'old': 'Prefix'},
2825,,,{'old': 'Prefix'},
2826,,,{'old': 'Prefix'},
2827,,,{'old': 'Prefix'},
2828,,,{'old': 'Prefix'},
2829,賢竜・,,{'old': 'Prefix'},
2830,白竜黒騎士,White Dragon Black Knight,{'old': 'Replace'},
2831,対の幻影・天,,{'old': 'Replace'},
2832,対の幻影・地,,{'old': 'Replace'},
2833,闇に呑まれ硬化した,,{'old': 'Prefix'},
2837,闇に呑まれ強暴化した,,{'old': 'Prefix'},
2838,闇に呑まれ硬化した,,{'old': 'Prefix'},
2839,闇に呑まれ強暴化した,,{'old': 'Prefix'},
2843,闇に呑まれ硬化した,,{'old': 'Prefix'},
2844,闇に呑まれ強暴化した,,{'old': 'Prefix'},
2848,闇に呑まれ硬化した,,{'old': 'Prefix'},
2849,闇に呑まれ強暴化した,,{'old': 'Prefix'},
2852,闇に呑まれ硬化した,,{'old': 'Prefix'},
2853,闇に呑まれ強暴化した,,{'old': 'Prefix'},
2856,弱化した賢竜・,,{'old': 'Prefix'},
2857,はぐれ,Stray,{'old': 'Prefix'},
2858,弱化した,,{'old': 'Prefix'},
2859,弱化した,,{'old': 'Prefix'},
2860,弱化した,,{'old': 'Prefix'},
2861,黒剣を護る,,{'old': 'Prefix'},
2862,黒剣を護る,,{'old': 'Prefix'},
2863,死を約束するもの,One That Promises Death,{'old': 'Replace'},
2864,冥府の番人,Netherworld Guardian,{'old': 'Replace'},
2865,,,{'old': 'Prefix'},
2866,蝕まれた,,{'old': 'Prefix'},
2867,蝕まれた,,{'old': 'Prefix'},
2868,蝕まれた,,{'old': 'Prefix'},
2869,,,{'old': 'Prefix'},
2870,,,{'old': 'Prefix'},
2871,蝕まれた,,{'old': 'Prefix'},
2872,蝕まれた,,{'old': 'Prefix'},
2873,蝕まれた,,{'old': 'Prefix'},
2874,,,{'old': 'Prefix'},
2875,蝕まれた,,{'old': 'Prefix'},
2876,蝕まれた,,{'old': 'Prefix'},
2877,蝕まれた,,{'old': 'Prefix'},
2878,,,{'old': 'Prefix'},
2879,蝕まれた,,{'old': 'Prefix'},
2880,蝕まれた,,{'old': 'Prefix'},
2881,蝕まれた,,{'old': 'Prefix'},
2882,,,{'old': 'Prefix'},
2883,蝕まれた,,{'old': 'Prefix'},
2884,蝕まれた,,{'old': 'Prefix'},
2885,蝕まれた,,{'old': 'Prefix'},
2886,,,{'old': 'Prefix'},
2887,蝕まれた,,{'old': 'Prefix'},
2888,蝕まれた,,{'old': 'Prefix'},
2889,蝕まれた,,{'old': 'Prefix'},
2890,闇に呑まれ硬化した,,{'old': 'Prefix'},
2894,闇に呑まれ強暴化した,,{'old': 'Prefix'},
2895,闇に呑まれ硬化した,,{'old': 'Prefix'},
2896,闇に呑まれ強暴化した,,{'old': 'Prefix'},
2900,闇に呑まれ硬化した,,{'old': 'Prefix'},
2901,闇に呑まれ強暴化した,,{'old': 'Prefix'},
2905,闇に呑まれ硬化した,,{'old': 'Prefix'},
2906,闇に呑まれ強暴化した,,{'old': 'Prefix'},
2909,闇に呑まれ硬化した,,{'old': 'Prefix'},
2910,闇に呑まれ強暴化した,,{'old': 'Prefix'},
2913,,,{'old': 'Prefix'},
2914,蝕まれた,,{'old': 'Prefix'},
2915,蝕まれた,,{'old': 'Prefix'},
2916,蝕まれた,,{'old': 'Prefix'},
2917,,,{'old': 'Prefix'},
2918,,,{'old': 'Prefix'},
2919,蝕まれた,,{'old': 'Prefix'},
2920,蝕まれた,,{'old': 'Prefix'},
2921,蝕まれた,,{'old': 'Prefix'},
2922,,,{'old': 'Prefix'},
2923,蝕まれた,,{'old': 'Prefix'},
2924,蝕まれた,,{'old': 'Prefix'},
2925,蝕まれた,,{'old': 'Prefix'},
2926,,,{'old': 'Prefix'},
2927,蝕まれた,,{'old': 'Prefix'},
2928,蝕まれた,,{'old': 'Prefix'},
2929,蝕まれた,,{'old': 'Prefix'},
2930,,,{'old': 'Prefix'},
2931,蝕まれた,,{'old': 'Prefix'},
2932,蝕まれた,,{'old': 'Prefix'},
2933,蝕まれた,,{'old': 'Prefix'},
2934,,,{'old': 'Prefix'},
2935,蝕まれた,,{'old': 'Prefix'},
2936,蝕まれた,,{'old': 'Prefix'},
2937,蝕まれた,,{'old': 'Prefix'},
2938,闇に呑まれ硬化した,,{'old': 'Prefix'},
2942,闇に呑まれ強暴化した,,{'old': 'Prefix'},
2943,闇に呑まれ硬化した,,{'old': 'Prefix'},
2944,闇に呑まれ強暴化した,,{'old': 'Prefix'},
2948,闇に呑まれ硬化した,,{'old': 'Prefix'},
2949,闇に呑まれ強暴化した,,{'old': 'Prefix'},
2953,闇に呑まれ硬化した,,{'old': 'Prefix'},
2954,闇に呑まれ強暴化した,,{'old': 'Prefix'},
2957,闇に呑まれ硬化した,,{'old': 'Prefix'},
2958,闇に呑まれ強暴化した,,{'old': 'Prefix'},
2961,,,{'old': 'Prefix'},
2962,蝕まれた,,{'old': 'Prefix'},
2963,蝕まれた,,{'old': 'Prefix'},
2964,蝕まれた,,{'old': 'Prefix'},
2965,,,{'old': 'Prefix'},
2966,,,{'old': 'Prefix'},
2967,蝕まれた,,{'old': 'Prefix'},
2968,蝕まれた,,{'old': 'Prefix'},
2969,蝕まれた,,{'old': 'Prefix'},
2970,,,{'old': 'Prefix'},
2971,蝕まれた,,{'old': 'Prefix'},
2972,蝕まれた,,{'old': 'Prefix'},
2973,蝕まれた,,{'old': 'Prefix'},
2974,,,{'old': 'Prefix'},
2975,蝕まれた,,{'old': 'Prefix'},
2976,蝕まれた,,{'old': 'Prefix'},
2977,蝕まれた,,{'old': 'Prefix'},
2978,,,{'old': 'Prefix'},
2979,蝕まれた,,{'old': 'Prefix'},
2980,蝕まれた,,{'old': 'Prefix'},
2981,蝕まれた,,{'old': 'Prefix'},
2982,,,{'old': 'Prefix'},
2983,蝕まれた,,{'old': 'Prefix'},
2984,蝕まれた,,{'old': 'Prefix'},
2985,蝕まれた,,{'old': 'Prefix'},
2986,闇に呑まれ硬化した,,{'old': 'Prefix'},
2990,闇に呑まれ強暴化した,,{'old': 'Prefix'},
2991,闇に呑まれ硬化した,,{'old': 'Prefix'},
2992,闇に呑まれ強暴化した,,{'old': 'Prefix'},
2996,闇に呑まれ硬化した,,{'old': 'Prefix'},
2997,闇に呑まれ強暴化した,,{'old': 'Prefix'},
3001,闇に呑まれ硬化した,,{'old': 'Prefix'},
3002,闇に呑まれ強暴化した,,{'old': 'Prefix'},
3005,闇に呑まれ硬化した,,{'old': 'Prefix'},
3006,闇に呑まれ強暴化した,,{'old': 'Prefix'},
3017,黒剣を護る,,{'old': 'Prefix'},
3018,,,{'old': 'None'},
3019,黒剣を護る,,{'old': 'Prefix'},
3020,,,{'old': 'None'},
3021,黒剣を護る,,{'old': 'Prefix'},
3022,,,{'old': 'None'},
3023,闇の渦に巣食う,,{'old': 'Prefix'},
3024,MQ(仮）,,{'old': 'None'},
3025,黒剣を護る,,{'old': 'Prefix'},
3026,,,{'old': 'None'},
3027,黒剣を護る,,{'old': 'Prefix'},
3028,,,{'old': 'None'},
3029,黒剣を護る,,{'old': 'Prefix'},
3030,,,{'old': 'None'},
3031,闇の渦に巣食う,,{'old': 'Prefix'},
3032,MQ(仮）,,{'old': 'None'},
3033,黒剣を護る,,{'old': 'Prefix'},
3034,,,{'old': 'None'},
3035,黒剣を護る,,{'old': 'Prefix'},
3036,,,{'old': 'None'},
3037,黒剣を護る,,{'old': 'Prefix'},
3038,,,{'old': 'None'},
3039,闇の渦に巣食う,,{'old': 'Prefix'},
3040,MQ(仮）,,{'old': 'None'},
3041,黒剣を護る,,{'old': 'Prefix'},
3042,,,{'old': 'None'},
3043,黒剣を護る,,{'old': 'Prefix'},
3044,,,{'old': 'None'},
3045,闇の渦に巣食う,,{'old': 'Prefix'},
3046,レオ,,{'old': 'Replace'},
3047,黒竜,,{'old': 'Replace'},
3048,堕ちたる者,,{'old': 'Replace'},
3049,満開メガトンマンドラゴラ,Full Bloom Megaton Mandragora,{'old': 'Replace'},
3050,満開メガトンハバネロ,Full Bloom Megaton Habanero,{'old': 'Replace'},
3051,アトロポス・クイーンビー,"Atropos, Queen Bee",{'old': 'Replace'},
3052,炎の傀儡ギガン・マキナ,,{'old': 'Replace'},
3053,氷の傀儡フロスト・マキナ,,{'old': 'Replace'},
3054,マリオネットマスターウィッチ,Marionette Master Witch,{'old': 'Replace'},
3055,暴食フットバイター,Gluttonous Foot-Biter,{'old': 'Replace'},
3056,暴食フットバイター？,Gluttonous Foot-Biter?,{'old': 'Replace'},
3057,虹の輝きリトルビフレスト,,{'old': 'Replace'},
3058,変異型狂侵グリフィン,,{'old': 'Replace'},
3059,ヒュージフリージングスライム,Huge Freezing Slime,{'old': 'Replace'},
3060,谷の賢者ノーム・エント,谷の賢者ノーム Ent,{'old': 'Replace'},
3061,未完の魔眼パイモンルビーアイ,,{'old': 'Replace'},
3062,ヒュージディープスライム,Huge Deep Slime,{'old': 'Replace'},
3063,目覚めた石像ヘルガーゴイル,,{'old': 'Replace'},
3064,スモールリザード,Small Lizard,{'old': 'Replace'},
3065,狼王ダイアウルフ,,{'old': 'Replace'},
3066,300年永らえたマッドマン,,{'old': 'Replace'},
3067,ムーンライズ・シャドーキメラ,Moonrise Shadow Chimera,{'old': 'Replace'},
3068,大罪・嫉妬のデスナイト,,{'old': 'Replace'},
3069,マウンテン・サイクロプス,Mountain Cyclops,{'old': 'Replace'},
3070,夜の訪れリトルブラックグリフィン,,{'old': 'Replace'},
3071,太古の処刑人,,{'old': 'Replace'},
3072,霧をさまようリトルミストウィルム,,{'old': 'Replace'},
3073,【ネームドハント】ワイルドボア,,{'old': 'Replace'},
3074,古代の巨兵ジオゴーレム,,{'old': 'Replace'},
3075,潜入部隊キャプテンアンセスター,,{'old': 'Replace'},
3076,サンライズ・ブレイズキメラ,Sunrise Blaze Chimera,{'old': 'Replace'},
3077,未完の魔眼パイモンラピスアイ,,{'old': 'Replace'},
3078,300年永らえたスラッジマン,,{'old': 'Replace'},
3079,魔法暗殺部隊,,{'old': 'Replace'},
3080,さまよう小さき魂,,{'old': 'Replace'},
3081,灼熱ラージサラマンダー,,{'old': 'Replace'},
3082,奇襲のエキスパートリーダー,,{'old': 'Replace'},
3083,同志の集いロールスパインバック,,{'old': 'Replace'},
3084,大罪・憤怒のエリミネーター・スレイ,,{'old': 'Replace'},
3085,ヒュージパイロスライム,Huge Pyro Slime,{'old': 'Replace'},
3086,八眼の怪物アラクネー,,{'old': 'Replace'},
3087,欲望喰らいのエンシェントマンイーター,,{'old': 'Replace'},
3088,レッドズール・ザ・デビル,Red Zuhl the Devil,{'old': 'Replace'},
3089,さまよう,Wandering,{'old': 'Prefix'},
3090,さまよう,Wandering,{'old': 'Prefix'},
3139,,,{'old': 'Prefix'},
3140,,,{'old': 'Prefix'},
3141,,,{'old': 'Prefix'},
3142,,,{'old': 'Prefix'},
3143,,,{'old': 'Prefix'},
3144,,,{'old': 'Prefix'},
3145,,,{'old': 'Prefix'},
3146,,,{'old': 'Prefix'},
3147,,,{'old': 'Prefix'},
3148,行く手を阻む,Obstructing,{'old': 'Prefix'},
3149,行く手を阻む,Obstructing,{'old': 'Prefix'},
3151,,,{'old': 'Prefix'},
3152,潜入部隊アンセスターオーク,,{'old': 'Replace'},
3153,奇襲のエキスパートトルーパー,,{'old': 'Replace'},
3154,堕ちたる者,,{'old': 'Replace'},
3156,魔法暗殺部隊の目眩まし,,{'old': 'Replace'},
3157,蝕まれた,,{'old': 'Prefix'},
3158,蝕まれた,,{'old': 'Prefix'},
3159,蝕まれた,,{'old': 'Prefix'},
3160,蝕まれた,,{'old': 'Prefix'},
3161,蝕まれた,,{'old': 'Prefix'},
3162,蝕まれた,,{'old': 'Prefix'},
3163,蝕まれた,,{'old': 'Prefix'},
3164,蝕まれた,,{'old': 'Prefix'},
3167,,,{'old': 'Prefix'},
3168,闇に呑まれ硬化した,,{'old': 'Prefix'},
3169,闇に呑まれ硬化した,,{'old': 'Prefix'},
3170,闇に呑まれ硬化した,,{'old': 'Prefix'},
3171,闇に呑まれ硬化した,,{'old': 'Prefix'},
3172,闇に呑まれ強暴化した,,{'old': 'Prefix'},
3173,闇に呑まれ硬化した,,{'old': 'Prefix'},
3174,闇に呑まれ強暴化した,,{'old': 'Prefix'},
3175,闇に呑まれ強暴化した,,{'old': 'Prefix'},
3176,闇に呑まれ強暴化した,,{'old': 'Prefix'},
3177,闇に呑まれ強暴化した,,{'old': 'Prefix'},
3178,闇に呑まれ強暴化した,,{'old': 'Prefix'},
3179,闇に呑まれ強暴化した,,{'old': 'Prefix'},
3180,,,{'old': 'Prefix'},
3181,,,{'old': 'Prefix'},
3182,,,{'old': 'Prefix'},
3183,蝕まれた,,{'old': 'Prefix'},
3184,,,{'old': 'Prefix'},
3185,蝕まれた,,{'old': 'Prefix'},
3186,,,{'old': 'Prefix'},
3187,,,{'old': 'Prefix'},
3188,,,{'old': 'Prefix'},
3189,,,{'old': 'Prefix'},
3190,,,{'old': 'Prefix'},
3191,,,{'old': 'Prefix'},
3192,,,{'old': 'Prefix'},
3193,漲る力を秘めた,,{'old': 'Prefix'},
3194,黒騎士の戦徒,,{'old': 'Replace'},
3195,白竜黒騎士の影,,{'old': 'Replace'},
3196,白竜,,{'old': 'Replace'},
3197,白竜の覚者・レオ,"Arisen of the White Dragon, Leo",{'old': 'Replace'},
3198,,,{'old': 'Prefix'},
3199,異界の,of the Other World,{'old': 'Prefix'},
3200,激昂,,{'old': 'Prefix'},
3203,激昂,,{'old': 'Prefix'},
3204,激昂,,{'old': 'Prefix'},
3205,激昂,,{'old': 'Prefix'},
3206,激昂,,{'old': 'Prefix'},
3207,激昂スパインバック,,{'old': 'Replace'},
3208,激昂,,{'old': 'Prefix'},
3209,激昂,,{'old': 'Prefix'},
3210,激昂,,{'old': 'Prefix'},
3211,異界の,of the Other World,{'old': 'Prefix'},
3212,激昂,,{'old': 'Prefix'},
3213,,,{'old': 'Prefix'},
3214,,,{'old': 'Prefix'},
3215,,,{'old': 'Prefix'},
3216,,,{'old': 'Prefix'},
3217,,,{'old': 'Prefix'},
3218,,,{'old': 'Prefix'},
3219,,,{'old': 'Prefix'},
3220,,,{'old': 'Prefix'},
3221,,,{'old': 'Prefix'},
3231,,,{'old': 'Prefix'},
3232,,,{'old': 'Prefix'},
3233,,,{'old': 'Prefix'},
3234,,,{'old': 'Prefix'},
3235,,,{'old': 'Prefix'},
3236,,,{'old': 'Prefix'},
3237,,,{'old': 'Prefix'},
3238,,,{'old': 'Prefix'},
3239,,,{'old': 'Prefix'},
3240,,,{'old': 'Prefix'},
3241,,,{'old': 'Prefix'},
3242,,,{'old': 'Prefix'},
3243,,,{'old': 'Prefix'},
3244,,,{'old': 'Prefix'},
3245,,,{'old': 'Prefix'},
3246,,,{'old': 'Prefix'},
3247,,,{'old': 'Prefix'},
3250,・エクストラ,(Extra),{'old': 'Suffix'},
