"key","old","new"
"TUTORIAL_STEP_125","シールドセージは、大盾で受けた敵の力を自身の
力に変えて最前線で仲間を守る、パーティーの
砦役です。属性魔法の使い手でもあります

＜基本操作＞
　【<KC WEAPON_SUB>】シールドロック（ガード）
　【<KC ATTACK1>】シールドブロウ（盾連撃）
　【<KC WEAPON_MAIN>】アトラクト（敵の注目を集める）
　※抜刀中は戦闘行動中とスキ以外はオートガード","The Shield Sage is the fortress of the party, protecting allies on the front lines by harnessing the power of the enemy's attacks with their greatshield. They are also skilled in using attribute magic.

<Basic Actions>
- [Shield Lock] (Guard) with <KC WEAPON_SUB>
- [Shield Blow] (Shield Onslaught) with <KC ATTACK1>
- [Attract] (Attract enemies) with <KC WEAPON_MAIN>
※While the sword is sheathed, they automatically guard against combat actions and non-skills."
