"id","old","new"
"47","修練用","Training"
"48","捕囚サイクロプス","Captive Cyclops"
"52","さまようポーン","Lost Pawn"
"53","要警戒","Vigilant"
"54","凶悪","Brutal"
"56","危機的","Dangerous"
"57","伝説級","Legendary"
"59","八騎喰らい","Yakki Gourmet"
"60","百騎喰らい","Hyakki Gourmet"
"61","万騎喰らい","Knight Eater"
"120","亡都巨人兵","Ruins Giant Warrior"
"122","ゴブリンの尖兵","Goblin Vanguard"
"123","ゴブリンの哨戒兵","Goblin Patrol"
"124","ゴブリンの補給兵","Goblin Reinforcement"
"125","オーク侵略兵","Orc Invader"
"126","キラービー進攻種","Invasive Killer Bee"
"127","5本角のガルゴ","Galugo the Pentagram"
"128","ガルゴの手下","Galugo's Minion"
"129","集いし","Flocking"
"130","集いし","Flocking"
"131","集いし","Flocking"
"132","集いし","Flocking"
"133","森乱のエイプ","Disturbed Forest Ape"
"134","囚われし","Captive"
"135","囚われし","Captive"
"136","さまよえるポーン","Wandering Pawn"
"137","さまよえるポーン","Wandering Pawn"
"138","さまよえるポーン","Wandering Pawn"
"139","異形の大スケルトン","Large Deformed Skeleton"
"140","精錬","Refined"
"141","人喰い","Man-Eating"
"142","猛る","Fierce"
"143","縄張り荒らしの巨人","Territorial Giant"
"144","縄張り荒らしの妖鳥","Territorial Demon Bird"
"145","オーク侵略兵","Orc Invader"
"146","砦破り","Fort-Breaker"
"147","強襲の","Assault"
"148","召喚されし牙竜","Summoned Fanged Dragon"
"149","異形のオオカミ","Deformed Wolf"
"150","異形のゴブリン","Deformed Goblin"
"151","異形のゴブリン","Deformed Goblin"
"152","オーク尖兵","Orc Vanguard"
"153","オーク侵略兵","Orc Invader"
"154","軍狼","Wolf Unit"
"155","オーク軍指揮官","Orc Commander"
"156","オーク突撃兵","Orc Assailant"
"157","軍竜","Dragon Unit"
"158","オーク追撃兵","Orc Pursuer"
"159","オーク軍指揮官","Orc Commander"
"160","オーク突撃兵","Orc Assailant"
"161","オーク投撃兵","Orc Thrower"
"162","オーク軍少将","Orc Major General"
"163","番兵","Guard"
"164","オーク兵","Orc Soldier"
"165","オーク精鋭兵","Orc Elite"
"166","黒鉄の巨人兵","Black Iron Giant Warrior"
"167","錬魔スケルトン","Alchemized Skeleton"
"168","氷竜","Ice Dragon"
"169","オーク残存兵","Orc Remnant"
"170","錬魔ゴブリン","Alchemized Goblin"
"171","紫銅の巨人兵","Copper Giant Warrior"
"172","炎練","Flame training"
"173","錬成強化グリフィン","Reinforcement Griffin"
"174","錬魔ハーピー","Alchemized Harpy"
"175","錬成強化グリフィン","Reinforcement Griffin"
"176","錬魔ハーピー","Alchemized Harpy"
"181","時番","Time Bonus"
"182","鍵守り","Key Keeper"
"187","兎喰らいの","Rabbit-Eating"
"188","ビンシャの手下","Binsha's Henchman"
"189","橋守のビンシャ","Binsha the Bridge-Keeper"
"190","変種","Variant"
"191","大喰いのラージリザード","Gluttonous Giant Saurian"
"192","黒狼団のローグ","Black Wolf Rogue"
"193","黒狼団の首領","Black Wolf Leader"
"195","隠れ浜のならず者","Hidden Beach Rogue"
"200","マーテル・ハーピー","Mother Harpy"
"201","棘角のギョームル","Gyumul the Spiked Horn"
"202","ギョームルの手下","Gyumul's Minion"
"203","ルフローの亡霊","Specter of Ruflow"
"204","村民の成れの果て","Former Villager"
"205","青爪浜の","Blue Claw Beach"
"206","グリッガの手下","Gurigga's Minion"
"207","緑鬼グリッガ","Gurigga the Green Demon"
"208","唸り猿","Howler Ape"
"209","裂き猿","Ripper Ape"
"210","豚喰い猿","Pig-Eating Ape"
"212","オールドグロウ・エント","Old Grown Ent"
"213","古代種","Ancient"
"214","古代種","Ancient"
"215","坑道荒らし","Tunnel Thief"
"216","宝狩りのグリフィン","Treasure Seeking Griffon"
"217","盗掘種","Grave Robber"
"218","奇種","Strange"
"219","タイガーテール・サルファー","Sulfur Tiger-Tail"
"220","スノーグーラー・ハーピー","Snow Gura Harpy"
"221","妖歌のローレライ","Demon Songtress Lorelei"
"222","剛腕のコロッサス","Gowan the Colossus"
"223","オッドの精鋭","Odd's Elite"
"224","盾破りのオッド","Odd the Shield-Breaker"
"225","レイクニュート","Lake Newt"
"226","セラー湖の水竜","Water Dragon of Cellar Lake"
"227","葉影の密猟者","Shadow Poacher"
"228","密猟者の護衛","Poacher Guard"
"229","忘れられた亡霊","Forgotten Specter"
"230","目覚めし亡者","Enlightened Undead"
"231","さまよう亡者","Wandering Undead"
"232","帰還のヨトン","Yoton the Returned"
"233","コバルトニュート","Cobalt Newt"
"234","遠征準備の小隊長","Battle-Ready Platoon Leader"
"235","オーク遊撃兵","Orc Spy"
"236","オーク偵察兵","Orc Spy"
"237","強化養成ワーグ","Strength Training Warg"
"238","魔犬飼育担当兵長","Kennel Keeper"
"239","魔犬飼育担当兵","Dog Catcher"
"240","双牙の軍竜ベヘモット","Bifang Military Dragon Behemoth"
"241","淀みの泥人形","Clay Doll of Stagnation"
"242","淀みの水精","Crystal of Stagnation"
"243","泉の徘徊霊","Wandering Spirit of the Spring"
"245","泉の徘徊霊","Wandering Spirit of the Spring"
"246","泉の徘徊霊","Wandering Spirit of the Spring"
"247","泉の徘徊霊","Wandering Spirit of the Spring"
"248","エルフイーター・","Elf Eater"
"249","錆鉄の巨人兵","Rusted Iron Giant Warrior"
"250","錆鉄の錬魔ゴブリン","Rusted Alchemized Goblin"
"251","メルゴダ巡視兵団","Mergoda Patrol Corps"
"252","メルゴダ女守官","Mergoda Female Officer"
"253","ザンドラ・バルバロイ","Zandora Barbarian"
"254","ザンドラ・バルバロイ","Zandora Barbarian"
"255","ザンドラ・バルバロイ","Zandora Barbarian"
"256","ザンドラ・バルバロイ","Zandora Barbarian"
"257","ザンドラ・バルバロイ","Zandora Barbarian"
"258","ザンドラ・バルバロイ","Zandora Barbarian"
"259","ザンドラ・バルバロイ","Zandora Barbarian"
"260","大将級オーク残党頭","Orc General Remnant"
"261","オーク残党兵","Orc Remnants"
"262","オーク残党兵","Orc Remnants"
"263","嘆きのモーラ","Wailing Mora"
"264","白獅子アルバス","White Lion Albus"
"265","斥候のコロッサス","Colossus Patrol"
"267","強襲用コロッサス","Assault Colossus"
"269","不浄の土人形","Foul Earth Figure"
"270","不浄の肉塊虫","Foul Meat Lump"
"271","炎熱のジオゴーレム","Torrid Geo Golem"
"272","テイムド・","Tamed"
"273","テイマー・バルバロイ","Tamer Barbarian"
"274","虚ろの処刑人","Hollow Executioner"
"276","祠の守兵","Shrine Guard"
"277","合成用ゴブリンアルケミー","Synthetic Alchemized Goblin"
"278","合成用アイ","Synthetic Eye"
"279","メルガン・エンジニア","Mergan Engineer"
"280","ギガン・マキナ・カスタム","Giga Machina Custom"
"282","クローン・ズール","Clone Zuhl"
"283","先発隊長","Vanguard Commander"
"284","切込隊長","Raid Commander"
"285","先発兵","Vanguard Soldier"
"298","呪われた骸","Cursed Skeleton"
"299","呪われた魔女","Cursed Witch"
"300","呪われた女帝","Cursed Empress"
"303","討伐対象","Suppression Target"
"304","レイド・","Raid"
"305","路番の","Path-Guard"
"306","路番の","Path-Guard"
"307","穢れの助神官","Defiled Assistant Priest"
"308","穢れの土人形","Defiled Earth Figure"
"309","穢れの信徒","Defiled Follower"
"310","亡者司祭メンヴィル","Menvili the Undead Priest"
"311","疫呪の使徒","Plague Apostle"
"312","ムジナ団狼使い","Badger Wolf Tamer"
"313","テイムド・ダイアウルフ","Tamed Direwolf"
"314","ブリア宝奪団","Breya Treasure Bandit"
"316","財宝守りの海竜","Sea Dragon the Treasure Guardian"
"319","水路の大猿","Dread Ape of the Aqueduct"
"321","魔獅子シンガ","Magic Lion Singa"
"322","ピット・","Pit"
"324","ボルドバンガー・","Volden Banger"
"325","強炭性","Charcoal Sludgeman"
"327","ムジナ団頭領","Badger Chieftain"
"328","ムジナ団員","Badger Member"
"329","ケイブ・","Cave"
"331","カタコンベ・プリースト","Catacombs Priest"
"332","カタコンベの守兵","Catacombs Guard"
"341","いびき鳴り","Snoring"
"342","魔女の従僕","Witch's Servant"
"343","魔女マリヴェラ","Maribel the Witch"
"344","魔女の従僕","Witch's Servant"
"345","死体齧りの","Corpse-Eating"
"346","グレイブワーグ","Gravewarg"
"347","戦鬼ゲソム","Gesomu the War Demon"
"348","戦鬼の副官","War Demon's Lieutenant"
"349","蒼葉の","Blue Leaf"
"350","蒼葉の","Blue Leaf"
"351","“白い災厄”エルダーアングルス","""White Calamity"" Elder Angules"
"352","影穴の軍狼","Wolf of Shadows"
"353","影穴の部隊兵","Troop of Shadows"
"354","神花の","God Flower"
"357","ケイブ・","Cave"
"358","テゴル不死兵","Tegol the Immortal"
"359","納骨堂の屍食鬼","Ossuary Ghoul"
"360","ドラワン不死兵","Dolan the Immortal"
"361","ピット・","Pit"
"362","魔女ノシュギア","Witch Noshgear"
"363","ピット・","Pit"
"364","分隊","Squad"
"365","封呪の","Runed"
"366","封呪の","Runed"
"367","高輝度","Bright"
"378","冥土の黒騎士","Black Knight of the Underworld"
"379","呪われし番兵","Accursed Guard"
"380","呪われし女官","Accursed Court Lady"
"381","不死薬被検者","Immortal Drug Test Subject"
"382","セラーケイブ・","Cellar Cave"
"383","セラーケイブ・","Cellar Cave"
"384","錬魔士ヒエニムス","Hieronymus the Alchemist"
"385","高純度ストーンアイ","High Purity Stone Eye"
"386","霊薬師セルギウス","Sergius the Apothecary"
"387","キーテイカー・","Key Bearer"
"390","キーテイカー・","Key Bearer"
"391","キーテイカー・","Key Bearer"
"400","さまよえる戦徒","Corrupted Myrmidon"
"401","ポーンクラッシャー","Pawn Crusher"
"403","はぐれ","Stray"
"406","侵攻兵","Invader"
"407","精鋭兵","Elite"
"408","総大将","Supreme Commander"
"409","大隊長","Battalion Commander"
"410","強襲兵","Assault Soldier"
"413","？？？","???"
"414","破砦用","Wall-Breaker"
"415","召喚されし","Summoned"
"416","部隊長","Commanding Officer"
"417","小隊長","Platoon Leader"
"418","急襲の","Raid"
"419","？？？","???"
"420","？？？","???"
"421","瘴気の魔獣","Miasmic Demon"
"423","第１守備隊 ","1st Garrison"
"424","第２守備隊","2nd Garrison"
"425","第３守備隊 ","3rd Garrison"
"426","第３守備隊 ","3rd Garrison"
"427","第５守備隊 ","5th Garrison"
"428","第６守備隊 ","6th Garrison"
"431","幻影牙竜","Phantom Tusk Dragon"
"432","幻影魔竜","Phantom Devil Dragon"
"433","製造番号1017 ゴリアテ改","Serial No. 1017 Goliath"
"434","リターン・ズール","Return Zuhl"
"435","天上の幽姫","Heavenly Ghost Princess"
"436","虚無の騎士","Noble Knight"
"437","無より生み出されし","From Nothingness"
"438","製造番号1020 ゴリアテ改","Serial No. 1020 Goliath"
"439","・デスペアー","(Despair)"
"440","黄金竜","The Golden Dragon"
"446","強襲の","Assault"
"447","特攻の","Kamikaze"
"448","血珠の","Blood Orb"
"449","時番","Time Bonus"
"450","珍種","Rare"
"451","",""
"454","穢れの術師","Corrupter"
"455","異界の邪霊","Wraith of the Underworld"
"456","骨噛み","Bone-Eating"
"457","ゴブリンイーター・","Goblin-Eating"
"458","賞金首","Bounty"
"459","ヤング・","Young"
"460","ララバイ・クイーン","Lullaby Queen"
"462","魔壁の時番","Time Bonus Magic-Shell"
"463","鉄壁の時番","Time Bonus Iron-Clad"
"464","強激の時番","Time Bonus Herculean"
"465","魔激の時番","Time Bonus Mystical"
"466","竜族？","Dragon Race?"
"467","賞金首","Bounty"
"468","賞金首","Bounty"
"469","賞金首","Bounty"
"470","賞金首","Bounty"
"471","賞金首","Bounty"
"472","賞金首","Bounty"
"473","賞金首","Bounty"
"474","賞金首","Bounty"
"475","賞金首","Bounty"
"476","賞金首","Bounty"
"477","賞金首","Bounty"
"478","賞金首","Bounty"
"483","賞金首","Bounty"
"484","",""
"485","賞金首","Bounty"
"488","賞金首","Bounty"
"489","賞金首","Bounty"
"490","賞金首","Bounty"
"491","賞金首","Bounty"
"492","賞金首","Bounty"
"493","賞金首","Bounty"
"494","賞金首","Bounty"
"495","ディナン・ピアサー","Deenan Piercer"
"497","賞金首","Bounty"
"498","金装のスケルトン","Gold Clothed Skeleton"
"499","錬術の女守官","Alchemized Amazon"
"500","テイムド・","Tamed"
"501","",""
"502","",""
"506","穢れの大魔像","Impure Giant Demon"
"507","ケイブレイダー","Cave Raider"
"508","大騒音の主","Lord of Rock"
"510","錬魔グリフィンNo.04","Alchemized Griffin No.04"
"511","煉獄の幽姫","Ghost Princess of Purgatory"
"512","賞金首","Bounty"
"513","賞金首","Bounty"
"514","賞金首","Bounty"
"515","ブラックウィング","Black Wing"
"516","ディープレイク・リンドブルム","Deep Lake Lindwurm"
"517","烈翼の禽獅子","Fierce Winged Lion"
"518","猛牙の銀獅子","Fierce Silver Lion"
"519","幽姫の従士","Ghost Princess' Squire"
"520","幽姫の騎士","Ghost Princess' Squire"
"522","石呪を振りまく魔","Demon wielding a stone curse"
"524","闇呪をもたらす魔","Demon wielding curses"
"525","強装巨人兵-Ⅱ型","Titan Soldier - Type II"
"526","強装巨人兵-試作型","Titan Soldier - Prototype"
"527","穢れの大魔像","Impure Giant Demon"
"528","大騒音の主","Lord of Rock"
"529","ケイブレイダー","Cave Raider"
"530","ララバイ・クィーン","Lullaby Queen"
"531","ラウドネス・","Loudness"
"532","ディナン・ピアサー","Deenan Piercer"
"541","呪われた魔鳥","Cursed Demon Bird"
"542","総大将・鬼神","Demon General"
"543","呪われた巨鳥","Cursed Large Bird"
"544","呪われた騎士","Cursed Knight"
"545","",""
"546","",""
"547","",""
"548","",""
"549","",""
"550","？？？","???"
"551","危機的","Dangerous"
"552","危機的","Dangerous"
"553","危機的","Dangerous"
"554","危機的","Dangerous"
"555","危機的","Dangerous"
"556","危機的","Dangerous"
"557","危機的","Dangerous"
"559","",""
"560","魔壁の護衛隊","Devil's Wall Guard"
"561","鉄壁の護衛隊","Devil's Wall Guard"
"563","ダンジョンキーボス","Dungeon Key Boss"
"564","レスタライト・確率大","Lestalite ・High Probability"
"567","ハイレスタライト・確率大","High Lestalite ・High Probability"
"569","鱗砂・確率大","Scale Dust ・High Probability"
"570","大粒の鱗砂・確率大","Large-Grained Sand ・High Probability"
"571","輸送番","Transport"
"572","輸送番","Transport"
"573","輸送番","Transport"
"574","Cダンジョンボスドロップ","C dungeon boss drop"
"575","・ブレイズ","(Blaze)"
"576","護衛隊 ","Convoy"
"581","レスタライト・確率小","Lestalite ・Low Probability"
"582","ハイレスタライト・確率小","High Lestalite ・Low Probability"
"583","侵食アイテム確定ドロップ","Corruption item guaranteed drop"
"584","獄炎の大魔像","Great Demon Statue of Hellfire"
"585","汚泥の傀儡","Sludge Puppet"
"586","賞金首","Bounty"
"587","賞金首","Bounty"
"588","賞金首","Bounty"
"589","賞金首","Bounty"
"590","頑鋼の","Stubborn"
"591","要警戒","Vigilant"
"592","ディープミスト・ウィルム","Deep Mist Wyrm"
"593","ディープニュート","Deep Newt"
"594","艶羽根","Plume"
"595","太牙の","Big Fang"
"596","賞金首","Bounty"
"597","虹眼の","Rainbow-eyed Alchemy Eye"
"598","賞金首","Bounty"
"599","賞金首","Bounty"
"600","賞金首","Bounty"
"601","剛皮の","Hardy"
"602","ケイブレイダー・ドレイク","Cave Raider Drake"
"603","ケイブレイダー・エンプレス","Cave Raider Empress"
"604","光角の","Angules of Light"
"605","ブラックウィドウ","Black Widow"
"606","エントアンガー","Entanger"
"607","活枝の","Live Branch Ent"
"608","凶悪","Brutal"
"609","威容の","Majestic Chimera"
"610","蒼氷のウィルム","Pale Ice Wyrm"
"611","赤熱のギガン・マキナ","Red-Hot Giga Machina"
"612","石影の","Stone Shadow"
"613","恐声の","Fearful Voice"
"614","黒艶の","Glossy Black Griffin"
"615","業火の","Hellfire"
"616","賞金首","Bounty"
"617","朱炎の","Vermilion Flame"
"618","白亜の","Chalk"
"619","グリフィン・ノワール","Griffin Noir"
"620","デスナイト・ノワール","Death Knight Noir"
"621","暗鉄の","Dark Iron"
"622","石呪をもたらす魔鶏","Demon Cockerel that wields a Stone Curse"
"623","暴虐の一つ目","One-Eyed Tyrant"
"624","凶牙の霧竜","Sharp Fang Mist Dragon"
"625","凶爪の白獅子","Wicked Clawed White Lion"
"626","氷結の","Frozen Wyrm"
"627","賞金首","Bounty"
"628","強装巨人兵-Ⅲ型","Titan Soldier - Type 3"
"629","炎装造魔兵-実戦型","Fire-armed Magickal Construct - Combat Type"
"631","冥き深奥の主","Master of Dark Depths"
"632","ディアマンテスの影","Shadow of Diamantes"
"633","灼けつく竜力","Scorching Dragon Force"
"634","凍てつく竜力","Freezing Dragon Force"
"635","クローン・ズール","Clone Zuhl"
"636","ダムドデストロイヤー","Damned Destroyer"
"637","ギガンブレイカー","Giga Breaker"
"638","デモリッションファング","Demolition Fang"
"639","死を呼ぶ闇騎士","Death Calling Dark Knight"
"640","カラミティコーラ","Calamity Caller"
"641","死を招く魔姫","Death Courting Demon Princess"
"642","霜竜フロストウィルム","Frost Wyrm"
"643","灼竜ファイアドレイク","Fire Drake"
"644","大角の戦鬼将","Great Horned War Demon"
"645","オーク軍精鋭隊","Orc Elite Force"
"646","戦鬼覇王モゴック","Mogok, the Supreme Warrior"
"647","軍獣サヴェッジキメラ","War Beast Savage Chimera"
"648","オーク軍近衛隊","Orcish Kingsguard"
"649","スカルサージェント","Skill Sergeant"
"650","メイルサージェント","Mail Sergeant"
"653","大鴉ハーピー","The Crow Harpy"
"654","賞金首","Bounty"
"655","要警戒","Vigilant"
"656","賞金首","Bounty"
"657","賞金首","Bounty"
"658","賞金首","Bounty"
"659","賞金首","Bounty"
"660","賞金首","Bounty"
"661","凶悪","Brutal"
"662","賞金首","Bounty"
"663","賞金首","Bounty"
"664","賞金首","Bounty"
"665","賞金首","Bounty"
"666","賞金首","Bounty"
"667","賞金首","Bounty"
"668","賞金首","Bounty"
"670","",""
"672","復讐の戦鬼","Vengeful Warrior"
"678","孤高の凶獣 ","Solitary beast, Mistwyrm "
"680","モゴック親衛隊長 ","Mogok Elite Guard Captain "
"682","力に魅かれし","Enchanted by Power"
"683","霊炎の","Ghost Flame"
"684","霊氷の","Ghost Ice"
"691","",""
"692","",""
"693","",""
"694","",""
"695","",""
"696","",""
"697","白の獅子王","The White Lion King"
"698","百戦鬼将","Lord of a Hundred Battles"
"699","",""
"700","鍵守り","Key Keeper"
"701","鍵守り","Key Keeper"
"702","鍵守り","Key Keeper"
"703","鍵守り","Key Keeper"
"704","鍵守り","Key Keeper"
"705","深奥の従者","Servant of the Deep"
"706","深奥の魔女","The Witch of the Deep"
"707","虚無の追跡者","Chaser of Emptiness"
"708","対の紅竜","Paired Red Dragon"
"709","対の蒼竜","Paired Blue Dragon"
"710","第２守備隊","2nd Garrison"
"711","",""
"712","",""
"713","",""
"714","",""
"715","",""
"716","",""
"717","第１守備隊","1st Garrison"
"718","",""
"719","",""
"720","",""
"721","第１守備隊 ","1st Garrison"
"722","練習","Practice"
"768","",""
"812","",""
"813","",""
"814","",""
"815","",""
"816","",""
"817","",""
"818","",""
"819","",""
"820","",""
"821","",""
"822","",""
"823","",""
"824","",""
"825","",""
"826","",""
"827","",""
"828","",""
"829","",""
"830","",""
"831","",""
"832","",""
"833","",""
"834","",""
"835","",""
"836","",""
"837","",""
"838","",""
"839","",""
"840","",""
"841","",""
"842","",""
"843","",""
"844","",""
"845","",""
"846","",""
"847","",""
"848","",""
"849","",""
"850","",""
"851","",""
"852","",""
"853","",""
"854","",""
"855","ダークビショップ","Dark Bishop"
"856","（仮）封印の","(Tentative) Seal"
"857","はぐれ","Stray"
"858","",""
"859","最終練磨","Final Test"
"860","最終練磨","Final Test"
"861","最終練磨","Final Test"
"862","最終練磨","Final Test"
"863","最終練磨","Final Test"
"864","最終練磨","Final Test"
"865","最終練磨","Final Test"
"866","最終練磨","Final Test"
"867","最終練磨","Final Test"
"868","最終練磨","Final Test"
"869","最終練磨","Final Test"
"870","最終練磨","Final Test"
"871","最終練磨","Final Test"
"872","最終練磨","Final Test"
"873","最終練磨","Final Test"
"874","最終練磨","Final Test"
"875","最終練磨","Final Test"
"876","最終練磨","Final Test"
"877","",""
"890","残党","Remnant"
"891","徘徊","Wandering"
"892","スパーク・ブルー","Spark Blue"
"893","子攫いのメリーティア","Maritia the Kidnapper"
"894","坑道の骸骨騎士","Skeleton Knight of the Tunnel"
"895","霧に揺らぐ人影","Figure Fluctuating in the Mist"
"896","ディスターブ・","Disturbed"
"897","木立の石像鬼","Grove Statue Demon"
"898","異端の","Heretic"
"899","侵食に抗う戦鬼","Infection Resisting War Demon"
"900","虚ろの騎士","Hollow Knight"
"901","跡地荒らしの黒大鷲","Black Sea Eagle of the Ruined Site"
"902","蝕まれし狂鷲","Corrupted and Berserk Eagle"
"903","目覚めし氷騎士","Awakening Ice Knight"
"904","製造番号1056 強襲型ゴリアテ","Assault-Type Goliath #1056"
"905","ルインズ・","Ruins"
"906","墓守の獣","Gravekeep's Beast"
"907","ボルディック・","Voldic"
"908","忘却の","Oblivion"
"909","怨姫ヴィルヘルミーナ","Malice Princess Wilhelmina"
"910","ディープウェル・ミストレス","Deep Well Mistress"
"911","テラス・ガーディアン","Terrace Guardian"
"912","廃水路の奇獣","Strange Beast of the Abandoned Waterway"
"913","眠らずの冥騎士","Restless Death Knight"
"914","魔獣喰いの","Beast Devourer"
"915","異形化","Variant"
"917","墓所の","Tomb"
"919","哀惜の幽鬼","Specter of Lament"
"920","未知の魔物？","Unknown Beast?"
"921","ズール","Zuhl"
"922","討伐対象","Suppression Target"
"923","討伐対象","Suppression Target"
"924","討伐対象","Suppression Target"
"925","巣窟の主","Den Master"
"926","手負いの","Wounded"
"927","手負いの","Wounded"
"928","牙剥く","Bare Fangs"
"929","ズール","Zuhl"
"930","襲来","Invading"
"931","襲来","Invading"
"932","襲来","Invading"
"933","侵食されし有翼","Infected Wings"
"934","強襲","Assault"
"935","嗅ぎつけた","Sniffing Manticore"
"936","囁き惑わす魔女","Luring Witch"
"937","招き寄せる魔女","Beckoning Witch"
"938","石息吹きの魔女","The Stone-Breathing Witch"
"939","行く手をはばむ傀儡","Obstructing Puppet"
"940","淀みの衛士人形","Guard Doll of Stagnation"
"941","淀みの衛士傀儡","Guard Puppet of Stagnation"
"942","淀みし大竜力","Phantasmic Great Dragon"
"943","アルタード・ズール","Altered Zuhl"
"957","宝魔主","Treasure Guardian Lord"
"958","宝魔主","Treasure Guardian Lord"
"959","宝魔主","Treasure Guardian Lord"
"960","宝魔主","Treasure Guardian Lord"
"961","宝魔主","Treasure Guardian Lord"
"962","宝魔主","Treasure Guardian Lord"
"963","宝魔主","Treasure Guardian Lord"
"964","宝魔主","Treasure Guardian Lord"
"965","宝魔主","Treasure Guardian Lord"
"966","宝魔主","Treasure Guardian Lord"
"967","宝魔主","Treasure Guardian Lord"
"969","マイセリウム・ベヘモット","Mycelium Behemoth"
"970","宝魔主","Treasure Guardian Lord"
"971","宝守","Treasure Guard"
"972","宝守","Treasure Guard"
"973","宝守","Treasure Guard"
"974","宝守","Treasure Guard"
"975","宝守","Treasure Guard"
"976","宝守","Treasure Guard"
"977","宝守","Treasure Guard"
"978","宝守","Treasure Guard"
"983","宝守","Treasure Guard"
"984","宝魔主","Treasure Guardian Lord"
"985","宝魔主","Treasure Guardian Lord"
"986","宝守","Treasure Guard"
"987","宝魔主","Treasure Guardian Lord"
"988","宝魔主","Treasure Guardian Lord"
"989","宝魔主","Treasure Guardian Lord"
"990","宝魔主","Treasure Guardian Lord"
"991","宝魔主","Treasure Guardian Lord"
"992","宝魔主","Treasure Guardian Lord"
"993","宝魔主","Treasure Guardian Lord"
"994","宝魔主","Treasure Guardian Lord"
"997","宝魔主","Treasure Guardian Lord"
"999","宝魔主","Treasure Guardian Lord"
"1000","宝魔主","Treasure Guardian Lord"
"1001","",""
"1002","",""
"1003","",""
"1004","",""
"1005","",""
"1006","",""
"1007","",""
"1008","",""
"1009","",""
"1010","",""
"1011","",""
"1012","",""
"1013","",""
"1014","",""
"1015","",""
"1016","",""
"1017","",""
"1018","",""
"1019","",""
"1020","",""
"1021","",""
"1022","",""
"1023","",""
"1024","",""
"1025","",""
"1026","",""
"1027","",""
"1028","",""
"1029","",""
"1030","",""
"1031","",""
"1032","",""
"1033","",""
"1034","",""
"1035","",""
"1036","",""
"1037","",""
"1038","",""
"1039","",""
"1040","",""
"1041","",""
"1042","",""
"1043","",""
"1044","",""
"1045","",""
"1046","・エクストラ","(Extra)"
"1047","",""
"1048","・エクストラ","(Extra)"
"1049","",""
"1050","・エクストラ","(Extra)"
"1051","",""
"1052","・エクストラ","(Extra)"
"1053","",""
"1054","・エクストラ","(Extra)"
"1055","",""
"1056","・エクストラ","(Extra)"
"1057","",""
"1058","・エクストラ","(Extra)"
"1059","",""
"1060","・エクストラ","(Extra)"
"1061","",""
"1062","・エクストラ","(Extra)"
"1063","",""
"1064","・エクストラ","(Extra)"
"1065","",""
"1066","・エクストラ","(Extra)"
"1067","",""
"1068","・エクストラ","(Extra)"
"1069","",""
"1070","・エクストラ","(Extra)"
"1071","",""
"1072","・エクストラ","(Extra)"
"1073","",""
"1074","・エクストラ","(Extra)"
"1075","",""
"1076","・エクストラ","(Extra)"
"1077","",""
"1078","・エクストラ","(Extra)"
"1079","",""
"1080","・エクストラ","(Extra)"
"1081","",""
"1082","・エクストラ","(Extra)"
"1083","",""
"1084","・エクストラ","(Extra)"
"1085","",""
"1086","・エクストラ","(Extra)"
"1087","・エクストラ","(Extra)"
"1088","・エクストラ","(Extra)"
"1089","・エクストラ","(Extra)"
"1090","",""
"1091","・エクストラ","(Extra)"
"1092","",""
"1093","",""
"1094","",""
"1095","",""
"1096","",""
"1097","",""
"1098","",""
"1099","",""
"1100","",""
"1101","",""
"1102","",""
"1103","",""
"1104","",""
"1105","",""
"1106","",""
"1107","",""
"1108","",""
"1109","",""
"1110","",""
"1111","",""
"1112","",""
"1113","",""
"1114","",""
"1115","",""
"1116","",""
"1117","",""
"1118","昌石を秘めた","Hidden Gemstones"
"1119","財宝を秘めた","Hidden Treasures"
"1120","竜力を秘めた","Hidden Dragon Force"
"1121","宝飾を秘めた","Hidden Jewelry"
"1126","昌石を秘めた","Hidden Gemstones"
"1127","財宝を秘めた","Hidden Treasures"
"1128","竜力を秘めた","Hidden Dragon Force"
"1129","宝飾を秘めた","Hidden Jewelry"
"1130","宝飾を秘めた","Hidden Jewelry"
"1131","宝飾を秘めた","Hidden Jewelry"
"1132","召喚士","Summoner"
"1133","甦生した","Revived"
"1134","甦生した","Revived"
"1135","黒闇より甦りし","Raised from the Darkness"
"1136","甦生した","Revived"
"1137","異界の","of the Other World"
"1138","狭間の","Between"
"1139","隷下部隊","Subordinate Troop"
"1140","隷下部隊長","Subordinate Commanding Officer"
"1141","隷下部大隊長","Subordinate Commanding Officer"
"1142","甦生したボルドバンガー・","Resurrected Lindwurm"
"1143","第一練磨","First Test"
"1144","第二練磨","Second Test"
"1145","",""
"1146","礎の番人","Foundation Guardian"
"1147","",""
"1149","甦生した","Revived"
"1151","召喚士","Summoner"
"1152","甦生した","Revived"
"1155","",""
"1156","淀みの戦徒","Myrmidon of Stagnation"
"1157","甦生した","Revived"
"1158","賞金首","Bounty"
"1159","賞金首","Bounty"
"1160","賞金首","Bounty"
"1161","",""
"1162","",""
"1163","",""
"1164","",""
"1165","",""
"1166","",""
"1167","",""
"1168","",""
"1170","ストレングス・","[Strength]"
"1171","テンパランス・","[Temperance]"
"1173","ハイエロファント・","[The Hierophant]"
"1175","マジシャン・","[The Magician]"
"1178","",""
"1179","大竜力の精兵","Great Dragon Force Elite Soldier"
"1180","ＨＰ２倍だよ！","Double HP!"
"1181","のけぞりぶっとび２倍だよ！","Double Stagger/Knockback!"
"1182","ゆさぶり２倍だよ！","Double Shaking!"
"1183","のけぶ＆ゆさ２倍だよ！","Double Knockback/Shaking!"
"1186","蒼葉の","Blue Leaf"
"1187","蒼葉の","Blue Leaf"
"1188","死体齧りの","Corpse-Eating"
"1189","グレイブワーグ","Gravewarg"
"1190","",""
"1198","竜力を秘めた","Hidden Dragon Force"
"1199","大竜力の精兵","Great Dragon Force Elite Soldier"
"1200","大竜力の精兵","Great Dragon Force Elite Soldier"
"1201","大竜力の精兵","Great Dragon Force Elite Soldier"
"1202","大竜力の精兵","Great Dragon Force Elite Soldier"
"1204","検証用","Verification"
"1223","ラヴァーズ・","[The Lovers]"
"1224","ハーミット・","[The Hermit]"
"1225","ハングドマン・","[The Hanged Man]"
"1226","ジャスティス・","[Justice]"
"1227","エンペラー・","[The Emperor]"
"1228","デビル・","[The Devil]"
"1229","フォーチュン・","[Fortune]"
"1230","ジャッジメント・","[Judgement]"
"1231","謎の魔物","Mysterious Beast"
"1232","廃村に巣食う","Deserted Village Haunting"
"1233","試練の魔物","Trial Beast"
"1234","試練の魔物","Trial Beast"
"1235","ロイグの家畜","Loeg's Tamed"
"1236","樹内に蔓延る","Tree-Dwelling"
"1237","樹内に蔓延る","Tree-Dwelling"
"1238","樹内に蔓延る","Tree-Dwelling"
"1239","キャニオンガードエント","Canyon Guard"
"1240","黒騎士ロイグ","Black Knight Loeg"
"1241","精霊竜ウィルミア","Spirit Dragon Willmia"
"1242","大竜力の精兵","Great Dragon Force Elite Soldier"
"1243","大竜力の精兵","Great Dragon Force Elite Soldier"
"1244","獣の主","Beastlord"
"1245","鍵を奪った墓守","Grave Keeper who stole the key"
"1246","鳴動の甲竜","Rumbling Shell Dragon"
"1247","妨害","Interfering"
"1248","急襲する石魔","Stone Golem Ambusher"
"1249","招かれざる白鷲","Unbidden White Eagle"
"1250","群れる","Flock"
"1251","同胞","Fellow"
"1252","荒れ崩す","Demolishing"
"1253","川辺の","Riverside"
"1254","命屠る","Life Slaughtering"
"1255","神殿に巣食う","Nesting in the Temple"
"1256","",""
"1257","",""
"1258","",""
"1259","",""
"1260","",""
"1261","",""
"1262","",""
"1263","",""
"1264","",""
"1265","",""
"1266","",""
"1267","",""
"1268","",""
"1269","目覚めし","Awakened"
"1270","怒り狂う大甲竜","Raging Great Shell Dragon"
"1271","緑の森護獣","Green Forest Guardian Beast"
"1272","村潰しの","the Village Crusher"
"1273","さまよう","Wandering"
"1274","蝕み散らす大鷲","Corruption Spreading Eagle"
"1275","忘れ去られた","Forgotten"
"1276","災厄を呼ぶ","Disaster Bringer"
"1277","",""
"1278","",""
"1279","",""
"1280","",""
"1281","",""
"1282","",""
"1283","",""
"1284","",""
"1285","",""
"1286","",""
"1287","",""
"1288","",""
"1289","",""
"1290","変異","Mutated"
"1291","変異","Mutated"
"1292","大変異","Highly Mutated"
"1293","変異","Mutated"
"1294","大変異","Highly Mutated"
"1295","変異","Mutated"
"1296","・エクストラ","(Extra)"
"1297","",""
"1298","・エクストラ","(Extra)"
"1299","",""
"1300","",""
"1301","",""
"1302","・エクストラ","(Extra)"
"1303","",""
"1304","",""
"1305","",""
"1306","・エクストラ","(Extra)"
"1307","",""
"1308","",""
"1309","",""
"1310","・エクストラ","(Extra)"
"1311","",""
"1312","",""
"1313","",""
"1314","・エクストラ","(Extra)"
"1315","",""
"1316","",""
"1317","",""
"1318","・エクストラ","(Extra)"
"1319","",""
"1320","",""
"1321","",""
"1322","",""
"1323","",""
"1324","",""
"1325","",""
"1326","・エクストラ","(Extra)"
"1327","",""
"1328","",""
"1329","",""
"1330","・エクストラ","(Extra)"
"1331","",""
"1332","",""
"1333","",""
"1334","",""
"1335","",""
"1336","・エクストラ","(Extra)"
"1337","",""
"1338","",""
"1339","",""
"1340","・エクストラ","(Extra)"
"1341","",""
"1342","",""
"1343","",""
"1344","・エクストラ","(Extra)"
"1345","",""
"1346","",""
"1347","",""
"1348","・エクストラ","(Extra)"
"1349","",""
"1350","",""
"1351","",""
"1352","・エクストラ","(Extra)"
"1353","",""
"1354","",""
"1355","",""
"1356","・エクストラ","(Extra)"
"1357","",""
"1358","",""
"1359","",""
"1360","・エクストラ","(Extra)"
"1361","",""
"1362","",""
"1363","",""
"1364","・エクストラ","(Extra)"
"1365","",""
"1366","",""
"1367","",""
"1368","・エクストラ","(Extra)"
"1369","",""
"1370","",""
"1371","",""
"1372","・エクストラ","(Extra)"
"1373","",""
"1374","",""
"1375","",""
"1376","",""
"1377","",""
"1378","",""
"1379","",""
"1380","・エクストラ","(Extra)"
"1381","",""
"1382","",""
"1383","",""
"1384","・エクストラ","(Extra)"
"1385","",""
"1386","",""
"1387","",""
"1388","・エクストラ","(Extra)"
"1389","",""
"1390","",""
"1391","",""
"1392","・エクストラ","(Extra)"
"1393","",""
"1394","",""
"1395","",""
"1396","・エクストラ","(Extra)"
"1397","",""
"1398","",""
"1399","",""
"1400","・エクストラ","(Extra)"
"1401","",""
"1402","",""
"1403","",""
"1404","最終練磨","Final Test"
"1405","最終練磨","Final Test"
"1406","最終練磨","Final Test"
"1407","最終練磨","Final Test"
"1408","最終練磨","Final Test"
"1409","最終練磨","Final Test"
"1410","最終練磨","Final Test"
"1411","最終練磨","Final Test"
"1412","最終練磨","Final Test"
"1413","最終練磨","Final Test"
"1414","最終練磨","Final Test"
"1415","最終練磨","Final Test"
"1416","",""
"1417","",""
"1418","最終練磨","Final Test"
"1419","最終練磨","Final Test"
"1420","最終練磨","Final Test"
"1421","最終練磨","Final Test"
"1422","最終練磨","Final Test"
"1423","最終練磨","Final Test"
"1424","最終練磨","Final Test"
"1425","最終練磨","Final Test"
"1426","最終練磨","Final Test"
"1427","最終練磨","Final Test"
"1428","鍵番","Key Guardian"
"1429","歪みの執行人","Agent of Corruption"
"1430","礎の番人","Foundation Guardian"
"1431","礎の番人","Foundation Guardian"
"1432","試練","Trial"
"1433","試練","Trial"
"1434","行く手を阻む","Obstructing"
"1447","瘴気を纏う","Miasmatic"
"1448","神殿に棲む","Temple Nesting"
"1449","魔を呼ぶ","Demon Calling"
"1450","呼び寄せられた","Called"
"1451","泉の番人","Fountain Guardian"
"1452","泉の番人","Fountain Guardian"
"1453","宝の番人","Treasure Guardian"
"1454","宝の番人","Treasure Guardian"
"1455","瘴気を纏う","Miasmatic"
"1456","瘴気を纏う","Miasmatic"
"1457","瘴気を纏う","Miasmatic"
"1458","瘴気を纏う","Miasmatic"
"1459","甲竜に怯える","frightened of the Shell Dragon"
"1460","甲竜に怯える","frightened of the Shell Dragon"
"1461","",""
"1462","襲撃","Raid"
"1463","",""
"1465","竜力に引かれた","Drawn by Dragon Force"
"1466","集いし者たち","The Gathered Ones"
"1467","？？？","???"
"1468","？？？","???"
"1478","淀みの影","Shadow of Stagnation"
"1479","淀みの影","Shadow of Stagnation"
"1480","傷ついた","Wounded"
"1488","",""
"1489","",""
"1490","",""
"1499","変異","Mutated"
"1500","変異","Mutated"
"1501","大変異","Highly Mutated"
"1502","変異","Mutated"
"1503","変異","Mutated"
"1504","大変異","Highly Mutated"
"1505","変異","Mutated"
"1506","変異","Mutated"
"1507","大変異","Highly Mutated"
"1508","",""
"1509","",""
"1510","",""
"1511","",""
"1515","",""
"1516","対の大竜力・天","Pair of Great Dragon Force - Heaven"
"1517","賞金首","Bounty"
"1520","賞金首","Bounty"
"1521","賞金首","Bounty"
"1530","",""
"1531","",""
"1532","",""
"1533","",""
"1534","",""
"1535","",""
"1536","",""
"1537","・ブレイズ","(Blaze)"
"1538","甲竜に怯える","frightened of the Shell Dragon"
"1539","甲竜に怯える","frightened of the Shell Dragon"
"1541","",""
"1544","対の大竜力・地","Pair of Great Dragon Force - Earth"
"1545","蒼甲竜","Pale Shell Dragon"
"1546","",""
"1547","",""
"1548","",""
"1549","",""
"1550","",""
"1551","",""
"1552","",""
"1553","",""
"1554","",""
"1555","",""
"1556","",""
"1557","",""
"1558","",""
"1559","",""
"1560","",""
"1561","",""
"1562","お化け","Ghost"
"1563","傷ついた","Wounded"
"1564","樹内の記憶","Memory Within the Tree"
"1565","うめきの記憶","Memory of Sighs"
"1566","祈りの記憶","Memory of Prayer"
"1567","魔封の竜晶","Dragon Crystal of Evil Sealing"
"1568","力滅の竜晶","Dragon Crystal of Power Sapping"
"1569","",""
"1570","甲竜に怯える","frightened of the Shell Dragon"
"1571","第一練磨","First Test"
"1572","第二練磨","Second Test"
"1573","第一練磨","First Test"
"1574","第二練磨","Second Test"
"1575","最終練磨","Final Test"
"1576","昌石を秘めた","Hidden Gemstones"
"1577","宝飾を秘めた","Hidden Jewelry"
"1578","竜力を秘めた","Hidden Dragon Force"
"1579","財宝を秘めた","Hidden Treasures"
"1580","昌石を秘めた","Hidden Gemstones"
"1581","宝飾を秘めた","Hidden Jewelry"
"1582","竜力を秘めた","Hidden Dragon Force"
"1583","財宝を秘めた","Hidden Treasures"
"1586","宝飾を秘めた","Hidden Jewelry"
"1587","宝飾を秘めた","Hidden Jewelry"
"1588","竜力を秘めた","Hidden Dragon Force"
"1589","",""
"1590","呪符に保護されし","Protected by an Amulet"
"1591","呪符の番人","Guardian of the Amulet"
"1592","呪符の番人","Guardian of the Amulet"
"1593","呪符の番人","Guardian of the Amulet"
"1598","召喚されし邪悪の眷属","Summoned Servant of Evil"
"1599","",""
"1600","",""
"1609","怪しい盗賊団","Suspicious Bandit"
"1610","急襲の","Raid"
"1611","森の怒り","Forest's Fury"
"1612","モゴックの部下","Mogok's Subordinate"
"1613","帰ってきたモゴック","Mogok who came back"
"1614","薬草を守りし","Protected by medicinal herbs."
"1615","襲撃の","Raid"
"1616","襲撃の","Raid"
"1617","時番群","Time Bonus Group"
"1618","時番群","Time Bonus Group"
"1619","時番群","Time Bonus Group"
"1620","黒騎士の配下","Underling of the Black Knight."
"1621","黒騎士の配下","Underling of the Black Knight."
"1634","",""
"1635","",""
"1636","",""
"1637","子飼いの","Hand-raised"
"1638","植物に誘われし魔物","Enemy lured by plants."
"1639","植物に誘われし魔物","Enemy lured by plants."
"1640","植物に誘われし魔物","Enemy lured by plants."
"1641","植物に誘われし魔物","Enemy lured by plants."
"1642","急襲の","Raid"
"1643","突然変異の","Mutant."
"1644","突然変異の","Mutant."
"1645","怪しいオーク","Suspicious Orc"
"1659","",""
"1660","",""
"1661","",""
"1662","",""
"1663","",""
"1664","",""
"1665","",""
"1666","",""
"1667","",""
"1668","",""
"1669","",""
"1670","",""
"1671","",""
"1672","",""
"1673","",""
"1674","スカージ","Scourge"
"1675","",""
"1676","",""
"1677","",""
"1678","",""
"1682","",""
"1685","",""
"1686","力滅の竜晶","Dragon Crystal of Power Sapping"
"1687","魔封の竜晶","Dragon Crystal of Evil Sealing"
"1688","",""
"1689","",""
"1692","時番群","Time Bonus Group"
"1693","時番群","Time Bonus Group"
"1694","",""
"1695","",""
"1696","",""
"1697","",""
"1698","異界の","of the Other World"
"1699","狭間の","Between"
"1700","瘴気を纏う","Miasmatic"
"1701","うめきの記憶","Memory of Sighs"
"1702","ロイグ","Loeg"
"1703","",""
"1704","黒闇より甦りし","Raised from the Darkness"
"1705","",""
"1706","蒼甲竜","Pale Shell Dragon"
"1707","樹内の記憶","Memory Within the Tree"
"1708","召喚士","Summoner"
"1709","甦生した","Revived"
"1710","魔封の竜晶","Dragon Crystal of Evil Sealing"
"1711","力滅の竜晶","Dragon Crystal of Power Sapping"
"1712","時番","Time Bonus"
"1713","見たことのない感じのスライム","Slime that looks like nothing I've ever seen before."
"1714","",""
"1715","",""
"1716","",""
"1717","",""
"1718","",""
"1719","",""
"1720","",""
"1721","",""
"1722","",""
"1723","",""
"1724","",""
"1725","",""
"1726","",""
"1727","",""
"1728","",""
"1729","",""
"1730","",""
"1731","",""
"1732","",""
"1733","",""
"1734","",""
"1735","ブルータルハーミット","Brutal Hermit"
"1736","",""
"1737","",""
"1738","",""
"1739","先遣隊","Vanguard"
"1740","悪しき竜軍甲兵","Evil Dragon Army Armored Soldiers"
"1741","第一悪しき竜軍本隊","Main force of the First Evil Dragon Army"
"1742","第一悪しき竜軍本隊","Main force of the First Evil Dragon Army"
"1743","第一増援部隊","First Reinforcement Unit"
"1744","第二悪しき竜軍本隊","The Second Evil Dragon Army Main Unit"
"1745","第二悪しき竜軍本隊","The Second Evil Dragon Army Main Unit"
"1746","第二増援部隊","Second Reinforcement Unit"
"1747","第三悪しき竜軍本隊","Third Evil Dragon Army Main Unit"
"1748","第三悪しき竜軍本隊","Third Evil Dragon Army Main Unit"
"1749","第三増援部隊","Third Reinforcement Unit"
"1750","謎のオーク","Mysterious Orc"
"1751","捕虜の見張り","Prisoner's Guard"
"1752","村を襲撃する","Village Raiding"
"1753","占領軍の大将","Occupation Army Leader"
"1754","砦を占拠する","Fort Occupying"
"1755","ロスギルを狙うオーク","Orc Aiming For Rothgill"
"1756","洞窟の主","Master of the Grotto"
"1757","行く手を阻む","Obstructing"
"1758","獣の将","Beast Commander"
"1759","砦を占拠する","Fort Occupying"
"1760","将の腰巾着","Warlord's Lackey"
"1761","襲撃の","Raid"
"1762","襲撃の","Raid"
"1763","進軍の","Marching"
"1764","進軍の","Marching"
"1765","ジフール城の門番","Jifule Castle Gatekeeper"
"1766","ジフール城の門番","Jifule Castle Gatekeeper"
"1767","ジフール城の門番","Jifule Castle Gatekeeper"
"1768","古の扉の番兵","Old Door Guard"
"1769","古の扉の番兵","Old Door Guard"
"1770","居残り番兵","Detainee Guard"
"1771","捕虜の見張り","Prisoner's Guard"
"1772","骸の将","Necro Master"
"1773","骸の腰巾着","Necro Follower"
"1774","展望城の見張り兵","Lookout Castle Guard Troop"
"1775","展望城の見張り兵","Lookout Castle Guard Troop"
"1776","砦外雑兵","Troop outside the Fort"
"1777","正門の番人","Main Gate Guard"
"1778","砦外雑兵","Troop outside the Fort"
"1779","砦内雑兵","Troop inside the Fort"
"1780","敵陣旗に集う雑兵","Troop Gathering at Enemy Flags"
"1781","兵器・補強隊","Weapon Reinforcement Unit"
"1782","番兵","Guard"
"1783","陣地防衛隊長","Encampment Defense Commander"
"1784","陣地防衛兵","Encampment Defense Troop"
"1785","敵陣守護隊長","Enemy Camp Guard Commander"
"1786","敵陣守護兵","Enemy Camp Guard Troop"
"1787","砲撃場兵","Bombardment Location Troop"
"1788","陣地防衛隊長","Encampment Defense Commander"
"1789","陣地防衛兵","Encampment Defense Troop"
"1790","陣地防衛隊長","Encampment Defense Commander"
"1791","陣地防衛兵","Encampment Defense Troop"
"1792","",""
"1793","",""
"1794","",""
"1795","魔領進攻軍雑兵","Invasion Force Grunt"
"1796","魔領進攻軍一等兵","Invasion Force Soldier"
"1797","魔領進攻軍特攻兵","Invasion Force Assault Trooper"
"1798","・エクストラ","(Extra)"
"1799","・エクストラ","(Extra)"
"1800","・エクストラ","(Extra)"
"1801","・エクストラ","(Extra)"
"1802","泉の守護者","Guardian of the Spring"
"1803","最終練磨","Final Test"
"1804","最終練磨","Final Test"
"1805","",""
"1806","",""
"1807","",""
"1808","伝令士官","Aide-de-camp"
"1825","ロスギル襲撃部隊","Rothgill Raid Force"
"1826","試練を与えし竜","Dragon That Bestows Trials"
"1827","試練","Trial"
"1828","拠点防衛","Base Defense"
"1829","防衛士官","Defense Officer"
"1830","",""
"1831","トリンの家畜","Thorin's Livestock"
"1832","？？？","???"
"1833","？？？","???"
"1834","試練","Trial"
"1836","処刑官","Execution Officer"
"1837","処刑長","Execution Head"
"1838","大砲士官","Artillery Officer"
"1839","襲撃","Raid"
"1840","メダルコレクター","Medal Collector"
"1841","メダルコレクター","Medal Collector"
"1842","メダルコレクター","Medal Collector"
"1843","メダルコレクター","Medal Collector"
"1846","",""
"1847","",""
"1848","",""
"1849","",""
"1850","",""
"1851","",""
"1852","",""
"1853","",""
"1854","",""
"1855","",""
"1856","",""
"1857","",""
"1859","",""
"1861","従属","Subordinate"
"1862","従属","Subordinate"
"1863","従属","Subordinate"
"1864","従属","Subordinate"
"1865","関所の番兵","Gatekeeper"
"1866","",""
"1867","",""
"1868","",""
"1869","",""
"1870","",""
"1871","",""
"1872","",""
"1873","",""
"1874","",""
"1875","",""
"1876","",""
"1877","",""
"1878","",""
"1879","",""
"1880","",""
"1881","",""
"1882","",""
"1883","",""
"1884","",""
"1885","",""
"1886","",""
"1887","",""
"1888","",""
"1889","",""
"1890","",""
"1891","",""
"1892","",""
"1893","魔領進攻軍二等兵","Invasion Force Private"
"1894","魔領進攻軍一等兵","Invasion Force Soldier"
"1895","魔領進攻軍兵長","Invasion Force Battalion Commander"
"1896","",""
"1897","",""
"1898","占領軍の","Occupation Army"
"1899","ロスギルを狙うマンティコア","Manticore Aiming For Rothgill"
"1900","砦を占拠する戦甲マンティコア","Fort Occupying War-Ready Manticore"
"1901","砦の番兵","Fort Guard"
"1905","10ｍ級","10m grade"
"1906","7ｍ級","7m grade"
"1907","超大型","Colossal"
"1926","",""
"1927","",""
"1928","",""
"1929","",""
"1930","",""
"1931","",""
"1932","",""
"1933","",""
"1934","",""
"1935","",""
"1936","",""
"1937","",""
"1938","",""
"1939","",""
"1940","",""
"1941","",""
"1942","",""
"1943","",""
"1944","",""
"1945","",""
"1946","",""
"1947","強勢","Powerful"
"1948","強勢","Powerful"
"1949","強勢","Powerful"
"1950","強勢","Powerful"
"1953","",""
"1954","",""
"1957","強勢","Powerful"
"1958","強勢","Powerful"
"1961","強勢","Powerful"
"1962","未使用","Unused"
"1965","強勢","Powerful"
"1966","",""
"1967","",""
"1968","",""
"1969","",""
"1970","",""
"1971","",""
"1974","",""
"1975","強勢","Powerful"
"1978","強勢","Powerful"
"1979","強勢","Powerful"
"1982","強勢","Powerful"
"1983","獣の将","Beast Commander"
"1986","",""
"1987","",""
"1988","強勢","Powerful"
"1989","強勢","Powerful"
"1990","正門の番人","Main Gate Guard"
"1991","強勢","Powerful"
"1992","",""
"1995","",""
"1996","",""
"1999","",""
"2000","",""
"2003","強勢","Powerful"
"2004","強勢","Powerful"
"2016","強勢","Powerful"
"2017","強勢","Powerful"
"2018","",""
"2019","",""
"2020","強勢","Powerful"
"2021","強勢","Powerful"
"2022","強勢","Powerful"
"2023","砦内残党兵","Remnant Soldier within The Fort"
"2024","砦内残党兵","Remnant Soldier within The Fort"
"2025","",""
"2026","",""
"2027","",""
"2028","",""
"2029","",""
"2030","",""
"2031","",""
"2032","",""
"2033","",""
"2034","",""
"2035","",""
"2036","",""
"2037","",""
"2038","",""
"2039","",""
"2040","",""
"2041","メダルオーナー","Medal Owner"
"2042","メダルオーナー","Medal Owner"
"2043","メダルオーナー","Medal Owner"
"2044","メダルオーナー","Medal Owner"
"2045","はぐれ","Stray"
"2046","脱走した白い","Escaped White"
"2047","ゴブリン一家のボス","Goblin Family Boss"
"2048","ゴブリン一家の下っ端","Goblin Family Underling"
"2049","",""
"2050","",""
"2051","",""
"2052","",""
"2053","",""
"2054","",""
"2055","",""
"2056","",""
"2057","",""
"2058","不完全な","Defective"
"2060","",""
"2061","",""
"2062","",""
"2063","",""
"2065","",""
"2066","",""
"2067","",""
"2076","",""
"2077","",""
"2078","",""
"2079","王家用4","Royal Family 4"
"2080","王家用5","Royal Family 5"
"2081","王家用6","Royal Family 6"
"2082","王家用7","Royal Family 7"
"2083","王家用8","Royal Family 8"
"2084","",""
"2085","",""
"2086","",""
"2087","",""
"2088","",""
"2089","",""
"2090","",""
"2091","彷徨う","Wandering"
"2092","不死の眷属","Undead Follower"
"2093","地底の遺壁","Underground Ruins Wall"
"2094","氷獄の番人","Ice Prison Guard"
"2095","深森の落胤","Deep Woods Bastard"
"2096","紅蓮の魔将","Lord of Crimson"
"2097","彷徨う","Wandering"
"2098","不死の眷属ゾンビ","Undead Follower Zombie"
"2099","不死の眷属","Undead Follower"
"2100","不死の眷属スクワイア・ゾンビ","Undead Follower Squire Zombie"
"2101","不死の眷属プレイグ・ボンバー","Undead Follower Plague Bomber"
"2102","氷獄の番人","Ice Prison Guard"
"2104","深森の落胤ムーンウルフ","Bastard Moon Wolf of the Deep Woods"
"2105","",""
"2106","",""
"2107","",""
"2108","お菓子大好き魔女","Candy-loving Witch"
"2109","レベルキャップ白竜（仮）","The White Dragon Level Cap (tentative)"
"2110","レベルキャップ白竜そに２（仮）","The White Dragon Level Cap 2 (tentative)"
"2111","賞金首","Bounty"
"2112","賞金首","Bounty"
"2113","宵闇より出でし翼","Wing Emerging at Twilight"
"2115","揺籃鳥","Cradle Bird"
"2116","",""
"2117","",""
"2118","",""
"2119","",""
"2120","",""
"2121","",""
"2122","",""
"2123","",""
"2124","",""
"2125","",""
"2126","",""
"2127","",""
"2128","",""
"2129","",""
"2130","",""
"2131","",""
"2132","",""
"2133","",""
"2134","",""
"2135","揺籃鳥","Cradle Bird"
"2138","",""
"2139","",""
"2140","",""
"2141","",""
"2145","迷いエント","Lost Ent"
"2146","",""
"2147","",""
"2148","",""
"2149","",""
"2150","",""
"2151","",""
"2152","",""
"2153","",""
"2154","",""
"2155","",""
"2156","",""
"2157","",""
"2158","不完全な","Defective"
"2159","不完全な","Defective"
"2171","堅牢無比な門番長","Matchless Gatekeeper Leader"
"2172","堅牢無比な","Matchless"
"2173","堅牢無比な","Matchless"
"2174","堅牢無比な","Matchless"
"2175","堅牢無比な","Matchless"
"2176","必死な門番長","Desperate Gatekeeper Leader"
"2177","必死な","Desperate"
"2178","必死な","Desperate"
"2179","必死な","Desperate"
"2180","必死な","Desperate"
"2181","弱った門番長","Weakened Gatekeeper Leader"
"2182","弱った","Weakened"
"2183","弱った","Weakened"
"2184","弱った","Weakened"
"2185","弱った","Weakened"
"2186","魔軍残党の将","Demon Army Remnant Leader"
"2187","魔軍残党の将","Demon Army Remnant Leader"
"2188","魔軍残党の将","Demon Army Remnant Leader"
"2189","魔軍残党の哨戒兵","Demon Army Remnant Patrol"
"2190","魔軍残党の哨戒兵","Demon Army Remnant Patrol"
"2191","魔軍残党の哨戒兵","Demon Army Remnant Patrol"
"2192","魔軍残党の","Demon Army Remnant"
"2193","魔軍残党の","Demon Army Remnant"
"2194","魔軍残党の","Demon Army Remnant"
"2198","隔離された","Isolated"
"2199","隔離された","Isolated"
"2200","隔離された","Isolated"
"2202","",""
"2205","",""
"2206","隔離された","Isolated"
"2207","隔離された","Isolated"
"2208","隔離された","Isolated"
"2209","堅牢無比な門番長","Matchless Gatekeeper Leader"
"2210","必死な門番長","Desperate Gatekeeper Leader"
"2211","弱った門番長","Weakened Gatekeeper Leader"
"2212","",""
"2213","",""
"2215","",""
"2216","",""
"2217","不完全な","Defective"
"2218","",""
"2220","怒りの働きバチ","Worker Bee of Rage"
"2221","",""
"2222","",""
"2223","",""
"2224","",""
"2225","",""
"2226","",""
"2227","",""
"2228","",""
"2229","",""
"2262","",""
"2263","",""
"2264","",""
"2265","",""
"2266","",""
"2267","",""
"2268","",""
"2269","",""
"2270","",""
"2271","",""
"2272","",""
"2273","",""
"2274","",""
"2275","",""
"2276","",""
"2277","",""
"2278","",""
"2279","",""
"2280","",""
"2281","",""
"2282","",""
"2283","",""
"2284","",""
"2285","",""
"2286","",""
"2287","",""
"2288","",""
"2289","",""
"2290","",""
"2291","",""
"2292","",""
"2293","",""
"2294","",""
"2295","",""
"2296","",""
"2297","",""
"2298","",""
"2299","",""
"2300","",""
"2301","",""
"2302","塔を占領する","Tower Occupying"
"2303","追跡","Pursuit"
"2304","追跡","Pursuit"
"2305","追跡","Pursuit"
"2306","占領する","Occupying"
"2307","行く手を阻む","Obstructing"
"2308","淀みを乱す","Stagnation Disturbing"
"2309","淀みの混沌","Chaos of Stagnation"
"2310","淀みを乱す","Stagnation Disturbing"
"2311","眠りから覚めた","Awoken"
"2312","古精霊竜の守獣","Old Spirit Dragon Guard Beast"
"2313","古精霊竜の守獣","Old Spirit Dragon Guard Beast"
"2314","襲撃の","Raid"
"2316","行方を阻む","Obstructing"
"2317","黒き戦士の家畜","Black Warrior's Tamed"
"2318","城を占拠する","Castle Occupying"
"2319","白竜黒騎士","White Dragon Black Knight"
"2320","",""
"2321","",""
"2322","",""
"2330","メガド護衛兵？","Megado Guard?"
"2331","メガドの狂犬","Megado's Mad Dog"
"2332","侵入したオーク","Invasion Orc"
"2333","侵入したオーク","Invasion Orc"
"2334","侵入したオーク","Invasion Orc"
"2335","憲兵隊小隊長","Military Police Captain"
"2336","憲兵隊兵士","Military Police Soldier"
"2337","",""
"2338","",""
"2339","",""
"2340","憲兵隊警邏小隊長","Captain of the Military Police Patrol Unit"
"2341","憲兵隊兵士","Military Police Soldier"
"2342","侵入した","Invasion"
"2343","侵略する","Invading"
"2344","侵略する","Invading"
"2345","",""
"2347","",""
"2348","",""
"2349","",""
"2350","",""
"2351","",""
"2352","",""
"2355","冥府の使い魔","Netherworld Familiar"
"2356","冥府の獄吏","Netherworld Gaoler"
"2357","冥府の使い魔","Netherworld Familiar"
"2358","冥府の悪魔","Netherworld Fiend"
"2359","冥府の使い魔","Netherworld Familiar"
"2360","冥府の獄吏","Netherworld Gaoler"
"2361","冥府の使い魔","Netherworld Familiar"
"2362","奈落の王","King of the Netherworld"
"2363","冥府の使い魔","Netherworld Familiar"
"2364","冥府の獄吏","Netherworld Gaoler"
"2365","冥府の使い魔","Netherworld Familiar"
"2366","壊滅させるもの","The Devastator"
"2367","冥府の番人","Netherworld Guardian"
"2368","死を約束するもの","One That Promises Death"
"2369","屋敷の鍵番","Mansion Gatekeeper"
"2370","使役獣","Enslaved Beast"
"2371","",""
"2372","",""
"2373","",""
"2374","",""
"2375","",""
"2376","",""
"2377","",""
"2378","",""
"2379","",""
"2380","",""
"2381","",""
"2382","",""
"2383","",""
"2384","",""
"2385","",""
"2386","",""
"2387","",""
"2388","",""
"2389","",""
"2390","",""
"2391","",""
"2392","",""
"2393","",""
"2394","",""
"2395","",""
"2396","",""
"2397","",""
"2398","",""
"2399","",""
"2400","",""
"2401","",""
"2402","",""
"2403","",""
"2404","",""
"2405","",""
"2406","",""
"2407","",""
"2408","",""
"2409","",""
"2410","",""
"2411","",""
"2412","",""
"2413","",""
"2414","",""
"2415","",""
"2416","フラッグブレイカー","Flag Breaker"
"2417","",""
"2419","",""
"2420","",""
"2421","",""
"2422","",""
"2424","",""
"2426","",""
"2428","",""
"2429","",""
"2430","",""
"2432","",""
"2433","",""
"2435","",""
"2437","",""
"2439","",""
"2440","",""
"2441","",""
"2442","",""
"2443","野盗","Bandit"
"2444","野盗","Bandit"
"2477","",""
"2478","",""
"2479","メダルコレクター","Medal Collector"
"2480","メダルオーナー","Medal Owner"
"2481","",""
"2482","",""
"2483","メダルコレクター","Medal Collector"
"2484","メダルオーナー","Medal Owner"
"2485","",""
"2486","",""
"2487","メダルコレクター","Medal Collector"
"2488","メダルオーナー","Medal Owner"
"2489","",""
"2490","",""
"2491","メダルコレクター","Medal Collector"
"2492","メダルオーナー","Medal Owner"
"2493","",""
"2494","",""
"2495","メダルコレクター","Medal Collector"
"2496","メダルオーナー","Medal Owner"
"2497","",""
"2498","",""
"2499","メダルコレクター","Medal Collector"
"2500","メダルオーナー","Medal Owner"
"2501","",""
"2502","",""
"2503","メダルコレクター","Medal Collector"
"2504","メダルオーナー","Medal Owner"
"2505","",""
"2506","",""
"2507","メダルコレクター","Medal Collector"
"2508","メダルオーナー","Medal Owner"
"2509","",""
"2510","朽ちた騎士の残魂","Remnant Soul of a Decayed Knight"
"2511","朽ちた兵士の残魂","Remnant Soul of a Decayed Soldier"
"2512","朽ちた魔女の残魂","Remnant Soul of a Decayed Witch"
"2513","",""
"2514","離宮の番人","Detached Palace Guard"
"2515","急襲の","Raid"
"2516","戦の将部隊","War Master Unit"
"2517","戦の将の子飼い","War Master's Pet"
"2518","戦の将","War Master"
"2519","火垂れ山に巣食う炎獣","Firefall Mountain Haunting Flame Beast"
"2520","古代の亡霊","Ancient Ghost"
"2521","古代の亡者","Ancient Undead"
"2522","行く手を阻む","Obstructing"
"2523","行く手を阻む","Obstructing"
"2524","行く手を阻む","Obstructing"
"2525","悪しき竜","The Evil Dragon"
"2526","",""
"2527","",""
"2528","離宮を徘徊する","Detached Palace Roaming"
"2529","",""
"2530","",""
"2531","",""
"2532","",""
"2533","",""
"2534","",""
"2535","",""
"2536","",""
"2537","",""
"2538","",""
"2539","",""
"2540","",""
"2541","",""
"2542","",""
"2543","",""
"2544","",""
"2545","",""
"2546","",""
"2547","",""
"2548","",""
"2549","",""
"2550","",""
"2551","",""
"2552","",""
"2553","",""
"2554","",""
"2555","",""
"2556","百人長の亡霊","Centurion's Spirit"
"2557","初代王の亡霊","The Ghost of the First King"
"2558","",""
"2559","",""
"2561","離宮の番人","Detached Palace Guard"
"2562","・エクストラ","(Extra)"
"2563","・エクストラ","(Extra)"
"2564","魔炎の竜晶","Dragon Crystal of Flame"
"2565","魔岩の竜晶","Dragon Crystal of Earth"
"2566","魔風の竜晶","Dragon Crystal of Wind"
"2567","魔領進攻軍特殊兵","Invasion Force First Class Soldier"
"2568","",""
"2569","騎士団の仇敵","The Knights' Bitter Enemy"
"2570","騎士団の仇敵","The Knights' Bitter Enemy"
"2571","騎士団の仇敵","The Knights' Bitter Enemy"
"2572","",""
"2573","",""
"2574","",""
"2575","",""
"2576","総大将・鬼神","Demon General"
"2577","",""
"2578","",""
"2579","",""
"2580","",""
"2581","",""
"2582","偉大なる錬金術師","The Great Alchemist"
"2583","",""
"2584","",""
"2586","",""
"2587","",""
"2588","",""
"2589","",""
"2590","",""
"2591","火焔の竜晶","Flame Dragon Crystal"
"2592","火焔の竜晶","Flame Dragon Crystal"
"2593","火焔の竜晶","Flame Dragon Crystal"
"2594","火焔の竜晶","Flame Dragon Crystal"
"2596","ミュータント・","Mutant"
"2598","",""
"2599","ミュータント・","Mutant"
"2600","大輪の","Large-flowered"
"2601","",""
"2602","グレート・","Great"
"2603","",""
"2606","リトル・","Little"
"2607","ヒュージ・","Huge"
"2608","",""
"2609","",""
"2610","ロイグの元家畜","Loeg's Former Tamed"
"2612","黒き戦士の家畜","Black Warrior's Tamed"
"2613","黒き戦士","Black Warrior"
"2614","",""
"2615","",""
"2616","",""
"2617","",""
"2618","",""
"2619","甘い香りのする","Sweet scent of"
"2620","甘党の","Sweet Tooth"
"2621","若木の","Sapling"
"2622","怒りの親玉エント","Angry Ent Chieftain"
"2623","至って普通の","Extremely Ordinary"
"2624","ズールの亡霊","Ghost of Zuhl"
"2625","",""
"2626","",""
"2627","",""
"2628","",""
"2629","",""
"2630","",""
"2631","",""
"2632","",""
"2633","悪しき竜に仕える","Evil Dragon Servant"
"2634","悪しき竜に仕える","Evil Dragon Servant"
"2635","",""
"2636","",""
"2637","",""
"2638","",""
"2639","",""
"2640","",""
"2641","火焔の竜晶","Flame Dragon Crystal"
"2642","火焔の竜晶","Flame Dragon Crystal"
"2643","火焔の竜晶","Flame Dragon Crystal"
"2644","火焔の竜晶","Flame Dragon Crystal"
"2645","",""
"2646","",""
"2647","魔炎の竜晶","Dragon Crystal of Flame"
"2648","魔岩の竜晶","Dragon Crystal of Earth"
"2649","魔風の竜晶","Dragon Crystal of Wind"
"2650","",""
"2651","",""
"2652","魔炎の竜晶","Dragon Crystal of Flame"
"2653","魔岩の竜晶","Dragon Crystal of Earth"
"2654","魔風の竜晶","Dragon Crystal of Wind"
"2655","",""
"2656","",""
"2657","脚の速い","Fleet-footed"
"2658","",""
"2659","黄泉がえりし泉の守護者","Guardian of the Underworld Spring"
"2660","黄泉がえりし戦の将の子飼い","The Reincarnated Warlord's Pet"
"2661","黄泉がえりし古の扉の番兵","Guardian of the Ancient Gate of the Underworld"
"2662","黄泉がえりし古代の亡霊","Ancient Spirit of the Underworld"
"2663","冥府の徘徊魔","Prowler of the Underworld"
"2664","冥府の拷問者","Torturer of the Underworld"
"2665","冥府の徘徊魔","Prowler of the Underworld"
"2666","饗宴の主","Lord of the Feast"
"2667","冥府の徘徊魔","Prowler of the Underworld"
"2668","冥府の拷問者","Torturer of the Underworld"
"2669","冥府の徘徊魔","Prowler of the Underworld"
"2670","死滅都市の悪魔","Devil in a Dead City"
"2671","冥府の徘徊魔","Prowler of the Underworld"
"2672","冥府の拷問者","Torturer of the Underworld"
"2673","冥府の徘徊魔","Prowler of the Underworld"
"2674","忌まわしき首領","Accursed Lord"
"2675","冥府の徘徊魔","Prowler of the Underworld"
"2676","冥府の拷問者","Torturer of the Underworld"
"2677","冥府の徘徊魔","Prowler of the Underworld"
"2678","堕ちたる者","The Fallen"
"2679","封印から目覚めし指輪の守護者","Guardian of the Ring"
"2680","",""
"2681","",""
"2682","",""
"2683","",""
"2684","",""
"2685","",""
"2690","",""
"2691","",""
"2692","",""
"2711","",""
"2712","",""
"2713","",""
"2714","",""
"2715","",""
"2716","",""
"2717","",""
"2718","行く手を阻む","Obstructing"
"2744","",""
"2745","",""
"2746","",""
"2747","危険な（仮）","Dangerous (temporary)"
"2748","とっても危険な（仮）","Very dangerous (temporary)"
"2749","突然変異（仮）","Mutation (tentative)"
"2750","",""
"2751","",""
"2752","蝕まれた","Corrupted"
"2753","蝕まれた","Corrupted"
"2754","蝕まれた","Corrupted"
"2755","",""
"2756","",""
"2757","蝕まれた","Corrupted"
"2758","蝕まれた","Corrupted"
"2759","蝕まれた","Corrupted"
"2760","",""
"2761","蝕まれた","Corrupted"
"2762","蝕まれた","Corrupted"
"2763","蝕まれた","Corrupted"
"2764","",""
"2765","蝕まれた","Corrupted"
"2766","蝕まれた","Corrupted"
"2767","蝕まれた","Corrupted"
"2768","",""
"2769","蝕まれた","Corrupted"
"2770","蝕まれた","Corrupted"
"2771","蝕まれた","Corrupted"
"2772","",""
"2773","蝕まれた","Corrupted"
"2774","蝕まれた","Corrupted"
"2775","蝕まれた","Corrupted"
"2779","",""
"2780","",""
"2781","",""
"2783","",""
"2784","",""
"2785","",""
"2786","",""
"2787","",""
"2788","",""
"2789","",""
"2790","",""
"2791","",""
"2792","",""
"2793","",""
"2794","魔軍戦車・","Demon Army Tanks"
"2795","",""
"2796","",""
"2797","",""
"2798","",""
"2799","",""
"2800","",""
"2801","",""
"2802","古精霊竜の守獣","Old Spirit Dragon Guard Beast"
"2803","",""
"2804","いにしえの邪眼・","Ancient Evil Eye"
"2805","",""
"2806","",""
"2807","",""
"2808","",""
"2809","",""
"2810","",""
"2811","",""
"2812","",""
"2813","",""
"2814","",""
"2815","",""
"2816","",""
"2817","不完全な","Defective"
"2818","",""
"2819","力に呑まれし王者・","The Ruler Overwhelmed by Power"
"2820","",""
"2821","古代の亡霊","Ancient Ghost"
"2822","",""
"2823","",""
"2824","",""
"2825","",""
"2826","",""
"2827","",""
"2828","",""
"2829","賢竜・","Sage Dragon ・"
"2830","白竜黒騎士","White Dragon Black Knight"
"2831","対の幻影・天","Duality Illusion: Heaven"
"2832","対の幻影・地","Duality Illusion: Earth"
"2833","闇に呑まれ硬化した","Hardened by Darkness"
"2837","闇に呑まれ強暴化した","Ravaged by Darkness"
"2838","闇に呑まれ硬化した","Hardened by Darkness"
"2839","闇に呑まれ強暴化した","Ravaged by Darkness"
"2843","闇に呑まれ硬化した","Hardened by Darkness"
"2844","闇に呑まれ強暴化した","Ravaged by Darkness"
"2848","闇に呑まれ硬化した","Hardened by Darkness"
"2849","闇に呑まれ強暴化した","Ravaged by Darkness"
"2852","闇に呑まれ硬化した","Hardened by Darkness"
"2853","闇に呑まれ強暴化した","Ravaged by Darkness"
"2856","弱化した賢竜・","Weakened Sage Dragon・"
"2857","はぐれ","Stray"
"2858","弱化した","Weakened"
"2859","弱化した","Weakened"
"2860","弱化した","Weakened"
"2861","黒剣を護る","Protecting the Black Sword"
"2862","黒剣を護る","Protecting the Black Sword"
"2863","死を約束するもの","One That Promises Death"
"2864","冥府の番人","Netherworld Guardian"
"2865","",""
"2866","蝕まれた","Corrupted"
"2867","蝕まれた","Corrupted"
"2868","蝕まれた","Corrupted"
"2869","",""
"2870","",""
"2871","蝕まれた","Corrupted"
"2872","蝕まれた","Corrupted"
"2873","蝕まれた","Corrupted"
"2874","",""
"2875","蝕まれた","Corrupted"
"2876","蝕まれた","Corrupted"
"2877","蝕まれた","Corrupted"
"2878","",""
"2879","蝕まれた","Corrupted"
"2880","蝕まれた","Corrupted"
"2881","蝕まれた","Corrupted"
"2882","",""
"2883","蝕まれた","Corrupted"
"2884","蝕まれた","Corrupted"
"2885","蝕まれた","Corrupted"
"2886","",""
"2887","蝕まれた","Corrupted"
"2888","蝕まれた","Corrupted"
"2889","蝕まれた","Corrupted"
"2890","闇に呑まれ硬化した","Hardened by Darkness"
"2894","闇に呑まれ強暴化した","Ravaged by Darkness"
"2895","闇に呑まれ硬化した","Hardened by Darkness"
"2896","闇に呑まれ強暴化した","Ravaged by Darkness"
"2900","闇に呑まれ硬化した","Hardened by Darkness"
"2901","闇に呑まれ強暴化した","Ravaged by Darkness"
"2905","闇に呑まれ硬化した","Hardened by Darkness"
"2906","闇に呑まれ強暴化した","Ravaged by Darkness"
"2909","闇に呑まれ硬化した","Hardened by Darkness"
"2910","闇に呑まれ強暴化した","Ravaged by Darkness"
"2913","",""
"2914","蝕まれた","Corrupted"
"2915","蝕まれた","Corrupted"
"2916","蝕まれた","Corrupted"
"2917","",""
"2918","",""
"2919","蝕まれた","Corrupted"
"2920","蝕まれた","Corrupted"
"2921","蝕まれた","Corrupted"
"2922","",""
"2923","蝕まれた","Corrupted"
"2924","蝕まれた","Corrupted"
"2925","蝕まれた","Corrupted"
"2926","",""
"2927","蝕まれた","Corrupted"
"2928","蝕まれた","Corrupted"
"2929","蝕まれた","Corrupted"
"2930","",""
"2931","蝕まれた","Corrupted"
"2932","蝕まれた","Corrupted"
"2933","蝕まれた","Corrupted"
"2934","",""
"2935","蝕まれた","Corrupted"
"2936","蝕まれた","Corrupted"
"2937","蝕まれた","Corrupted"
"2938","闇に呑まれ硬化した","Hardened by Darkness"
"2942","闇に呑まれ強暴化した","Ravaged by Darkness"
"2943","闇に呑まれ硬化した","Hardened by Darkness"
"2944","闇に呑まれ強暴化した","Ravaged by Darkness"
"2948","闇に呑まれ硬化した","Hardened by Darkness"
"2949","闇に呑まれ強暴化した","Ravaged by Darkness"
"2953","闇に呑まれ硬化した","Hardened by Darkness"
"2954","闇に呑まれ強暴化した","Ravaged by Darkness"
"2957","闇に呑まれ硬化した","Hardened by Darkness"
"2958","闇に呑まれ強暴化した","Ravaged by Darkness"
"2961","",""
"2962","蝕まれた","Corrupted"
"2963","蝕まれた","Corrupted"
"2964","蝕まれた","Corrupted"
"2965","",""
"2966","",""
"2967","蝕まれた","Corrupted"
"2968","蝕まれた","Corrupted"
"2969","蝕まれた","Corrupted"
"2970","",""
"2971","蝕まれた","Corrupted"
"2972","蝕まれた","Corrupted"
"2973","蝕まれた","Corrupted"
"2974","",""
"2975","蝕まれた","Corrupted"
"2976","蝕まれた","Corrupted"
"2977","蝕まれた","Corrupted"
"2978","",""
"2979","蝕まれた","Corrupted"
"2980","蝕まれた","Corrupted"
"2981","蝕まれた","Corrupted"
"2982","",""
"2983","蝕まれた","Corrupted"
"2984","蝕まれた","Corrupted"
"2985","蝕まれた","Corrupted"
"2986","闇に呑まれ硬化した","Hardened by Darkness"
"2990","闇に呑まれ強暴化した","Ravaged by Darkness"
"2991","闇に呑まれ硬化した","Hardened by Darkness"
"2992","闇に呑まれ強暴化した","Ravaged by Darkness"
"2996","闇に呑まれ硬化した","Hardened by Darkness"
"2997","闇に呑まれ強暴化した","Ravaged by Darkness"
"3001","闇に呑まれ硬化した","Hardened by Darkness"
"3002","闇に呑まれ強暴化した","Ravaged by Darkness"
"3005","闇に呑まれ硬化した","Hardened by Darkness"
"3006","闇に呑まれ強暴化した","Ravaged by Darkness"
"3017","黒剣を護る","Protecting the Black Sword"
"3018","",""
"3019","黒剣を護る","Protecting the Black Sword"
"3020","",""
"3021","黒剣を護る","Protecting the Black Sword"
"3022","",""
"3023","闇の渦に巣食う","Nestled in the Vortex of Darkness"
"3024","MQ(仮）","MQ (temporary)"
"3025","黒剣を護る","Protecting the Black Sword"
"3026","",""
"3027","黒剣を護る","Protecting the Black Sword"
"3028","",""
"3029","黒剣を護る","Protecting the Black Sword"
"3030","",""
"3031","闇の渦に巣食う","Nestled in the Vortex of Darkness"
"3032","MQ(仮）","MQ (temporary)"
"3033","黒剣を護る","Protecting the Black Sword"
"3034","",""
"3035","黒剣を護る","Protecting the Black Sword"
"3036","",""
"3037","黒剣を護る","Protecting the Black Sword"
"3038","",""
"3039","闇の渦に巣食う","Nestled in the Vortex of Darkness"
"3040","MQ(仮）","MQ (temporary)"
"3041","黒剣を護る","Protecting the Black Sword"
"3042","",""
"3043","黒剣を護る","Protecting the Black Sword"
"3044","",""
"3045","闇の渦に巣食う","Nestled in the Vortex of Darkness"
"3046","レオ","Leo"
"3047","黒竜","Black Dragon"
"3048","堕ちたる者","The Fallen"
"3049","満開メガトンマンドラゴラ","Full Bloom Megaton Mandragora"
"3050","満開メガトンハバネロ","Full Bloom Megaton Habanero"
"3051","アトロポス・クイーンビー","Atropos, Queen Bee"
"3052","炎の傀儡ギガン・マキナ","Flame Puppet Gigant Machina"
"3053","氷の傀儡フロスト・マキナ","Ice Puppet Frost Machina"
"3054","マリオネットマスターウィッチ","Marionette Master Witch"
"3055","暴食フットバイター","Gluttonous Foot-Biter"
"3056","暴食フットバイター？","Gluttonous Foot-Biter?"
"3057","虹の輝きリトルビフレスト","Rainbow Glitter Little Bifrost"
"3058","変異型狂侵グリフィン","Mutated Severely Infected Griffin"
"3059","ヒュージフリージングスライム","Huge Freezing Slime"
"3060","谷の賢者ノーム・エント","谷の賢者ノーム Ent"
"3061","未完の魔眼パイモンルビーアイ","Incomplete Magic Eye: Ruby-Eye Paimon"
"3062","ヒュージディープスライム","Huge Deep Slime"
"3063","目覚めた石像ヘルガーゴイル","Awakened Stone Statue: Hell Gargoyle"
"3064","スモールリザード","Small Lizard"
"3065","狼王ダイアウルフ","Wolf King Direwolf"
"3066","300年永らえたマッドマン","300-year-old Mudman"
"3067","ムーンライズ・シャドーキメラ","Moonrise Shadow Chimera"
"3068","大罪・嫉妬のデスナイト","Sin of Envy Death Knight"
"3069","マウンテン・サイクロプス","Mountain Cyclops"
"3070","夜の訪れリトルブラックグリフィン","The arrival of night, Little Black Griffin"
"3071","太古の処刑人","The Ancient Executioner"
"3072","霧をさまようリトルミストウィルム","Little Mist Wyrm Wandering through the Mist"
"3073","【ネームドハント】ワイルドボア","[Named Hunt] Wild Boar"
"3074","古代の巨兵ジオゴーレム","Ancient Giant Soldier Geo Golem"
"3075","潜入部隊キャプテンアンセスター","Ancestral Infiltration Unit Captain"
"3076","サンライズ・ブレイズキメラ","Sunrise Blaze Chimera"
"3077","未完の魔眼パイモンラピスアイ","Incomplete Magic Eye: Lapis-Eye Paimon"
"3078","300年永らえたスラッジマン","300-year-old Sludgeman"
"3079","魔法暗殺部隊","Magic Assassination Unit"
"3080","さまよう小さき魂","Wandering Little Soul"
"3081","灼熱ラージサラマンダー","Scorching-hot Giant Pyre Saurian"
"3082","奇襲のエキスパートリーダー","Ambush Expert Leader"
"3083","同志の集いロールスパインバック","Gathering of Comrades, Roll Spineback"
"3084","大罪・憤怒のエリミネーター・スレイ","Mortal Sin of Wrath, Eliminator Slayer"
"3085","ヒュージパイロスライム","Huge Pyro Slime"
"3086","八眼の怪物アラクネー","Eight-Eyed Monster Arachne"
"3087","欲望喰らいのエンシェントマンイーター","Ancient Maneater of Desire"
"3088","レッドズール・ザ・デビル","Red Zuhl the Devil"
"3089","さまよう","Wandering"
"3090","さまよう","Wandering"
"3139","",""
"3140","",""
"3141","",""
"3142","",""
"3143","",""
"3144","",""
"3145","",""
"3146","",""
"3147","",""
"3148","行く手を阻む","Obstructing"
"3149","行く手を阻む","Obstructing"
"3151","",""
"3152","潜入部隊アンセスターオーク","Infiltration Team Ancestor Orc"
"3153","奇襲のエキスパートトルーパー","Ambush Expert Trooper"
"3154","堕ちたる者","The Fallen"
"3156","魔法暗殺部隊の目眩まし","Dazzle of the Magic Assassination Unit"
"3157","蝕まれた","Corrupted"
"3158","蝕まれた","Corrupted"
"3159","蝕まれた","Corrupted"
"3160","蝕まれた","Corrupted"
"3161","蝕まれた","Corrupted"
"3162","蝕まれた","Corrupted"
"3163","蝕まれた","Corrupted"
"3164","蝕まれた","Corrupted"
"3167","",""
"3168","闇に呑まれ硬化した","Hardened by Darkness"
"3169","闇に呑まれ硬化した","Hardened by Darkness"
"3170","闇に呑まれ硬化した","Hardened by Darkness"
"3171","闇に呑まれ硬化した","Hardened by Darkness"
"3172","闇に呑まれ強暴化した","Ravaged by Darkness"
"3173","闇に呑まれ硬化した","Hardened by Darkness"
"3174","闇に呑まれ強暴化した","Ravaged by Darkness"
"3175","闇に呑まれ強暴化した","Ravaged by Darkness"
"3176","闇に呑まれ強暴化した","Ravaged by Darkness"
"3177","闇に呑まれ強暴化した","Ravaged by Darkness"
"3178","闇に呑まれ強暴化した","Ravaged by Darkness"
"3179","闇に呑まれ強暴化した","Ravaged by Darkness"
"3180","",""
"3181","",""
"3182","",""
"3183","蝕まれた","Corrupted"
"3184","",""
"3185","蝕まれた","Corrupted"
"3186","",""
"3187","",""
"3188","",""
"3189","",""
"3190","",""
"3191","",""
"3192","",""
"3193","漲る力を秘めた","Overflowing Force"
"3194","黒騎士の戦徒","The Black Knight's Myrmidon"
"3195","白竜黒騎士の影","Shadow of the White Dragon Black Knight"
"3196","白竜","The White Dragon"
"3197","白竜の覚者・レオ","Arisen of the White Dragon, Leo"
"3198","",""
"3199","異界の","of the Other World"
"3200","激昂","enraged"
"3203","激昂","enraged"
"3204","激昂","enraged"
"3205","激昂","enraged"
"3206","激昂","enraged"
"3207","激昂スパインバック","Severely Infected Spineback"
"3208","激昂","enraged"
"3209","激昂","enraged"
"3210","激昂","enraged"
"3211","異界の","of the Other World"
"3212","激昂","enraged"
"3213","",""
"3214","",""
"3215","",""
"3216","",""
"3217","",""
"3218","",""
"3219","",""
"3220","",""
"3221","",""
"3231","",""
"3232","",""
"3233","",""
"3234","",""
"3235","",""
"3236","",""
"3237","",""
"3238","",""
"3239","",""
"3240","",""
"3241","",""
"3242","",""
"3243","",""
"3244","",""
"3245","",""
"3246","",""
"3247","",""
"3250","・エクストラ","(Extra)"
