key,old,new
SPOT_NAME_450,白竜神殿レーゼ,The White Dragon Temple
SPOT_NAME_451,テル,Tel
SPOT_NAME_452,ローテス,Rotes
SPOT_NAME_453,リンウッド,Lynwood
SPOT_NAME_454,ジンゲン,Jingen
SPOT_NAME_455,キノザ,Kinoza
SPOT_NAME_456,ホボリック洞穴,Hobolic Cave
SPOT_NAME_457,ドラワン,Drawan
SPOT_NAME_458,ゾマ,Zoma
SPOT_NAME_459,メルゴダ居住区,Mergoda Residential Area
SPOT_NAME_460,ハイデル平原,Hidell Plains
SPOT_NAME_461,ブリア海岸,Breya Coast
SPOT_NAME_462,バートランド平原,Betland Plains
SPOT_NAME_463,ダウ渓谷,Dowe Valley
SPOT_NAME_464,ボルド鉱山,Volden Mines
SPOT_NAME_465,ミスリウ森林,Mysree Forest
SPOT_NAME_466,ミスリウ森林深部,Mysree Grove
SPOT_NAME_467,バートランド平原北部,Northern Betland Plains
SPOT_NAME_468,ザンドラ東部,Eastern Zandora
SPOT_NAME_469,ザンドラ禁域,Zandora Wastelands
SPOT_NAME_470,ディナン深層林,Deenan Woods
SPOT_NAME_471,グリッテン砦,Gritten Fort
SPOT_NAME_472,燐光虫の洞窟,Glowworm Cave
SPOT_NAME_473,ガルドノック砦,Gardnox Fortress
SPOT_NAME_474,ドリード城,Dreed Castle
SPOT_NAME_475,エルテ・ディナン,Erte Deenan
SPOT_NAME_476,ボルド大坑道,Volden Large Tunnels
SPOT_NAME_477,竜の巣,Dragon's Nest
SPOT_NAME_478,禊の神殿,Temple of Purification
SPOT_NAME_479,黄金宮,The Golden Palace
SPOT_NAME_480,亡都メルゴダ,Mergoda Ruins
SPOT_NAME_481,メルゴダ護政区,Mergoda Security District
SPOT_NAME_482,ポーン郷,Pawn Cathedral
SPOT_NAME_483,キノザ鉱泉,Kinoza Mineral Springs
SPOT_NAME_484,禊の神殿　離殿,Temple of Purification: South Chamber
SPOT_NAME_485,古の祭祀場,Ancient Place of Rituals
SPOT_NAME_486,ハイデル地下霊廟,Hidell Catacombs
SPOT_NAME_487,ハイデル地下霊廟　深部,Hidell Catacombs Depths
SPOT_NAME_488,ハイデル地下霊廟　最深部,Hidell Catacombs Innermost Depths
SPOT_NAME_489,リンウッド地下水路,Lynwood Underground Waterway
SPOT_NAME_490,採掘師の隠れ道,Miners' Secret Route
SPOT_NAME_491,南壁のひび,Southern Wall Fissure
SPOT_NAME_492,カタコンベ,Catacombs
SPOT_NAME_493,蒼葉のテラス,Greenleaf Terrace
SPOT_NAME_494,神花のテラス,Divine Blossom Terrace
SPOT_NAME_495,レ・カルバス・アーマ,Le Karvas Arma
SPOT_NAME_496,戦鬼の影穴,War Demons' Hideout
SPOT_NAME_497,バートランド地下道,Betland Underground Passage
SPOT_NAME_498,地下納骨堂,Underground Crypt
SPOT_NAME_499,メルゴダ大水網,Mergoda Flood Channels
SPOT_NAME_500,死王の迷宮,Dead Lord's Labyrinth
SPOT_NAME_501,さる錬金術師の家,An Alchemist's Home
SPOT_NAME_502,エリクシル精製室,Elixir Refining Chamber
SPOT_NAME_503,南ハイデル大橋,South Hidell Bridge
SPOT_NAME_504,南壁谷の道,Southern Wall Gorge
SPOT_NAME_505,バートランド東関所,Betland East Side
SPOT_NAME_506,ディナン山道,Deenan Mountain Road
SPOT_NAME_507,バートランド山道,Betland Mountain Road
SPOT_NAME_508,フロックヴァルト大橋,Flocwald Bridge
SPOT_NAME_509,カタコンベ（カスタム）01,Catacombs (Custom) 01
SPOT_NAME_510,自然洞窟＋坑道（カスタム）00,Natural Cave + Tunnel (custom) 00
SPOT_NAME_511,エルフ遺跡（カスタム）00,Elf ruins (custom) 00
SPOT_NAME_512,地下通路＋水路（カスタム）00,Underground passage + waterway (custom) 00
SPOT_NAME_513,枯れ井戸の中（カスタム）00,Dry well interior (custom) 00
SPOT_NAME_514,祠の中（カスタム）00,Shrine interior (custom) 00
SPOT_NAME_515,地下室（ワイン倉庫）00,Basement (wine storage) 00
SPOT_NAME_516,異界の狭間,The Rift
SPOT_NAME_517,アーク,The Ark
SPOT_NAME_518,グリッテン砦　通行許可,Gritten Fort Travel Office
SPOT_NAME_519,ハイデル教会,Hidell Church
SPOT_NAME_520,モルトバ灯台,Moltova Lighthouse
SPOT_NAME_521,旧騎士団監視塔,Knights' Old Watchtower
SPOT_NAME_522,灯台下の古井戸,Lighthouse Old Well
SPOT_NAME_523,レ・カルバス・サルトー,Le Karvas Salto
SPOT_NAME_524,外に出る,Outside
SPOT_NAME_525,ドラワン教会,Drawan Church
SPOT_NAME_526,東ザンドラ廃墟群,East Zandora Ruins
SPOT_NAME_527,ザンドラ灯台,Zandora Lighthouse
SPOT_NAME_528,謎の礎,Mysterious Keystone
SPOT_NAME_529,テゴル川,Tegor River
SPOT_NAME_530,セラー湖,Lake Cera
SPOT_NAME_531,ボルド大鉱山,Volden Great Mines
SPOT_NAME_532,イニアス湖,Lake Inias
SPOT_NAME_533,大地の傷跡,Scarred Earth
SPOT_NAME_534,中央広場,Central Square
SPOT_NAME_535,商店区,Shopping District
SPOT_NAME_536,宿場区,Relay Station District
SPOT_NAME_537,クラフトルーム,Craft Room
SPOT_NAME_538,港洞,Cave Harbor
SPOT_NAME_539,大門前,Front Gate
SPOT_NAME_540,ザンドラ礼拝堂,Zandora Chapel
SPOT_NAME_541,死者の小窟,Small Cave Tombs
SPOT_NAME_542,棄てられた地下道,Abandoned Underground Passage
SPOT_NAME_543,怨嗟の祠,Shrine of Resentment
SPOT_NAME_544,虚ろの小堂,Empty Chapel
SPOT_NAME_545,採掘師の隠れ道,Miners' Secret Route
SPOT_NAME_546,森民の地下道,Forest People's Tunnel
SPOT_NAME_547,潮騒洞窟,Roaring Tide Cave
SPOT_NAME_548,風鳴り洞窟,Howling Wind Cave
SPOT_NAME_549,断崖の坑道,Cliff Tunnels
SPOT_NAME_550,ボルド小坑道,Volden Narrow Tunnels
SPOT_NAME_551,盗賊の隠れ家,Bandit Hideaway
SPOT_NAME_552,悪鬼の岩窟,Fiend's Cavern
SPOT_NAME_553,ミスリウ鍾乳洞,Mysree Limestone Cave
SPOT_NAME_554,魔獣の巣穴,Demon's Den
SPOT_NAME_555,狩人の抜け穴,Hunters' Secret Passage
SPOT_NAME_556,秘弓師の住居,Secret Bowmaker's Home
SPOT_NAME_557,深緑のテラス,Dark Green Terrace
SPOT_NAME_558,霊泉のテラス,Sacred Spring Terrace
SPOT_NAME_559,斜陽のテラス,Sunset Terrace
SPOT_NAME_560,月影のテラス,Moonlight Terrace
SPOT_NAME_561,聖樹のテラス,Sacred Tree Terrace
SPOT_NAME_562,旧騎士団連絡路,Knights' Old Route
SPOT_NAME_563,旧騎士団資材庫,Knights' Old Storehouse
SPOT_NAME_564,湖岸地下室,Lakeside Cellar
SPOT_NAME_565,ドリード水路跡,Dreed Waterway Ruins
SPOT_NAME_566,キノザ治水路,Kinoza Flood Control Channel
SPOT_NAME_567,テゴル治水路,Tegor Flood Control Channel
SPOT_NAME_568,旧地下実験所,Old Underground Laboratory
SPOT_NAME_569,修練の祠,Training Chapel
SPOT_NAME_570,渓谷の小堂,Valley Chapel
SPOT_NAME_571,標の祠　ミスリウ森林深部,Mysree Grove Shrine
SPOT_NAME_572,山頂の小堂,Summit Chapel
SPOT_NAME_573,標の祠　ザンドラ禁域,Zandora Wastelands Shrine
SPOT_NAME_574,森の一軒家,Lone House in the Forest
SPOT_NAME_575,イヴァンの山小屋,Ivan's Lodge
SPOT_NAME_576,渓谷の一軒家,Lone House in the Valley
SPOT_NAME_577,隠者の家,Hermit's House
SPOT_NAME_578,謁見の間,Audience Chamber
SPOT_NAME_579,開かずの路,Blocked Passage
SPOT_NAME_580,ハイデル街道の枯れ井戸,Abandoned Well on Hidell Road
SPOT_NAME_581,平原の廃墟地下室,Plains Abandoned House Cellar
SPOT_NAME_582,廃屋の地下室,Abandoned House Cellar
SPOT_NAME_583,テルの枯れ井戸,Tel's Withered Well
SPOT_NAME_585,海辺の地下室,Seaside Cellar
SPOT_NAME_586,浜辺の地下保管庫,Beach Underground Stores
SPOT_NAME_588,廃墟の食糧庫,Supply Store Ruins
SPOT_NAME_589,崩れかけたワイン庫,Wine Cellar Ruins
SPOT_NAME_590,閉ざされた古井戸,Sealed Old Well
SPOT_NAME_591,旧騎士団詰め所,Knights' Old Guardhouse
SPOT_NAME_592,森の廃墟地下,Forest Ruins Cellar
SPOT_NAME_593,妖精の枯れ井戸,Fairy's Withered Well
SPOT_NAME_594,水陰の淵辺,Deep Water's Edge
SPOT_NAME_595,蒼水路,Blue Waterway
SPOT_NAME_596,呻きの枯れ井戸,Groaning Old Well
SPOT_NAME_598,バートランド墓地,Betland Cemetery
SPOT_NAME_599,廃墟の地下室,Ruins Cellar
SPOT_NAME_600,乾いた地下倉庫,Dry Underground Stores
SPOT_NAME_601,大石塊(アーク),Boulder (The Ark)
SPOT_NAME_602,朽ちかけた井戸,Decaying Well
SPOT_NAME_604,術師の地下泉,Neophyte's Cellar
SPOT_NAME_605,灯台の地下倉庫,Lighthouse Underground Stores
SPOT_NAME_606,西ミスリウ橋,West Mysree Bridge
SPOT_NAME_607,不浄の地下水道,Foul Water Channel
SPOT_NAME_608,湖底連絡路,Lakebottom Connecting Passage
SPOT_NAME_609,封じの玄室,Sealed Sepulcher
SPOT_NAME_610,錬金研究室,Alchemy Laboratory
SPOT_NAME_611,宮殿前広場,Palace Plaza
SPOT_NAME_612,メルガン・アルケミデア,Mergan Alchemdia
SPOT_NAME_613,聖獣の間,Lair of the Holy Beast
SPOT_NAME_614,鬼鳴き橋,Roaring Demon Bridge
SPOT_NAME_615,血すすぎ河原,Bloodwater Bank
SPOT_NAME_616,黒狼団のアジト,The Black Wolves' Hideout
SPOT_NAME_617,隠れ浜,Hidden Beach
SPOT_NAME_618,鳥寄せ岩,Birdcall Rock
SPOT_NAME_619,小鬼の野営地,Goblin Camp
SPOT_NAME_620,廃村ルフロー,Deserted Village of Ruflow
SPOT_NAME_621,青爪浜,Blue Claw Beach
SPOT_NAME_622,森小人の集落,Forest Goblins' Village
SPOT_NAME_623,唸り猿の縄張り,The Roaring Ape's Territory
SPOT_NAME_624,肉裂き館,Abattoir
SPOT_NAME_625,豚喰いのねぐら,The Pig-Eater's Den
SPOT_NAME_626,山腹の野戦場,Mountainside Battlefield
SPOT_NAME_627,巨鷲の宝物溜め,The Giant Eagle's Treasure Hoard
SPOT_NAME_628,白砂河原,White Sands Riverbank
SPOT_NAME_629,ドリード監視塔,Dreed Watchtower
SPOT_NAME_630,歌姫の崖座,The Songstress' Cliff Perch
SPOT_NAME_631,密猟者のキャンプ,Poachers' Camp
SPOT_NAME_632,イニアス湿地帯,Inias Wetlands
SPOT_NAME_633,名もなき廃村,Nameless Deserted Village
SPOT_NAME_634,巨人の寝床,The Giant's Bed
SPOT_NAME_635,グローン・ノス,Groan Nos
SPOT_NAME_636,エルネア・スプリング,Elnea Spring
SPOT_NAME_637,サーズ・ディナン,Sazu Deenan
SPOT_NAME_638,湖岸の廃墟,Lakeside Ruins
SPOT_NAME_639,バートランド大橋,Betland Bridge
SPOT_NAME_640,セラー湖船墓場,Lake Cera Ship Graveyard
SPOT_NAME_641,砦前・千本棘の陣,Fortress Front: Barbed Line
SPOT_NAME_642,魔犬養育所,Demon Dog Kennel
SPOT_NAME_643,ガルドノック哨戒地,Gardnox Patrol Area
SPOT_NAME_644,双輪の谷,Twin Wheel Valley
SPOT_NAME_645,南メルゴダ遺跡群,South Mergoda Ruins
SPOT_NAME_646,バンデッドホーント,Banded Haunt
SPOT_NAME_647,オーク残党宿営地,Orc Remnants Camp
SPOT_NAME_648,黒淵谷,Black Abyss Valley
SPOT_NAME_649,奇岩谷,Odd Rock Valley
SPOT_NAME_650,東ザンドラ廃墟群,East Zandora Ruins
SPOT_NAME_651,呪詛の庭,Garden of Curses
SPOT_NAME_652,古の祭祀場,Ancient Place of Rituals
SPOT_NAME_653,キノザ鉱泉,Kinoza Mineral Springs
SPOT_NAME_654,メルゴダ下層　礎前,Mergoda Lower Level: Previous Portcrystal
SPOT_NAME_655,メルゴダ王宮層　空庭,Mergoda Royal Palace Level: Empty Court
SPOT_NAME_656,メルゴダ下層　廃墟群,Mergoda Lower Level: Abundant Ruins
SPOT_NAME_657,錬金研究棟,Alchemy Research Building
SPOT_NAME_658,軍事演習棟,Barracks
SPOT_NAME_659,王の間,King's Space
SPOT_NAME_660,癒しの泉,Spring of Healing
SPOT_NAME_661,活力の泉,Spring of Vitality
SPOT_NAME_662,豊穣の泉,Spring of Abundance
SPOT_NAME_663,掘削中の井戸,Partly-Dug Well
SPOT_NAME_664,テオドール錬金工房,Theodor's Alchemy Workshop
SPOT_NAME_665,囚われし戦徒の間,The Space between Captives and Myrmidons
SPOT_NAME_666,リムの淵辺,Depths of the Rift
SPOT_NAME_667,亡都メルゴダ　下層,Mergoda Ruins: Lower Level
SPOT_NAME_668,亡都メルゴダ　王宮層,Mergoda Ruins: Royal Palace Level
SPOT_NAME_669,啼き井戸,Keening Well
SPOT_NAME_670,第二のアーク,The Second Ark
SPOT_NAME_671,第三のアーク,The Third Ark
SPOT_NAME_672,白竜神殿レーゼ（大門前）,The White Dragon Temple (Front Gate)
SPOT_NAME_673,白竜神殿レーゼ（中央広場）,The White Dragon Temple (Central Square)
SPOT_NAME_674,潮騒の隠れ部屋,Roaring Tide Hidden Chamber
SPOT_NAME_675,騎士団補給所跡,Knights' Depot Ruins
SPOT_NAME_676,ドリード連絡路,Dreed Connecting Passage
SPOT_NAME_677,波打ちの門洞,Gate of the Waving Cave
SPOT_NAME_678,瀑布の大岩窟,Waterfall Great Cavern
SPOT_NAME_679,臥竜のうろ,Hermit's Hollow
SPOT_NAME_680,水流制御室,Water Flow Control Room
SPOT_NAME_681,聖滝の間,Chamber of the Holy Waterfall
SPOT_NAME_682,中央大水廊,Central Flood Corridor
SPOT_NAME_683,魔赤島,Bloodbane Isle
SPOT_NAME_684,魔赤島・絶崖,Bloodbane Isle Precipice
SPOT_NAME_685,魔赤島・山頂,Bloodbane Isle Summit
SPOT_NAME_686,覚者の自室,Arisen's Room
SPOT_NAME_687,調査隊駐屯地,Expedition Garrison
SPOT_NAME_688,クラン拠点,Clan Hall
SPOT_NAME_689,アーク　裏層,The Ark's Lower Level
SPOT_NAME_690,モルトバ遺跡,Moltova Ruins
SPOT_NAME_691,ミスリウ古墳墓,Ancient Burial Mound
SPOT_NAME_692,霧幻のテラス,Misty Illusion Terrace
SPOT_NAME_693,灼熱の封鎖道,Scorching Blocked Passage
SPOT_NAME_694,罪人の修獄,Penitentiary
SPOT_NAME_695,レオのアジト,Leo's Hideout
SPOT_NAME_696,ドリード連絡路,Dreed Connecting Passage
SPOT_NAME_697,飛天のテラス,Heavenly Terrace
SPOT_NAME_698,見捨てられた井戸,Forsaken Well
SPOT_NAME_700,叫びの竪穴,Pit of Screams
SPOT_NAME_701,幽玄の霊堂,Mysterious Mausoleum
SPOT_NAME_702,秘匿の実験場,Secret Proving Ground
SPOT_NAME_703,ガルドノック廃水廊,Gardnox Wastewater Tunnel
SPOT_NAME_704,侵食魔の巣窟,Infected Den
SPOT_NAME_705,氷気の遺路,Frigid Ancient Passage
SPOT_NAME_706,不浄の掃き溜め,Cesspool of Filth
SPOT_NAME_707,せせらぎの地下聖堂,Crypt of Murmurs
SPOT_NAME_708,群像の岩屋,Picturesque Grotto
SPOT_NAME_709,侵食魔の巣窟　奥底,Infected Den Depths
SPOT_NAME_710,滝鳴洞穴,Waterfall Echo Cavern
SPOT_NAME_711,小塔傍の枯れ井戸,Dried Well by the Tower
SPOT_NAME_712,陽射す地下洞,Sunlit Underground Cave
SPOT_NAME_713,橋向かいの坑道,The Tunnel across the Bridge
SPOT_NAME_714,菌糸の襲窟,Fungal Colony Caves
SPOT_NAME_715,刃擦れの細道,Blade Scarred Path
SPOT_NAME_717,腐臭の溜まり場,Rancid Haunt
SPOT_NAME_719,行商人の難所,Peddler's Peril
SPOT_NAME_721,鉱山の大踊り場,Mines' Large Landing
SPOT_NAME_723,異邦の岬,Foreign Cape
SPOT_NAME_724,霧たなびく深森,Deep Misty Woods
SPOT_NAME_726,薄煙の荒れ地,Wispy Wasteland
SPOT_NAME_728,大樹の広場,Big Tree Dell
SPOT_NAME_730,戦鬼の陣屋,War Demons' Encampment
SPOT_NAME_732,狂信者の潜伏地,Fanatic's Hiding Ground
SPOT_NAME_734,屍のすすり泣く地,Weeping Corpse Ground
SPOT_NAME_735,滝を臨む蝕地,Corrupted Ground Facing the Waterfall
SPOT_NAME_736,捕食者たちの低地,Predators' Lowland
SPOT_NAME_759,武霊の庵,Spirit Arts Hut
SPOT_NAME_771,眺樹の丘,Tree Hill View
SPOT_NAME_803,聖遺の塔,Sage Tower Ruins
SPOT_NAME_804,グリッテン砦 正門前,Before Gritten Fort Main Gate
SPOT_NAME_805,ブリア海岸 南側,South Breya Coast
SPOT_NAME_806,ミスリウ森林 東側,East Mysree Forest
SPOT_NAME_807,ボルド鉱山 北側,North Volden Mines
SPOT_NAME_808,ダウ渓谷 西側,West Dowe Valley
SPOT_NAME_809,禊の神殿 湖畔,Temple of Purification Lakeside
SPOT_NAME_810,ザンドラ禁域 西側,West Zandora Wastelands
SPOT_NAME_813,石像立つ木陰,Bowered Stone Statues
SPOT_NAME_814,翼風高原,Wing Wind Plateau
SPOT_NAME_815,再帰の浜辺,Recrudescent Beach
SPOT_NAME_816,魔赤島・絶崖,Bloodbane Isle Precipice
SPOT_NAME_817,アーク前,Before the Ark
SPOT_NAME_818,酒場,Tavern
SPOT_NAME_819,美容院前,Beauty Salon
SPOT_NAME_820,霧幻のテラス　浅層,Misty Illusion Terrace: Surface Level
SPOT_NAME_821,霧幻のテラス　中層,Misty Illusion Terrace: Middle Level
SPOT_NAME_822,霧幻のテラス　深層,Misty Illusion Terrace: Deepest Level
SPOT_NAME_823,水声の瞑堂,Gurgling Meditation Temple
SPOT_NAME_824,侵食魔の巣窟　脇道,Infected Den: Byway
SPOT_NAME_825,異界の狭間　深層部,The Rift's Inner Depths
SPOT_NAME_826,騎士団補給所跡,Knights' Depot Ruins
SPOT_NAME_828,アーク　裏層　貯蔵所,The Ark's Lower Level: Storage
SPOT_NAME_829,アーク　裏層　宝物庫,The Ark's Lower Level: Treasury
SPOT_NAME_830,侵食魔の巣窟　脇道,Infected Den: Byway
SPOT_NAME_831,灼熱の封鎖道　脇道,Scorching Blocked Passage: Byway
SPOT_NAME_832,氷気の遺路　深部,Frigid Ancient Passage Depths
SPOT_NAME_833,モルトバ遺跡　左路,Moltova Ruins: Left Path
SPOT_NAME_834,モルトバ遺跡　右路,Moltova Ruins: Right Path
SPOT_NAME_835,霧幻のテラス　浅層,Misty Illusion Terrace: Surface Level
SPOT_NAME_836,霧幻のテラス　中層,Misty Illusion Terrace: Middle Level
SPOT_NAME_837,霧幻のテラス　深層,Misty Illusion Terrace: Deepest Level
SPOT_NAME_838,侵食魔の巣窟　奥底　深層,Infected Den Depths: Deepest Level
SPOT_NAME_839,異界の狭間・深層部　左淵,The Rift's Inner Depths: Left Pool
SPOT_NAME_840,異界の狭間・深層部　右淵,The Rift's Inner Depths: Right Pool
SPOT_NAME_841,滝鳴洞穴　東,Waterfall Echo Cavern East
SPOT_NAME_842,滝鳴洞穴　西,Waterfall Echo Cavern West
SPOT_NAME_843,滝鳴洞穴　北,Waterfall Echo Cavern North
SPOT_NAME_844,滝鳴洞穴　南,Waterfall Echo Cavern South
SPOT_NAME_845,菌糸の襲窟　脇道,Fungal Colony Caves: Byway
SPOT_NAME_846,菌糸の襲窟　鍾乳通路,Fungal Colony Caves: Limestone Passage
SPOT_NAME_847,菌糸の襲窟　中層,Fungal Colony Caves: Middle Level
SPOT_NAME_848,菌糸の襲窟　深層,Fungal Colony Caves: Deepest Level
SPOT_NAME_849,橋向かいの坑道　広間,The Tunnel across the Bridge: Hall
SPOT_NAME_850,橋向かいの坑道　鉱石路,The Tunnel across the Bridge: Ore Path
SPOT_NAME_851,橋向かいの坑道　鍾乳洞,The Tunnel across the Bridge: Limestone Cave
SPOT_NAME_852,ガルドノック廃水廊　深部,Gardnox Wastewater Tunnel Depths
SPOT_NAME_853,秘匿の実験場　中層,Secret Proving Ground: Middle Level
SPOT_NAME_854,秘匿の実験場　深層,Secret Proving Ground: Deepest Level
SPOT_NAME_855,飛天のテラス　深層,Heavenly Terrace: Deepest Level
SPOT_NAME_856,ミスリウ古墳墓　不死の間,Ancient Burial Mound: Chamber of Immortality
SPOT_NAME_857,ミスリウ古墳墓　狩猟の間,Ancient Burial Mound: Chamber of Hunting
SPOT_NAME_858,幽玄の霊堂　中層,Mysterious Mausoleum: Middle Level
SPOT_NAME_859,幽玄の霊堂　深層,Mysterious Mausoleum: Deepest Level
SPOT_NAME_860,アーク　裏層　危険区域,The Ark's Lower Level: Dangerous Area
SPOT_NAME_861,侵食魔の巣窟　奥底　危険区域,Infected Den Depths: Dangerous Area
SPOT_NAME_862,橋向かいの坑道　危険区域,The Tunnel across the Bridge: Dangerous Area
SPOT_NAME_863,灼熱の封鎖道　危険区域,Scorching Blocked Passage: Dangerous Area
SPOT_NAME_864,氷気の遺路　　危険区域,Frigid Ancient Passage: Dangerous Area
SPOT_NAME_865,モルトバ遺跡　危険区域,Moltova Ruins: Dangerous Area
SPOT_NAME_866,ガルドノック廃水廊　危険区域,Gardnox Wastewater Tunnel: Dangerous Area
SPOT_NAME_867,叫びの竪穴　危険区域,Pit of Screams: Dangerous Area
SPOT_NAME_868,見捨てられた井戸　危険区域,Forsaken Well: Dangerous Area
SPOT_NAME_869,秘匿の実験場　危険区域,Secret Proving Ground: Dangerous Area
SPOT_NAME_870,霧幻のテラス　危険区域,Misty Illusion Terrace: Dangerous Area
SPOT_NAME_871,ミスリウ古墳墓　危険区域,Ancient Burial Mound: Dangerous Area
SPOT_NAME_872,罪人の修獄　危険区域,Penitentiary: Dangerous Area
SPOT_NAME_873,幽玄の霊堂　危険区域,Mysterious Mausoleum: Dangerous Area
SPOT_NAME_874,飛天のテラス　危険区域,Heavenly Terrace: Dangerous Area
SPOT_NAME_875,メルゴダ民の住居,Mergodan Residence
SPOT_NAME_876,守り人の庵,Protector's Retreat
SPOT_NAME_877,ダナ,Dana
SPOT_NAME_878,モルフォール,Morfaul
SPOT_NAME_879,グリンデュア,Glyndwr
SPOT_NAME_880,聖域,Sacred Grounds
SPOT_NAME_881,エラン水林,Elan Water Grove
SPOT_NAME_882,ファーラナ平原,Farana Plains
SPOT_NAME_883,モロー樹林,Morrow Forest
SPOT_NAME_884,キンガル峡谷,Kingal Canyon
SPOT_NAME_885,始まりの洞　集いの間,Hollow of Beginnings: Gathering Area
SPOT_NAME_886,モローへの小路,Path to Morrow
SPOT_NAME_887,虹舞い洞窟,Dancing Rainbow Cave
SPOT_NAME_888,藤棚の枯井戸,Wisteria Arbor Withering Well
SPOT_NAME_889,密林の鍾乳洞,Jungle Limestone Caves
SPOT_NAME_890,旧船頭寄合所,Old Ferryman's Haunt
SPOT_NAME_891,エラン採石洞,Elan Quarry Cave
SPOT_NAME_892,キンガル遺跡路,Kingal Ruins Road
SPOT_NAME_893,ダナンデール洞窟,Danandell Cave
SPOT_NAME_894,ファーラナ遺跡,Farana Ruins
SPOT_NAME_895,マグサス古水路,Magusas Ancient Watercourse
SPOT_NAME_896,ヴェイガサス回廊,Vegasa Corridor
SPOT_NAME_897,ヴァルテブル・ホール,Valtable Hall
SPOT_NAME_898,タラーテ集水路,Thalati Waterway
SPOT_NAME_899,タラーテ集水路,Thalati Waterway
SPOT_NAME_900,知恵の小塔,Small Tower of Wisdom
SPOT_NAME_901,聖河の遺跡,Sacred River Ruins
SPOT_NAME_902,精霊竜のねぐら,Spirit Dragon's Roost
SPOT_NAME_903,ダナウィンの挑堂,Dunhain's Hall of Trials
SPOT_NAME_904,マヌンの集落,Manun Village
SPOT_NAME_905,始まりの洞,Hollow of Beginnings
SPOT_NAME_906,モローケイヴァン,Morrow Cavern
SPOT_NAME_907,侵鬼の洞穴,Invading Demons Cave
SPOT_NAME_908,サウザネル侵林,Sauzanel Infected Woods
SPOT_NAME_909,ディプニエ大侵林,Deepney Great Forest
SPOT_NAME_910,ノーザナス侵林,Northerners Infected Woods
SPOT_NAME_911,ネビュラ小神殿,Nebula Temple
SPOT_NAME_912,シェドレアン大神殿,Shadolean Great Temple
SPOT_NAME_913,グリンメル遺跡,Grinmel Ruins
SPOT_NAME_914,アンビュロス大遺跡,Amburos Great Ruins
SPOT_NAME_915,ハディン地下古道,Hadin Underground Old Road
SPOT_NAME_916,古代地下宮,Ancient Underground Shrine
SPOT_NAME_917,廃村ナバド,Deserted Village of Nabhadh
SPOT_NAME_918,古住居遺跡,Old Residence Ruins
SPOT_NAME_919,旧闘技場跡地,Former Arena
SPOT_NAME_920,ニュートの巣穴,Newt Den
SPOT_NAME_921,鎧幽の巨岩,Dark Armor Crag
SPOT_NAME_922,甲竜の湿原,Shell Dragon's Bog
SPOT_NAME_923,ファーラナ中央洲,Central Farana Sandbank
SPOT_NAME_924,大翼の谷,Great Wings Valley
SPOT_NAME_925,紫花の園,Purple Flower Garden
SPOT_NAME_926,喧噪の跡地,Tumult Site
SPOT_NAME_928,水獣の棲み処,Water Beasts' Habitat
SPOT_NAME_929,魔狼の縄張り,Demon Wolf Territory
SPOT_NAME_930,羽音の高台,Buzzing Plateau
SPOT_NAME_931,忘却の廃村,Forgotten Abandoned Village
SPOT_NAME_932,彩光の滝,Shimmering Waterfall
SPOT_NAME_933,木漏れ日の川辺,Riverside of Dappled Sunlight
SPOT_NAME_934,エラン大門前,Before Elan Front Gate
SPOT_NAME_935,訪いの広場,Visiting Square
SPOT_NAME_936,賢者の墓標,Sage's Gravestone
SPOT_NAME_937,侵染の窪地,Infected Basin
SPOT_NAME_938,森精の隠れ家,Forest Sprite's Refuge
SPOT_NAME_939,欠緑の林,Vacant Green Forest
SPOT_NAME_940,ピクシーズキャンプ,Pixies' Camp
SPOT_NAME_941,廃村エスリグ,Deserted Village of Aethrig
SPOT_NAME_942,モロー古跡,Morrow Old Ruins
SPOT_NAME_943,立ち病みの森,Suffering Forest
SPOT_NAME_944,暗樹の大淵,Dark Woods Great Depths
SPOT_NAME_945,キンガル西岸,Kingal West Bank
SPOT_NAME_946,岩砕きの河岸,Crushing Rock Riverbank
SPOT_NAME_947,腐肉のほとり,Carrion Bank
SPOT_NAME_948,大神殿前広場,Great Temple Plaza
SPOT_NAME_949,水底の古道,Watersdeep Old Road
SPOT_NAME_950,廃村クラーハ,Deserted Village of Kraag
SPOT_NAME_952,聖域の門,Gate of Sacred Grounds
SPOT_NAME_953,円形舞踊場,Dancing Circle
SPOT_NAME_955,シェドレアン大神殿　宝物庫,Shadolean Great Temple: Treasury
SPOT_NAME_956,殲滅指定区域　右方,Designated Extermination Area: Right Side
SPOT_NAME_957,殲滅指定区域　左方,Designated Extermination Area: Left Side
SPOT_NAME_958,滝裏の青洞,Blue Cave in the Waterfall
SPOT_NAME_959,イヴァノスの塔,Tower of Ivanos
SPOT_NAME_960,聖雫の間,Between Sacred Drops
SPOT_NAME_961,ファーラナ平原 中央,Farana Plains Center
SPOT_NAME_962,船着き場,Wharf
SPOT_NAME_963,エラン水林 深層,Elan Water Grove Depths
SPOT_NAME_964,モロー樹林 深層,Morrow Forest Depths
SPOT_NAME_965,キンガル峡谷 深層,Kingal Canyon Depths
SPOT_NAME_966,クラン拠点,Clan Hall
SPOT_NAME_967,殲滅指定区域　最奥下層,Designated Extermination Area: Innermost Lower
SPOT_NAME_968,殲滅指定区域　最奥上層右,Designated Extermination Area: Innermost Upper Right
SPOT_NAME_969,殲滅指定区域　最奥上層左,Designated Extermination Area: Innermost Upper Left
SPOT_NAME_970,シェドレアン大神殿　最奥前,Shadolean Great Temple: Before Innermost
SPOT_NAME_971,ダナンデール洞窟　通路,Danandell Cave: Passage
SPOT_NAME_972,ダナンデール洞窟　深部,Danandell Cave Depths
SPOT_NAME_973,ダナンデール洞窟　最深部,Danandell Cave Innermost Depths
SPOT_NAME_974,シェドレアン大神殿　中央部,Shadolean Great Temple: Center
SPOT_NAME_975,ファーラナ遺跡　深部,Farana Ruins Depths
SPOT_NAME_976,虹舞い洞窟　深部,Dancing Rainbow Cave Depths
SPOT_NAME_977,侵鬼の洞穴　中央通路,Invading Demons Cave Center Passage
SPOT_NAME_978,侵鬼の洞穴　最深部,Invading Demons Cave Innermost Depths
SPOT_NAME_979,ネビュラ小神殿　中央部,Nebula Temple: Center
SPOT_NAME_980,ネビュラ小神殿　回廊,Nebula Temple Corridor
SPOT_NAME_981,ネビュラ小神殿　深部,Nebula Temple Depths
SPOT_NAME_982,マグサス古水路　隠し通路,Magusas Ancient Watercourse: Hidden Passage
SPOT_NAME_983,マグサス古水路　排水処理場,Magusas Ancient Watercourse: Wastewater Processing Site
SPOT_NAME_984,藤棚の枯井戸　中央通路,Wisteria Arbor Withering Well Center Passage
SPOT_NAME_985,藤棚の枯井戸　最深部,Wisteria Arbor Withering Well Innermost Depths
SPOT_NAME_986,グリンメル遺跡　中央通路,Grinmel Ruins Center Passage
SPOT_NAME_987,グリンメル遺跡　中深部,Grinmel Ruins Center Depths
SPOT_NAME_988,グリンメル遺跡　最深部,Grinmel Ruins Innermost Depths
SPOT_NAME_989,モローケイヴァン　深部,Morrow Cavern Depths
SPOT_NAME_990,モローケイヴァン　最深部,Morrow Cavern Innermost Depths
SPOT_NAME_991,密林の鍾乳洞　深部,Jungle Limestone Caves Depths
SPOT_NAME_992,ヴェイガサス回廊　左通路,Vegasa Corridor Left Passage
SPOT_NAME_993,ヴェイガサス回廊　右通路,Vegasa Corridor Right Passage
SPOT_NAME_994,ヴェイガサス回廊　中央通路,Vegasa Corridor Center Passage
SPOT_NAME_995,ヴァルテブル・ホール　地下,Valtable Hall Underground
SPOT_NAME_996,ヴァルテブル・ホール　地下深部,Valtable Hall Deep Underground
SPOT_NAME_997,ヴァルテブル・ホール　地下最深部,Valtable Hall Deepest Underground
SPOT_NAME_998,ヴァルテブル・ホール　上部,Valtable Hall Upper Area
SPOT_NAME_999,旧船頭寄合所　中央広場,Old Ferryman's Haunt: Central Square
SPOT_NAME_1000,旧船頭寄合所　深部通路,Old Ferryman's Haunt: Depths Passage
SPOT_NAME_1001,旧船頭寄合所　最深部,Old Ferryman's Haunt Innermost Depths
SPOT_NAME_1002,アンビュロス大遺跡　中央部,Amburos Great Ruins: Center
SPOT_NAME_1003,アンビュロス大遺跡　深部,Amburos Great Ruins Depths
SPOT_NAME_1004,タラーテ集水路　中央通路,Thalati Waterway Central Passage
SPOT_NAME_1005,タラーテ集水路　最深部,Thalati Waterway Innermost Depths
SPOT_NAME_1006,聖河の遺跡　中央通路,Sacred River Ruins Center Passage
SPOT_NAME_1007,聖河の遺跡　中心部,Sacred River Ruins: Central Part
SPOT_NAME_1008,エラン採石洞　中央部,Elan Quarry Cave: Center
SPOT_NAME_1009,エラン採石洞　最深部,Elan Quarry Cave Innermost Depths
SPOT_NAME_1010,ハディン地下古道　中央部,Hadin Underground Old Road: Center
SPOT_NAME_1011,ハディン地下古道　深部,Hadin Underground Old Road Depths
SPOT_NAME_1012,古代地下宮　2階,Ancient Underground Shrine 2nd Floor
SPOT_NAME_1013,古代地下宮　最深部,Ancient Underground Shrine Innermost Depths
SPOT_NAME_1014,古代地下宮　隠し部屋,Ancient Underground Shrine Secret Chamber
SPOT_NAME_1015,虹舞い洞窟　危険区域,Dancing Rainbow Cave: Dangerous Area
SPOT_NAME_1016,グリンメル遺跡　危険区域,Grinmel Ruins: Dangerous Area
SPOT_NAME_1017,モローケイヴァン　危険区域,Morrow Cavern: Dangerous Area
SPOT_NAME_1018,ファーラナ遺跡　危険区域,Farana Ruins: Dangerous Area
SPOT_NAME_1019,旧船頭寄合所　危険区域,Old Ferryman's Haunt: Dangerous Area
SPOT_NAME_1020,タラーテ集水路　危険区域,Thalati Waterway: Dangerous Area
SPOT_NAME_1021,ハディン地下古道　危険区域,Hadin Underground Old Road: Dangerous Area
SPOT_NAME_1022,ノーザナス侵林　危険区域,Northerners Infected Woods: Dangerous Area
SPOT_NAME_1023,マグサス古水路　入り口,Magusas Ancient Watercourse Entrance
SPOT_NAME_1024,マグサス古水路　最奥,Innermost Magusas Ancient Watercourse
SPOT_NAME_1025,商店区 裏通り,Shopping District Alley
SPOT_NAME_1026,謁見の間 手前,Before the Audience Chamber
SPOT_NAME_1027,聖河の遺跡 船着き場,Sacred River Ruins Wharf
SPOT_NAME_1028,ファーラナ平原 船着き場,Farana Plains Wharf
SPOT_NAME_1029,エラン水林 船着き場,Elan Water Grove Wharf
SPOT_NAME_1030,モローへの小路 船着き場,Path to Morrow Wharf
SPOT_NAME_1031,隠れ村ピレモス,Hidden Village Piremoth
SPOT_NAME_1032,ロスギル,Rothgill
SPOT_NAME_1034,小鬼の物見台,Goblin Lookout
SPOT_NAME_1035,遠吠えの前線,The Howling Front
SPOT_NAME_1036,廃村デニスィル,Deserted Village of Denisyr
SPOT_NAME_1037,休憩所跡地,Former Rest Station
SPOT_NAME_1038,落露の大穴,Dewdrop Crater
SPOT_NAME_1039,フェルヤナ関所前,Feryana Border Checkpoint
SPOT_NAME_1040,最果ての岸,Farthest Bank
SPOT_NAME_1041,オジナの支配圏,Ogina's Domination Area
SPOT_NAME_1042,魔軍進行中継場,Demon Army Relay Station
SPOT_NAME_1043,嘆きの湿原,Wailing Wetland
SPOT_NAME_1044,大門前野営地,Gate Camp
SPOT_NAME_1045,銀隠者の根城,Silver Hermit's Stronghold
SPOT_NAME_1046,忌み標の領域,Abhorrent territory
SPOT_NAME_1047,火垂れ山の穿ち石,Firefall Mountain Eroded Rock
SPOT_NAME_1048,幽縁ヶ浜,Isolated Beach
SPOT_NAME_1049,慈恵の斎場,Jikei's Funeral Parlor
SPOT_NAME_1050,魔軍出撃待機所,Demon Army Standby Spot
SPOT_NAME_1051,虜囚尋問牢,Captive Interrogation Prison
SPOT_NAME_1052,サラマンダーコロニー,Pyre Saurian Colony
SPOT_NAME_1053,空望広場,Skygazing Spot
SPOT_NAME_1054,静かな抗戦跡,Silent Resistance Battle Site
SPOT_NAME_1055,痛刻の洞,Cave of Suffering
SPOT_NAME_1056,原初の集落,Primordial settlement
SPOT_NAME_1057,建設資材集積場,Construction Material Depot
SPOT_NAME_1058,ラスニテ山麓,Rathnite Foothills
SPOT_NAME_1059,ラスニテ山麓　湖畔部,Rathnite Foothills Lakeside
SPOT_NAME_1060,フェルヤナ荒原,Feryana Wilderness
SPOT_NAME_1061,メガドシス高地,Megadosys Plateau
SPOT_NAME_1062,ウルテカ山岳,Urteca Mountains
SPOT_NAME_1063,ラスニテ地下水路,Rathnite Underground Waterway
SPOT_NAME_1064,水源へ続く地下道,Reservoir Underground Tunnel
SPOT_NAME_1065,冥府下りの洞穴,Cave of Hell's Descent
SPOT_NAME_1066,イミズディット遺跡,Yimidhitt Ruins
SPOT_NAME_1067,ウルタ古水路,Ulta Ancient Watercourse
SPOT_NAME_1068,ラスニテ納骨廟,Rathnite Columbarium
SPOT_NAME_1069,劫炎の祠堂,Shrine of the Eternal Blaze
SPOT_NAME_1070,轟咆洞,Thundering Roar Cave
SPOT_NAME_1071,安息無き地下水道,Restless Water Channel
SPOT_NAME_1072,いつわりの遺構,False Remains
SPOT_NAME_1073,静穏の隠れ洞,Quiet Concealed Cave
SPOT_NAME_1074,メガド上水網,Megado Water Supply Network
SPOT_NAME_1075,メガド大聖堂,Megado Cathedral
SPOT_NAME_1076,戦練の社,Shrine of Combat
SPOT_NAME_1077,憩いの坑洞,Cave of Rest
SPOT_NAME_1078,火垂れ山拝竜院,Firefall Mountain Dragon Temple
SPOT_NAME_1079,聖炎の参竜道,Sacred Flame Path
SPOT_NAME_1080,悼まれぬ者の葬室,The Burial Chamber of the Unmourned
SPOT_NAME_1081,魔軍緊急野営地,Demon Army Camp
SPOT_NAME_1082,獣将の園生,Beastmaster's Garden
SPOT_NAME_1085,軍妖鳥の関所,Army Demon Bird's Checkpoint
SPOT_NAME_1086,軍鬼の哨戒地,Army Demon's Patrol Ground
SPOT_NAME_1087,ニルビリス大橋関所,Nilviris Bridge Checkpoint
SPOT_NAME_1088,軍獣強化場,Beast Training Ground
SPOT_NAME_1089,原種の縄張り,Ancestral Territory
SPOT_NAME_1090,還れぬ炎の吹き溜まり,Pool of Inextinguishable Flames
SPOT_NAME_1091,ティネス砦,Fort Thines
SPOT_NAME_1092,展望城,Lookout Castle
SPOT_NAME_1093,メフィテ,Mephite
SPOT_NAME_1094,ベルタ盗賊団のアジト,Bertha's Bandit Group Hideout
SPOT_NAME_1095,湖畔の洞窟,Lakeside Grotto
SPOT_NAME_1096,秘泉への暗道,Dark Path to the Secret Spring
SPOT_NAME_1097,城塞都市メガド 居住層,Fortress City Megado: Residential Level
SPOT_NAME_1098,城塞都市メガド 王宮層,Fortress City Megado: Royal Palace Level
SPOT_NAME_1099,メガド回廊,Megado Corridor
SPOT_NAME_1100,魔軍戦車駐留地,Demon Army War Machine Garrison
SPOT_NAME_1101,古テキア洞窟,Old Tekia Grotto
SPOT_NAME_1102,隠匿の王間,The King's Room of Concealment
SPOT_NAME_1103,魔角の間,Hall of the Magic Horns
SPOT_NAME_1104,王家の隠れ道,Royal Family's Secret Path
SPOT_NAME_1105,ダクレイム砦,Dacreim Fortress
SPOT_NAME_1106,ジフール砦,Jifule Fortress
SPOT_NAME_1107,ラスニテ山麓 北側,North Rathnite Foothills
SPOT_NAME_1108,英霊眠りし道　ラスニテ山麓,Heroic Spirit Sleeping Path: Rathnite Foothills
SPOT_NAME_1109,英霊眠りし道　フェルヤナ荒原,Heroic Spirit Sleeping Path: Feryana Wilderness
SPOT_NAME_1110,メガドシスの記憶,Memory of Megadosys
SPOT_NAME_1111,ウルテカの記憶,Memory of Urteca
SPOT_NAME_1112,王家の隠れ道 秘密の扉前,Royal Family's Secret Path: Before the Hidden Door
SPOT_NAME_1113,湖畔の洞窟 深層部,Lakeside Grotto Inner Depths
SPOT_NAME_1114,湖畔の洞窟 鍾乳洞,Lakeside Grotto: Limestone Cave
SPOT_NAME_1115,湖畔の洞窟 通路,Lakeside Grotto: Passage
SPOT_NAME_1116,秘泉への暗道 深層部,Dark Path to the Secret Spring Inner Depths
SPOT_NAME_1117,王家の隠れ道 書庫,Royal Family's Secret Path: Library
SPOT_NAME_1118,王家の隠れ道 聖堂,Royal Family's Secret Path: Shrine
SPOT_NAME_1119,王家の隠れ道 宝物庫,Royal Family's Secret Path: Treasury
SPOT_NAME_1120,冥府下りの洞穴 奥底,Cave of Hell's Descent Depths
SPOT_NAME_1121,ラスニテ地下水路 通路,Rathnite Underground Waterway: Passage
SPOT_NAME_1122,イミズディット遺跡 通路,Yimidhitt Ruins: Passage
SPOT_NAME_1123,イミズディット遺跡 深層部,Yimidhitt Ruins Inner Depths
SPOT_NAME_1124,ウルタ古水路 通路,Ulta Ancient Watercourse: Passage
SPOT_NAME_1125,ラスニテ納骨廟 中央広場,Rathnite Columbarium: Central Square
SPOT_NAME_1126,ラスニテ納骨廟 深層部,Rathnite Columbarium Inner Depths
SPOT_NAME_1127,劫炎の祠堂 脇道,Shrine of the Eternal Blaze: Byway
SPOT_NAME_1128,轟咆洞 深層部,Thundering Roar Cave Inner Depths
SPOT_NAME_1129,轟咆洞 脇道,Thundering Roar Cave: Byway
SPOT_NAME_1130,安息無き地下水道 深層部,Restless Water Channel Inner Depths
SPOT_NAME_1131,いつわりの遺構 通路,False Remains: Passage
SPOT_NAME_1132,いつわりの遺構 武器庫,False Remains: Armory
SPOT_NAME_1133,いつわりの遺構 深層部,False Remains Inner Depths
SPOT_NAME_1134,展望城 上層,Lookout Castle: Upper Level
SPOT_NAME_1135,展望城 地下牢,Lookout Castle: Dungeon
SPOT_NAME_1136,展望城 大広間,Lookout Castle: Great Hall
SPOT_NAME_1137,展望城 王宮層,Lookout Castle: Royal Palace Level
SPOT_NAME_1138,展望城 中層,Lookout Castle: Middle Level
SPOT_NAME_1139,展望城 城門前,Lookout Castle: Before the Castle Gate
SPOT_NAME_1140,フェルヤナ荒原 西側,West Feryana Wilderness
SPOT_NAME_1141,英霊眠りし道 祠 通路,Heroic Spirit Sleeping Path Shrine: Passage
SPOT_NAME_1142,英霊眠りし道 祠 深層,Heroic Spirit Sleeping Path Shrine: Deepest Level
SPOT_NAME_1143,英霊眠りし道 祠 第一の間,Heroic Spirit Sleeping Path Shrine: First Space
SPOT_NAME_1144,英霊眠りし道 祠 第二の間,Heroic Spirit Sleeping Path Shrine: Second Space
SPOT_NAME_1145,英霊眠りし道 祠 第三の間,Heroic Spirit Sleeping Path Shrine: Third Space
SPOT_NAME_1146,英霊眠りし道 祠 第四の間,Heroic Spirit Sleeping Path Shrine: Fourth Space
SPOT_NAME_1147,英霊眠りし道 洞窟 通路,Heroic Spirit Sleeping Path Cave: Passage
SPOT_NAME_1148,英霊眠りし道 洞窟 第一の間,Heroic Spirit Sleeping Path Cave: First Space
SPOT_NAME_1149,英霊眠りし道 洞窟 第二の間,Heroic Spirit Sleeping Path Cave: Second Space
SPOT_NAME_1150,英霊眠りし道 洞窟 第三の間,Heroic Spirit Sleeping Path Cave: Third Space
SPOT_NAME_1151,英霊眠りし道 洞窟 第四の間,Heroic Spirit Sleeping Path Cave: Fourth Space
SPOT_NAME_1152,英霊眠りし道 洞窟 深層,Heroic Spirit Sleeping Path Cave: Deepest Level
SPOT_NAME_1153,英霊眠りし道 洞窟 深層 第一の間,Heroic Spirit Sleeping Path Cave Deepest Level: First Space
SPOT_NAME_1154,英霊眠りし道 洞窟 深層 第二の間,Heroic Spirit Sleeping Path Cave Deepest Level: Second Space
SPOT_NAME_1155,英霊眠りし道 洞窟 深層 第三の間,Heroic Spirit Sleeping Path Cave Deepest Level: Third Space
SPOT_NAME_1156,英霊眠りし道 洞窟 深層 第四の間,Heroic Spirit Sleeping Path Cave Deepest Level: Fourth Space
SPOT_NAME_1157,英霊眠りし道 水路 脇道,Heroic Spirit Sleeping Path Waterway: Byway
SPOT_NAME_1158,英霊眠りし道 水路 第一の間,Heroic Spirit Sleeping Path Waterway: First Space
SPOT_NAME_1159,英霊眠りし道 水路 第二の間,Heroic Spirit Sleeping Path Waterway: Second Space
SPOT_NAME_1160,英霊眠りし道 水路 第三の間,Heroic Spirit Sleeping Path Waterway: Third Space
SPOT_NAME_1161,英霊眠りし道 水路 第四の間,Heroic Spirit Sleeping Path Waterway: Fourth Space
SPOT_NAME_1162,英霊眠りし道 洞窟 深層 脇道,Heroic Spirit Sleeping Path Cave Deepest Level: Byway
SPOT_NAME_1163,英霊眠りし道 祠 石像の間,Heroic Spirit Sleeping Path Shrine: Stone Statue Space
SPOT_NAME_1164,英霊眠りし道 洞窟 石像の間,Heroic Spirit Sleeping Path Cave: Stone Statue Space
SPOT_NAME_1165,英霊眠りし道 洞窟 深層 石像の間,Heroic Spirit Sleeping Path Cave Deepest Level: Stone Statue Space
SPOT_NAME_1166,英霊眠りし道 水路 石像の間,Heroic Spirit Sleeping Path Waterway: Stone Statue Space
SPOT_NAME_1167,英霊眠りし道 水路 武神の間,Heroic Spirit Sleeping Path Waterway: War God Space
SPOT_NAME_1168,エリ警備塔,Eli Guard Tower
SPOT_NAME_1169,メルゴダ・黄金宮,Mergoda Golden Palace
SPOT_NAME_1170,ティネス砦　大食堂,Fort Thines: Great Dining Hall
SPOT_NAME_1171,英霊眠りし道 遺跡,Heroic Spirit Sleeping Path Ruins
SPOT_NAME_1172,英霊眠りし道 遺跡 通路,Heroic Spirit Sleeping Path Ruins: Passage
SPOT_NAME_1173,英霊眠りし道 遺跡 螺旋回廊,Heroic Spirit Sleeping Path Ruins: Spiral Corridor
SPOT_NAME_1174,英霊眠りし道 遺跡 第一の間,Heroic Spirit Sleeping Path Ruins: First Space
SPOT_NAME_1175,英霊眠りし道 遺跡 第二の間,Heroic Spirit Sleeping Path Ruins: Second Space
SPOT_NAME_1176,英霊眠りし道 遺跡 第三の間,Heroic Spirit Sleeping Path Ruins: Third Space
SPOT_NAME_1177,英霊眠りし道 遺跡 第四の間,Heroic Spirit Sleeping Path Ruins: Fourth Space
SPOT_NAME_1178,英霊眠りし道 遺跡 石像の間,Heroic Spirit Sleeping Path Ruins: Stone Statue Space
SPOT_NAME_1179,英霊眠りし道 井戸 入口,Heroic Spirit Sleeping Path Well: Entrance
SPOT_NAME_1180,英霊眠りし道 井戸,Heroic Spirit Sleeping Path Well
SPOT_NAME_1181,英霊眠りし道 井戸 通路,Heroic Spirit Sleeping Path Well: Passage
SPOT_NAME_1182,英霊眠りし道 井戸 深部,Heroic Spirit Sleeping Path Well Depths
SPOT_NAME_1183,英霊眠りし道 井戸 第一の間,Heroic Spirit Sleeping Path Well: First Space
SPOT_NAME_1184,英霊眠りし道 井戸 第二の間,Heroic Spirit Sleeping Path Well: Second Space
SPOT_NAME_1185,英霊眠りし道 井戸 第三の間,Heroic Spirit Sleeping Path Well: Third Space
SPOT_NAME_1186,英霊眠りし道 井戸 第四の間,Heroic Spirit Sleeping Path Well: Fourth Space
SPOT_NAME_1187,英霊眠りし道 井戸 石像の間,Heroic Spirit Sleeping Path Well: Stone Statue Space
SPOT_NAME_1188,英霊眠りし道 墓所,Heroic Spirit Sleeping Path Tomb
SPOT_NAME_1189,英霊眠りし道 墓所 通路,Heroic Spirit Sleeping Path Tomb: Passage
SPOT_NAME_1190,英霊眠りし道 墓所 広間,Heroic Spirit Sleeping Path Tomb: Hall
SPOT_NAME_1191,英霊眠りし道 墓所 第一の間,Heroic Spirit Sleeping Path Tomb: First Space
SPOT_NAME_1192,英霊眠りし道 墓所 第二の間,Heroic Spirit Sleeping Path Tomb: Second Space
SPOT_NAME_1193,英霊眠りし道 墓所 第三の間,Heroic Spirit Sleeping Path Tomb: Third Space
SPOT_NAME_1194,英霊眠りし道 墓所 第四の間,Heroic Spirit Sleeping Path Tomb: Fourth Space
SPOT_NAME_1195,英霊眠りし道 墓所 石像の間,Heroic Spirit Sleeping Path Tomb: Stone Statue Space
SPOT_NAME_1196,英霊眠りし道 遺跡 深層,Heroic Spirit Sleeping Path Ruins: Deepest Level
SPOT_NAME_1197,英霊眠りし道 遺跡 深層 広間,Heroic Spirit Sleeping Path Ruins Deepest Level: Hall
SPOT_NAME_1198,英霊眠りし道 遺跡 深層 通路,Heroic Spirit Sleeping Path Ruins Deepest Level: Passage
SPOT_NAME_1199,英霊眠りし道 遺跡 深層 隠し通路,Heroic Spirit Sleeping Path Ruins Deepest Level: Hidden Passage
SPOT_NAME_1200,英霊眠りし道 遺跡 深層 大広間,Heroic Spirit Sleeping Path Ruins Deepest Level: Great Hall
SPOT_NAME_1201,英霊眠りし道 遺跡 深層 第一の間,Heroic Spirit Sleeping Path Ruins Deepest Level: First Space
SPOT_NAME_1202,英霊眠りし道 遺跡 深層 第二の間,Heroic Spirit Sleeping Path Ruins Deepest Level: Second Space
SPOT_NAME_1203,英霊眠りし道 遺跡 深層 第三の間,Heroic Spirit Sleeping Path Ruins Deepest Level: Third Space
SPOT_NAME_1204,英霊眠りし道 遺跡 深層 第四の間,Heroic Spirit Sleeping Path Ruins Deepest Level: Fourth Space
SPOT_NAME_1205,英霊眠りし道 遺跡 深層 石像の間,Heroic Spirit Sleeping Path Ruins Deepest Level: Stone Statue Space
SPOT_NAME_1207,英霊眠りし道 遺跡 深層 武神の間,Heroic Spirit Sleeping Path Ruins Deepest Level: War God Space
SPOT_NAME_1209,展望城 中庭,Lookout Castle: Courtyard
SPOT_NAME_1210,メガドシス古道,Megadosys Old Road
SPOT_NAME_1211,メガドへの隠れ水路,Hidden Waterway to Megado
SPOT_NAME_1212,タリーエの小塔,Tarie Small Tower
SPOT_NAME_1213,聖遺の塔,Sage Tower Ruins
SPOT_NAME_1214,予備枠,Witness
SPOT_NAME_1215,高地のあばら屋,Plateau Shack
SPOT_NAME_1216,北の盗賊のアジト,Northern Bandit Hideout
SPOT_NAME_1217,火垂れ山野営地,Firefall Mountain Campsite
SPOT_NAME_1218,メガド離宮,Megado Detached Palace
SPOT_NAME_1219,聖炎の参竜道,Sacred Flame Path
SPOT_NAME_1220,王家の墓,The Royal Family Mausoleum
SPOT_NAME_1221,悪しき竜のねぐら,Evil Dragon's Roost
SPOT_NAME_1223,兵士詰所,Soldier Station
SPOT_NAME_1224,集会場,Meeting Spot
SPOT_NAME_1225,兵舎,Barracks
SPOT_NAME_1226,第一捕虜収容所,First Prison Camp
SPOT_NAME_1227,第一の門,First Gate
SPOT_NAME_1228,第一防衛区画,First Defense Area
SPOT_NAME_1229,大演習場,Large Training Area
SPOT_NAME_1230,隔離兵舎,Isolation Barracks
SPOT_NAME_1231,第二捕虜収容所,Second Prison Camp
SPOT_NAME_1232,第二の門,Second Gate
SPOT_NAME_1233,第二防衛区画,Second Defense Area
SPOT_NAME_1234,最終防衛区画,Final Defense Area
SPOT_NAME_1235,展望城城外,Lookout Castle Exterior
SPOT_NAME_1236,展望城城外 ソネルキャンプ,Lookout Castle Exterior: Sonel's Camp
SPOT_NAME_1237,テントの抜け道,Tent's Secret Path
SPOT_NAME_1238,城塞都市メガド 城門,Fortress City Megado: City Gate
SPOT_NAME_1239,ヴァネッサの私室,Vanessa's Private Room
SPOT_NAME_1240,城塞都市メガド 大通り,Fortress City Megado: Main Street
SPOT_NAME_1241,城塞都市メガド 美容院前,Fortress City Megado: Beauty Salon
SPOT_NAME_1242,城塞都市メガド 裏広場,Fortress City Megado: Rear Square
SPOT_NAME_1243,城塞都市メガド 広場,Fortress City Megado: Plaza
SPOT_NAME_1244,城塞都市メガド 酒場,Fortress City Megado: Tavern
SPOT_NAME_1245,城塞都市メガド 旧英霊廟前,Fortress City Megado: Before Old Heroic Spirit Shrine
SPOT_NAME_1246,城塞都市メガド 水車部屋前,Fortress City Megado: Before Water Wheel Room
SPOT_NAME_1247,城塞都市メガド クラフトルーム,Fortress City Megado: Craft Room
SPOT_NAME_1248,王家の隠れ部屋 メガドシス高地,Royal Family's Hidden Chamber (Megadosys Plateau)
SPOT_NAME_1249,王家の隠れ部屋 ウルテカ山岳,Royal Family's Hidden Chamber (Urteca Mountains)
SPOT_NAME_1250,古テキア洞窟　中心部,Old Tekia Grotto: Central Part
SPOT_NAME_1251,城塞都市メガド,Fortress City Megado
SPOT_NAME_1252,メガドシス古道 フェルヤナ方面,Megadosys Old Road: Feryana Direction
SPOT_NAME_1253,メガドシス古道 中腹,Megadosys Old Road: Mountainside
SPOT_NAME_1254,メガドシス古道 メガドシス方面,Megadosys Old Road: Megadosys Direction
SPOT_NAME_1255,王家の隠れ部屋 メガドシス高地,Royal Family's Hidden Chamber (Megadosys Plateau)
SPOT_NAME_1256,王家の隠れ部屋 メガドシス高地,Royal Family's Hidden Chamber (Megadosys Plateau)
SPOT_NAME_1257,王家の隠れ部屋 メガドシス高地,Royal Family's Hidden Chamber (Megadosys Plateau)
SPOT_NAME_1258,王家の隠れ部屋 メガドシス高地,Royal Family's Hidden Chamber (Megadosys Plateau)
SPOT_NAME_1259,静穏の隠れ洞 洞窟通路,Quiet Concealed Cave: Cave Passage
SPOT_NAME_1260,静穏の隠れ洞 洞窟通路,Quiet Concealed Cave: Cave Passage
SPOT_NAME_1261,静穏の隠れ洞 最奥,Innermost Quiet Concealed Cave
SPOT_NAME_1262,メガド上水網 通路,Megado Water Supply Network: Passage
SPOT_NAME_1263,メガド上水網 深層部,Megado Water Supply Network Inner Depths
SPOT_NAME_1264,戦練の社 霊の路,Shrine of Combat: Spirit Path
SPOT_NAME_1265,戦練の社 霊の路,Shrine of Combat: Spirit Path
SPOT_NAME_1266,戦練の社 不死の路,Shrine of Combat: Immortal Road
SPOT_NAME_1267,戦練の社 不死の路,Shrine of Combat: Immortal Road
SPOT_NAME_1268,戦練の社 自然の路,Shrine of Combat: Nature's Path
SPOT_NAME_1269,戦練の社 最奥,Shrine of Combat: Deepest Depths
SPOT_NAME_1270,城塞都市メガド 王宮層 玉座,Fortress City Megado: Royal Palace Level Throne
SPOT_NAME_1271,黒呪の迷宮：入り江,Bitterblack Maze Cove
SPOT_NAME_1272,大地の記憶 メガドシス古道 脇道,Memory of Megadosys Old Road: Byway
SPOT_NAME_1273,霧の森 征圧エリア １,Forest of Mist Conquest Area 1
SPOT_NAME_1274,霧の森 征圧エリア ２,Forest of Mist Conquest Area 2
SPOT_NAME_1275,霧の森 征圧エリア ３,Forest of Mist Conquest Area 3
SPOT_NAME_1276,霧の森 征圧エリア ４,Forest of Mist Conquest Area 4
SPOT_NAME_1277,霧の森 征圧エリア ５,Forest of Mist Conquest Area 5
SPOT_NAME_1278,霧の森 征圧エリア ６,Forest of Mist Conquest Area 6
SPOT_NAME_1279,霧の森 征圧エリア ７,Forest of Mist Conquest Area 7
SPOT_NAME_1280,霧の森,Forest of Mist
SPOT_NAME_1281,展望城 港,Lookout Castle: Harbor
SPOT_NAME_1282,ウルテカ山岳 東部,Eastern Urteca Mountains
SPOT_NAME_1283,ウルテカ山岳 北部,Northern Urteca Mountains
SPOT_NAME_1284,ウルテカ山岳 西部,Western Urteca Mountains
SPOT_NAME_1285,崩れた進入路,Crumbling Entrance Path
SPOT_NAME_1286,異界の扉,Door to the Other World
SPOT_NAME_1287,王家の墓前,Before the Tomb of the Royal Family
SPOT_NAME_1288,旧英霊廟,Old Heroic Spirit Shrine
SPOT_NAME_1289,憩いの坑洞 中層,Cave of Rest: Middle Level
SPOT_NAME_1290,憩いの坑洞 最深部,Cave of Rest Innermost Depths
SPOT_NAME_1291,崩れた進入路 最深部,Crumbling Entrance Path Innermost Depths
SPOT_NAME_1292,火垂れ山拝竜院 中層,Firefall Mountain Dragon Temple: Middle Level
SPOT_NAME_1293,火垂れ山拝竜院 最深部,Firefall Mountain Dragon Temple Innermost Depths
SPOT_NAME_1294,悼まれぬ者の葬室 最深部,The Burial Chamber of the Unmourned Innermost Depths
SPOT_NAME_1295,悼まれぬ者の葬室 不死者の房,The Burial Chamber of the Unmourned: Cell of the Immortals
SPOT_NAME_1296,悼まれぬ者の葬室　火炎体の巣窟,The Burial Chamber of the Unmourned: Funeral Pyre
SPOT_NAME_1297,大地の記憶 メガドシス古道 フェルヤナ方面,Memory of Megadosys Old Road: Feryana Direction
SPOT_NAME_1298,大地の記憶 メガドシス古道 中腹,Memory of Megadosys Old Road: Mountainside
SPOT_NAME_1299,大地の記憶 メガドシス古道 メガドシス方面,Memory of Megadosys Old Road: Megadosys Direction
SPOT_NAME_1300,王家の墓 最奥,Innermost Royal Family Mausoleum
SPOT_NAME_1301,聖炎の参竜道 上層,Sacred Flame Path: Upper Level
SPOT_NAME_1302,メガドシスの記憶 武神の間,Memory of Megadosys: War God Space
SPOT_NAME_1303,ウルテカの記憶 武神の間,Memory of Urteca: War God Space
SPOT_NAME_1304,ウルテカの記憶 西部 入口,Memory of Urteca: Western Entrance
SPOT_NAME_1305,ウルテカの記憶 東部 入口,Memory of Urteca: Eastern Entrance
SPOT_NAME_1306,ウルテカの記憶 北部 入口,Memory of Urteca: Northern Entrance
SPOT_NAME_1307,黒呪の迷宮,Bitterblack Maze
SPOT_NAME_1308,黒呪の迷宮 深淵,Bitterblack Maze: The Abyss
SPOT_NAME_1309,闇に覆われたメガド回廊 １階,Darkness Shrouded Megado Corridor 1st Floor
SPOT_NAME_1310,闇に覆われたメガド回廊 ３階,Darkness Shrouded Megado Corridor 3rd Floor
SPOT_NAME_1311,闇に覆われたドリード城 中央階段,Darkness Shrouded Dreed Castle Central Staircase
SPOT_NAME_1312,闇に覆われたドリード城 地下水路,Darkness Shrouded Dreed Castle Underground Waterway
SPOT_NAME_1313,闇に覆われた軍事演習棟 １階,Darkness Shrouded Military Training Facility 1st Floor
SPOT_NAME_1314,闇に覆われた錬金研究棟 １階,Darkness Shrouded Alchemy Research Building 1st Floor
SPOT_NAME_1315,闇に覆われた軍事演習棟 ２階,Darkness Shrouded Military Training Facility 2nd Floor
SPOT_NAME_1316,闇に覆われた錬金研究棟 ２階,Darkness Shrouded Alchemy Research Building 2nd Floor
SPOT_NAME_1317,闇に覆われた軍事演習棟,Darkness Shrouded Military Training Facility
SPOT_NAME_1318,闇に覆われた錬金研究棟,Darkness Shrouded Alchemy Research Building
SPOT_NAME_1319,【紡ぎし望み】悪しき竜のねぐら,【Spun Hope】 Evil Dragon's Roost
SPOT_NAME_1320,闇に覆われる前のシェドレアン大神殿,"Shadolean Great Temple, Unshrouded"
SPOT_NAME_1321,闇に覆われる前のメガド回廊,"Megado Corridor, Unshrouded"
