0,,アンティークの机・オーシャン,Antique Desk - Ocean,ui\00_message\common\item_name.gmd,\ui\gui_cmn.arc,gui_cmn.arc,21069
0,,アンティークの机・フォレスト,Antique Desk - Forest,ui\00_message\common\item_name.gmd,\ui\gui_cmn.arc,gui_cmn.arc,21070
0,,アリストクラットバス・キメラ,Aristocrat Bath - Chimera,ui\00_message\common\item_name.gmd,\ui\gui_cmn.arc,gui_cmn.arc,21071
0,,アリストクラットバス・マンティコア,Aristocrat Bath - Manticore,ui\00_message\common\item_name.gmd,\ui\gui_cmn.arc,gui_cmn.arc,21072
0,,アリストクラットバス・グリフィン,Aristocrat Bath - Griffin,ui\00_message\common\item_name.gmd,\ui\gui_cmn.arc,gui_cmn.arc,21073
0,,アリストクラットバス・ナイトメア,Aristocrat Bath - Nightmare,ui\00_message\common\item_name.gmd,\ui\gui_cmn.arc,gui_cmn.arc,21074
0,,アリストクラットバス・コカトリス,Aristocrat Bath - Cockatrice,ui\00_message\common\item_name.gmd,\ui\gui_cmn.arc,gui_cmn.arc,21075
0,,アリストクラットバス・アングルス,Aristocrat Bath - Angules,ui\00_message\common\item_name.gmd,\ui\gui_cmn.arc,gui_cmn.arc,21076
0,,アリストクラットバス・リンドブルム,Aristocrat Bath - Lindwurm,ui\00_message\common\item_name.gmd,\ui\gui_cmn.arc,gui_cmn.arc,21077
0,,アリストクラットバス・ウィルム,Aristocrat Bath - Wyrm,ui\00_message\common\item_name.gmd,\ui\gui_cmn.arc,gui_cmn.arc,21078
0,,アリストクラットバス・ドレイク,Aristocrat Bath - Drake,ui\00_message\common\item_name.gmd,\ui\gui_cmn.arc,gui_cmn.arc,21079
0,,アリストクラットバス・ベヘモット,Aristocrat Bath - Behemoth,ui\00_message\common\item_name.gmd,\ui\gui_cmn.arc,gui_cmn.arc,21080
0,,アリストクラットバス・マンイーター,Aristocrat Bath - Maneater,ui\00_message\common\item_name.gmd,\ui\gui_cmn.arc,gui_cmn.arc,21081
0,,ウォールペイント・ホワイト,Wall Paint - White,ui\00_message\common\item_name.gmd,\ui\gui_cmn.arc,gui_cmn.arc,21082
0,,ウォールペイント・ブラック,Wall Paint - Black,ui\00_message\common\item_name.gmd,\ui\gui_cmn.arc,gui_cmn.arc,21083
0,,ウォールペイント・レッド,Wall Paint - Red,ui\00_message\common\item_name.gmd,\ui\gui_cmn.arc,gui_cmn.arc,21084
0,,ウォールペイント・ブルー,Wall Paint - Blue,ui\00_message\common\item_name.gmd,\ui\gui_cmn.arc,gui_cmn.arc,21085
0,,ウォールペイント・グリーン,Wall Paint - Green,ui\00_message\common\item_name.gmd,\ui\gui_cmn.arc,gui_cmn.arc,21086
0,,ウォールペイント・ブリック,Wall Paint - Brick,ui\00_message\common\item_name.gmd,\ui\gui_cmn.arc,gui_cmn.arc,21087
0,,ウォールペイント・レスタニア,Wall Paint - Lestania,ui\00_message\common\item_name.gmd,\ui\gui_cmn.arc,gui_cmn.arc,21088
0,,ウォールペイント・フィンダム,Wall Paint - Phindym,ui\00_message\common\item_name.gmd,\ui\gui_cmn.arc,gui_cmn.arc,21089
0,,PlayStation® Awards トロフィー,PlayStation® Awards Trophy,ui\00_message\common\item_name.gmd,\ui\gui_cmn.arc,gui_cmn.arc,21090
0,,毛織りのカーペット・スノウ,Woolen Carpet - Snow,ui\00_message\common\item_name.gmd,\ui\gui_cmn.arc,gui_cmn.arc,21091
0,,毛織りのカーペット・チャコール,Woolen Carpet - Charcoal,ui\00_message\common\item_name.gmd,\ui\gui_cmn.arc,gui_cmn.arc,21092
0,,毛織りのカーペット・ローズ,Woolen Carpet - Rose,ui\00_message\common\item_name.gmd,\ui\gui_cmn.arc,gui_cmn.arc,21093
0,,毛織りのカーペット・オーシャン,Woolen Carpet - Ocean,ui\00_message\common\item_name.gmd,\ui\gui_cmn.arc,gui_cmn.arc,21094
0,,毛織りのカーペット・フォレスト,Woolen Carpet - Forest,ui\00_message\common\item_name.gmd,\ui\gui_cmn.arc,gui_cmn.arc,21095
0,,タペストリー・ヴィレッジ,Tapestry - Village,ui\00_message\common\item_name.gmd,\ui\gui_cmn.arc,gui_cmn.arc,21096
0,,大本棚（左）,Large Bookshelf (Left),ui\00_message\common\item_name.gmd,\ui\gui_cmn.arc,gui_cmn.arc,21097
0,,タペストリー・レスタニア,Tapestry - Lestania,ui\00_message\common\item_name.gmd,\ui\gui_cmn.arc,gui_cmn.arc,21098
0,,タペストリー・プライド,Tapestry - Pride,ui\00_message\common\item_name.gmd,\ui\gui_cmn.arc,gui_cmn.arc,21099
0,,タペストリー・ドラゴン,Tapestry - Dragon,ui\00_message\common\item_name.gmd,\ui\gui_cmn.arc,gui_cmn.arc,21100
0,,タペストリー・ディスコード,Tapestry - Discord,ui\00_message\common\item_name.gmd,\ui\gui_cmn.arc,gui_cmn.arc,21101
0,,タペストリー・ジェネシス,Tapestry - Genesis,ui\00_message\common\item_name.gmd,\ui\gui_cmn.arc,gui_cmn.arc,21102
0,,タペストリー・アルケム,Tapestry - Alchemic,ui\00_message\common\item_name.gmd,\ui\gui_cmn.arc,gui_cmn.arc,21103
0,,タペストリー・ルインズ,Tapestry - Ruins,ui\00_message\common\item_name.gmd,\ui\gui_cmn.arc,gui_cmn.arc,21104
0,,大本棚（右）,Large Bookshelf (Right),ui\00_message\common\item_name.gmd,\ui\gui_cmn.arc,gui_cmn.arc,21105
0,,タペストリー・フィンダム,Tapestry - Phindym,ui\00_message\common\item_name.gmd,\ui\gui_cmn.arc,gui_cmn.arc,21106
0,,タペストリー・ワイルド,Tapestry - Wild,ui\00_message\common\item_name.gmd,\ui\gui_cmn.arc,gui_cmn.arc,21107
0,,柱時計,Wall Clock,ui\00_message\common\item_name.gmd,\ui\gui_cmn.arc,gui_cmn.arc,21108
0,,毛織りのリビングカーペット・スノウ,Woolen Living Room Carpet - Snow,ui\00_message\common\item_name.gmd,\ui\gui_cmn.arc,gui_cmn.arc,21109
0,,毛織りのリビングカーペット・チャコール,Woolen Living Room Carpet - Charcoal,ui\00_message\common\item_name.gmd,\ui\gui_cmn.arc,gui_cmn.arc,21110
0,,毛織りのリビングカーペット・ローズ,Woolen Living Room Carpet - Rose,ui\00_message\common\item_name.gmd,\ui\gui_cmn.arc,gui_cmn.arc,21111
0,,毛織りのリビングカーペット・オーシャン,Woolen Living Room Carpet - Ocean,ui\00_message\common\item_name.gmd,\ui\gui_cmn.arc,gui_cmn.arc,21112
0,,毛織りのリビングカーペット・フォレスト,Woolen Living Room Carpet - Forest,ui\00_message\common\item_name.gmd,\ui\gui_cmn.arc,gui_cmn.arc,21113
0,,ベーシックなリビングカーペット,Basic Living Room Carpet,ui\00_message\common\item_name.gmd,\ui\gui_cmn.arc,gui_cmn.arc,21114
0,,語らいのベル,Chatting Bell,ui\00_message\common\item_name.gmd,\ui\gui_cmn.arc,gui_cmn.arc,21115
0,,鳩時計,Cuckoo Clock,ui\00_message\common\item_name.gmd,\ui\gui_cmn.arc,gui_cmn.arc,21116
0,,マンドラゴラ鉢植え①ノーマル,Mandragora Potted Plant 1 (Normal),ui\00_message\common\item_name.gmd,\ui\gui_cmn.arc,gui_cmn.arc,21117
0,,マンドラゴラ鉢植え②パスポート,Mandragora Potted Plant 2 (Passport),ui\00_message\common\item_name.gmd,\ui\gui_cmn.arc,gui_cmn.arc,21118
0,,マンドラゴラ鉢植え③パスポート,Mandragora Potted Plant 3 (Passport),ui\00_message\common\item_name.gmd,\ui\gui_cmn.arc,gui_cmn.arc,21119
0,,パペット・ミカサ,Puppet - Mikasa,ui\00_message\common\item_name.gmd,\ui\gui_cmn.arc,gui_cmn.arc,21120
0,,パペット・リヴァイお掃除ver.,Puppet - Levi cleaning ver.,ui\00_message\common\item_name.gmd,\ui\gui_cmn.arc,gui_cmn.arc,21121
0,,ムーディーランプ・2周年,2nd Anniversary Moody Lamp,ui\00_message\common\item_name.gmd,\ui\gui_cmn.arc,gui_cmn.arc,21122
0,,アニバーサリーケーキ・2周年,2nd Anniversary Cake,ui\00_message\common\item_name.gmd,\ui\gui_cmn.arc,gui_cmn.arc,21123
0,,デコレーション・2周年,2nd Anniversary Decoration,ui\00_message\common\item_name.gmd,\ui\gui_cmn.arc,gui_cmn.arc,21124
0,,アニバーサリーパペット・2周年,2nd Anniversary Puppet,ui\00_message\common\item_name.gmd,\ui\gui_cmn.arc,gui_cmn.arc,21125
0,,タペストリー・2周年（右）,2nd Anniversary Tapestry (Right),ui\00_message\common\item_name.gmd,\ui\gui_cmn.arc,gui_cmn.arc,21126
0,,タペストリー・2周年（左）,2nd Anniversary Tapestry (Left),ui\00_message\common\item_name.gmd,\ui\gui_cmn.arc,gui_cmn.arc,21127
0,,お風呂・楽園の湯,Bath - Paradise Hot Tub,ui\00_message\common\item_name.gmd,\ui\gui_cmn.arc,gui_cmn.arc,21128
0,,白竜像,White Dragon Statue,ui\00_message\common\item_name.gmd,\ui\gui_cmn.arc,gui_cmn.arc,21129
0,,精霊竜像,Spirit Dragon Statue,ui\00_message\common\item_name.gmd,\ui\gui_cmn.arc,gui_cmn.arc,21130
0,,火竜像,Fire Dragon Statue,ui\00_message\common\item_name.gmd,\ui\gui_cmn.arc,gui_cmn.arc,21131
0,,立体映像投影機,Stereoscopic Projector,ui\00_message\common\item_name.gmd,\ui\gui_cmn.arc,gui_cmn.arc,21132
0,,ディナーセット・ホラーナイト,Dinner Set - Horror Night,ui\00_message\common\item_name.gmd,\ui\gui_cmn.arc,gui_cmn.arc,21133
0,,調理器具セット・ホラーナイト,Cookware Set - Horror Night,ui\00_message\common\item_name.gmd,\ui\gui_cmn.arc,gui_cmn.arc,21134
0,,ホラーナイトパペット・エント大,Horror Night Puppet - Large Ent,ui\00_message\common\item_name.gmd,\ui\gui_cmn.arc,gui_cmn.arc,21135
0,,ガーデンオーナメント・ホラーナイト,Garden Ornament - Horror Night,ui\00_message\common\item_name.gmd,\ui\gui_cmn.arc,gui_cmn.arc,21136
0,,ウォールペイント・ホラーナイト,Wall Paint - Horror Night,ui\00_message\common\item_name.gmd,\ui\gui_cmn.arc,gui_cmn.arc,21137
0,,ライトミールセット・ホラーナイト,Light Meal Set - Horror Night,ui\00_message\common\item_name.gmd,\ui\gui_cmn.arc,gui_cmn.arc,21138
0,,カジュアルベッド・アイス,Casual Bed - Ice,ui\00_message\common\item_name.gmd,\ui\gui_cmn.arc,gui_cmn.arc,21139
0,,カジュアルベッド・ベリー,Casual Bed - Berry,ui\00_message\common\item_name.gmd,\ui\gui_cmn.arc,gui_cmn.arc,21140
0,,クリスマスパペット・エント大,Christmas Puppet - Large Ent,ui\00_message\common\item_name.gmd,\ui\gui_cmn.arc,gui_cmn.arc,21141
0,,ウォールペイント・クリスマス,Wall Paint - Christmas,ui\00_message\common\item_name.gmd,\ui\gui_cmn.arc,gui_cmn.arc,21142
0,,ホラーナイトなリビングカーペット,Horror Night Living Room Carpet,ui\00_message\common\item_name.gmd,\ui\gui_cmn.arc,gui_cmn.arc,21143
0,,ハートのリビングカーペット・バレンタイン,Heart's Living Room Carpet - Valentine,ui\00_message\common\item_name.gmd,\ui\gui_cmn.arc,gui_cmn.arc,21144
0,,ハートのリビングカーペット・ホワイトデー,Heart's Living Room Carpet - White Day,ui\00_message\common\item_name.gmd,\ui\gui_cmn.arc,gui_cmn.arc,21145
0,,調理器具セット・クリスマス,Cookware Set - Christmas,ui\00_message\common\item_name.gmd,\ui\gui_cmn.arc,gui_cmn.arc,21146
0,,ガーデンオーナメント・クリスマス,Garden Ornament - Christmas,ui\00_message\common\item_name.gmd,\ui\gui_cmn.arc,gui_cmn.arc,21147
0,,パペット・ハムスケ,Puppet - Hamsuke,ui\00_message\common\item_name.gmd,\ui\gui_cmn.arc,gui_cmn.arc,21148
0,,タペストリー・オーバーロード,Tapestry - Overlord,ui\00_message\common\item_name.gmd,\ui\gui_cmn.arc,gui_cmn.arc,21149
0,,タペストリー・総選挙2位,Tapestry - Election 2nd Place,ui\00_message\common\item_name.gmd,\ui\gui_cmn.arc,gui_cmn.arc,21150
0,,タペストリー・総選挙3位,Tapestry - Election 3rd Place,ui\00_message\common\item_name.gmd,\ui\gui_cmn.arc,gui_cmn.arc,21151
0,,タペストリー・総選挙1位,Tapestry - Election 1st Place,ui\00_message\common\item_name.gmd,\ui\gui_cmn.arc,gui_cmn.arc,21152
0,,リビングカーペット・クリスマス,Living Room Carpet - Christmas,ui\00_message\common\item_name.gmd,\ui\gui_cmn.arc,gui_cmn.arc,21153
0,,カーペット・クリスマス,Carpet - Christmas,ui\00_message\common\item_name.gmd,\ui\gui_cmn.arc,gui_cmn.arc,21154
0,,楽譜・五竜の加護,Sheet Music - Protection of the Five Dragons,ui\00_message\common\item_name.gmd,\ui\gui_cmn.arc,gui_cmn.arc,21155
0,,楽譜・双牙の地竜,Sheet Music - Twin Fangs of the Earth Dragon,ui\00_message\common\item_name.gmd,\ui\gui_cmn.arc,gui_cmn.arc,21156
0,,楽譜・死闘の果てに,Sheet Music - Imminent Triumph,ui\00_message\common\item_name.gmd,\ui\gui_cmn.arc,gui_cmn.arc,21157
0,,楽譜・奪われた心,Sheet Music - The Stolen Heart,ui\00_message\common\item_name.gmd,\ui\gui_cmn.arc,gui_cmn.arc,21158
0,,楽譜・この上なく単純で美しい世界,Sheet Music - Most Simple and Beautiful World,ui\00_message\common\item_name.gmd,\ui\gui_cmn.arc,gui_cmn.arc,21159
0,,楽譜・始まりの洞,Sheet Music - Hollow of Beginnings,ui\00_message\common\item_name.gmd,\ui\gui_cmn.arc,gui_cmn.arc,21160
0,,楽譜・記憶を失くした娘,Sheet Music - The Girl Who Lost Her Memories,ui\00_message\common\item_name.gmd,\ui\gui_cmn.arc,gui_cmn.arc,21161
0,,楽譜・歪みの執行人,Sheet Music - Agent of Corruption,ui\00_message\common\item_name.gmd,\ui\gui_cmn.arc,gui_cmn.arc,21162
0,,楽譜・絶悪の強者,Sheet Music - Warrior of Evil,ui\00_message\common\item_name.gmd,\ui\gui_cmn.arc,gui_cmn.arc,21163
0,,楽譜・精霊竜の王,Sheet Music - Spirit Dragon King,ui\00_message\common\item_name.gmd,\ui\gui_cmn.arc,gui_cmn.arc,21164
0,,バレンタインパペット,Valentine Puppet,ui\00_message\common\item_name.gmd,\ui\gui_cmn.arc,gui_cmn.arc,21165
0,,ウォールペイント・バレンタイン,Wall Paint - Valentine,ui\00_message\common\item_name.gmd,\ui\gui_cmn.arc,gui_cmn.arc,21166
0,,お風呂・バレンタインの湯,Bath - Valentine Hot Tub,ui\00_message\common\item_name.gmd,\ui\gui_cmn.arc,gui_cmn.arc,21167
0,,クッキーテーブル・ビター,Cookie Table - Bitter,ui\00_message\common\item_name.gmd,\ui\gui_cmn.arc,gui_cmn.arc,21168
0,,ホワイトデーパペット,White Day Puppet,ui\00_message\common\item_name.gmd,\ui\gui_cmn.arc,gui_cmn.arc,21169
0,,ウォールペイント・ホワイトデー,Wall Paint - White Day,ui\00_message\common\item_name.gmd,\ui\gui_cmn.arc,gui_cmn.arc,21170
0,,お風呂・ホワイトデーの湯,Bath - White Day Hot Tub,ui\00_message\common\item_name.gmd,\ui\gui_cmn.arc,gui_cmn.arc,21171
0,,クッキーテーブル・ホワイト,Cookie Table - White,ui\00_message\common\item_name.gmd,\ui\gui_cmn.arc,gui_cmn.arc,21172
0,,スイーツセット・バレンタイン,Sweets Set - Valentine,ui\00_message\common\item_name.gmd,\ui\gui_cmn.arc,gui_cmn.arc,21173
0,,スイーツセット・ホワイトデー,Sweets Set - White Day,ui\00_message\common\item_name.gmd,\ui\gui_cmn.arc,gui_cmn.arc,21174
0,,お風呂・熱々地獄の湯,Bath - Scalding Hell Hot Tub,ui\00_message\common\item_name.gmd,\ui\gui_cmn.arc,gui_cmn.arc,21175
0,,楽譜・死闘の果てに～精霊竜の王～,"Sheet Music - Imminent Triumph ～Spirit Dragon
King～",ui\00_message\common\item_name.gmd,\ui\gui_cmn.arc,gui_cmn.arc,21176
0,,ムーディーランプ・3周年,3rd Anniversary Moody Lamp,ui\00_message\common\item_name.gmd,\ui\gui_cmn.arc,gui_cmn.arc,21177
0,,アニバーサリーケーキ・3周年,3rd Anniversary Cake,ui\00_message\common\item_name.gmd,\ui\gui_cmn.arc,gui_cmn.arc,21178
0,,デコレーション・3周年,3rd Anniversary Decoration,ui\00_message\common\item_name.gmd,\ui\gui_cmn.arc,gui_cmn.arc,21179
0,,アニバーサリーパペット・3周年,3rd Anniversary Puppet,ui\00_message\common\item_name.gmd,\ui\gui_cmn.arc,gui_cmn.arc,21180
0,,タペストリー・3周年（右）,3rd Anniversary Tapestry (Right),ui\00_message\common\item_name.gmd,\ui\gui_cmn.arc,gui_cmn.arc,21181
0,,タペストリー・3周年（左）,3rd Anniversary Tapestry (Left),ui\00_message\common\item_name.gmd,\ui\gui_cmn.arc,gui_cmn.arc,21182
0,,ホラーナイトなぬいぐるみ,Horror Night Plush,ui\00_message\common\item_name.gmd,\ui\gui_cmn.arc,gui_cmn.arc,21183
0,,ホラーナイトなクッション,Horror Night Cushion,ui\00_message\common\item_name.gmd,\ui\gui_cmn.arc,gui_cmn.arc,21184
0,,調理器具セット・ホラーナイト,Cookware Set - Horror Night,ui\00_message\common\item_name.gmd,\ui\gui_cmn.arc,gui_cmn.arc,21185
0,,お風呂・ホラーナイトの湯,Bath - Horror Night Hot Tub,ui\00_message\common\item_name.gmd,\ui\gui_cmn.arc,gui_cmn.arc,21186
0,,覇王の卵,Egg of the Supreme King,ui\00_message\common\item_name.gmd,\ui\gui_cmn.arc,gui_cmn.arc,21187
0,,タペストリー・鷹の団,Tapestry - Band of the Falcon,ui\00_message\common\item_name.gmd,\ui\gui_cmn.arc,gui_cmn.arc,21188
0,,クリスマスパペット・マンドラゴラ,Christmas Puppet - Mandragora,ui\00_message\common\item_name.gmd,\ui\gui_cmn.arc,gui_cmn.arc,21189
0,,ムーディーランプ・クリスマス,Moody Lamp - Christmas,ui\00_message\common\item_name.gmd,\ui\gui_cmn.arc,gui_cmn.arc,21190
0,,ホワイトツリー,White Tree,ui\00_message\common\item_name.gmd,\ui\gui_cmn.arc,gui_cmn.arc,21191
0,,ディナーセット・クリスマス,Dinner Set - Christmas,ui\00_message\common\item_name.gmd,\ui\gui_cmn.arc,gui_cmn.arc,21192
0,,ディナーセット・クリスマス小,Dinner Set - Christmas Small,ui\00_message\common\item_name.gmd,\ui\gui_cmn.arc,gui_cmn.arc,21193
0,,クリスマス・壁掛け時計,Christmas Wall Clock,ui\00_message\common\item_name.gmd,\ui\gui_cmn.arc,gui_cmn.arc,21194
0,,タペストリー・オーバーロードⅢ・B,Tapestry - Overlord III (B),ui\00_message\common\item_name.gmd,\ui\gui_cmn.arc,gui_cmn.arc,21195
0,,タペストリー・オーバーロードⅢ・A,Tapestry - Overlord III (A),ui\00_message\common\item_name.gmd,\ui\gui_cmn.arc,gui_cmn.arc,21196
0,,バレンタイン・ベッド,Valentine Bed,ui\00_message\common\item_name.gmd,\ui\gui_cmn.arc,gui_cmn.arc,21197
0,,バレンタイン・時計,Valentine Clock,ui\00_message\common\item_name.gmd,\ui\gui_cmn.arc,gui_cmn.arc,21198
0,,バレンタイン・テーブル,Valentine Table,ui\00_message\common\item_name.gmd,\ui\gui_cmn.arc,gui_cmn.arc,21199
0,,バレンタイン・カーペット,Valentine Carpet,ui\00_message\common\item_name.gmd,\ui\gui_cmn.arc,gui_cmn.arc,21200
0,,バレンタイン・調理器具,Valentine Cookware,ui\00_message\common\item_name.gmd,\ui\gui_cmn.arc,gui_cmn.arc,21201
0,,バレンタイン・リビングカーペット,Valentine Living Room Carpet,ui\00_message\common\item_name.gmd,\ui\gui_cmn.arc,gui_cmn.arc,21202
0,,ホワイトデー・ベッド,White Day Bed,ui\00_message\common\item_name.gmd,\ui\gui_cmn.arc,gui_cmn.arc,21203
0,,ホワイトデー・時計,White Day Clock,ui\00_message\common\item_name.gmd,\ui\gui_cmn.arc,gui_cmn.arc,21204
0,,ホワイトデー・テーブル,White Day Table,ui\00_message\common\item_name.gmd,\ui\gui_cmn.arc,gui_cmn.arc,21205
0,,ホワイトデー・カーペット,White Day Carpet,ui\00_message\common\item_name.gmd,\ui\gui_cmn.arc,gui_cmn.arc,21206
0,,ホワイトデー・調理器具,White Day Cookware,ui\00_message\common\item_name.gmd,\ui\gui_cmn.arc,gui_cmn.arc,21207
0,,ホワイトデー・リビングカーペット,White Day Living Room Carpet,ui\00_message\common\item_name.gmd,\ui\gui_cmn.arc,gui_cmn.arc,21208
0,,ハロウィン・書斎机,Halloween Study Desk,ui\00_message\common\item_name.gmd,\ui\gui_cmn.arc,gui_cmn.arc,21209
0,,ハロウィン・パンプキンツリー,Halloween Pumpkin Tree,ui\00_message\common\item_name.gmd,\ui\gui_cmn.arc,gui_cmn.arc,21210
0,,ズールパペット,Zuhl Puppet,ui\00_message\common\item_name.gmd,\ui\gui_cmn.arc,gui_cmn.arc,21211
0,,イビルアイパペット,Evil Eye Puppet,ui\00_message\common\item_name.gmd,\ui\gui_cmn.arc,gui_cmn.arc,21212
0,,ハロウィン・テーブル,Halloween Table,ui\00_message\common\item_name.gmd,\ui\gui_cmn.arc,gui_cmn.arc,21213
0,,ハロウィン・時計,Halloween Clock,ui\00_message\common\item_name.gmd,\ui\gui_cmn.arc,gui_cmn.arc,21214
0,,クリスマス・お風呂,Christmas Bath,ui\00_message\common\item_name.gmd,\ui\gui_cmn.arc,gui_cmn.arc,21215
0,,クリスマスプレゼント（左）,Christmas Gift (Left),ui\00_message\common\item_name.gmd,\ui\gui_cmn.arc,gui_cmn.arc,21216
0,,クリスマスプレゼント（右）,Christmas Gift (Right),ui\00_message\common\item_name.gmd,\ui\gui_cmn.arc,gui_cmn.arc,21217
0,,クリスマス・パペット,Christmas Puppet,ui\00_message\common\item_name.gmd,\ui\gui_cmn.arc,gui_cmn.arc,21218
0,,アリストクラットバス・クリスマス,Aristocrat Bath - Christmas,ui\00_message\common\item_name.gmd,\ui\gui_cmn.arc,gui_cmn.arc,21219
0,,タペストリー・4周年,Tapestry - 4th Anniversary,ui\00_message\common\item_name.gmd,\ui\gui_cmn.arc,gui_cmn.arc,21220
0,,ムーディーランプ・4周年,Moody Lamp - 4th Anniversary,ui\00_message\common\item_name.gmd,\ui\gui_cmn.arc,gui_cmn.arc,21221
0,,アニバーサリーケーキ・4周年,4th Anniversary Cake,ui\00_message\common\item_name.gmd,\ui\gui_cmn.arc,gui_cmn.arc,21222
0,,アニバーサリーパペット・4周年,4th Anniversary Puppet,ui\00_message\common\item_name.gmd,\ui\gui_cmn.arc,gui_cmn.arc,21223
0,,幻視の光：理,,ui\00_message\common\item_name.gmd,\ui\gui_cmn.arc,gui_cmn.arc,21224
0,,幻視の光：レオ,Light Vision: Leo,ui\00_message\common\item_name.gmd,\ui\gui_cmn.arc,gui_cmn.arc,21225
0,,幻視の光：ミシアル,Light Vision: Mysial,ui\00_message\common\item_name.gmd,\ui\gui_cmn.arc,gui_cmn.arc,21226
0,,幻視の光：イリス,Light Vision: Iris,ui\00_message\common\item_name.gmd,\ui\gui_cmn.arc,gui_cmn.arc,21227
0,,幻視の光：クラウス,Light Vision: Klaus,ui\00_message\common\item_name.gmd,\ui\gui_cmn.arc,gui_cmn.arc,21228
0,,幻視の光：ジョゼフ,Light Vision: Joseph,ui\00_message\common\item_name.gmd,\ui\gui_cmn.arc,gui_cmn.arc,21229
0,,幻視の光：ゲルト,Light Vision: Gerd,ui\00_message\common\item_name.gmd,\ui\gui_cmn.arc,gui_cmn.arc,21230
0,,幻視の光：ハインツ,Light Vision: Heinz,ui\00_message\common\item_name.gmd,\ui\gui_cmn.arc,gui_cmn.arc,21231
0,,幻視の光：ディアマンテス,Light Vision: Diamantes,ui\00_message\common\item_name.gmd,\ui\gui_cmn.arc,gui_cmn.arc,21232
0,,幻視の光：テオドール,Light Vision: Theodor,ui\00_message\common\item_name.gmd,\ui\gui_cmn.arc,gui_cmn.arc,21233
0,,幻視の光：ヴァネッサ,Light Vision: Vanessa,ui\00_message\common\item_name.gmd,\ui\gui_cmn.arc,gui_cmn.arc,21234
0,,幻視の光：ファビオ,Light Vision: Fabio,ui\00_message\common\item_name.gmd,\ui\gui_cmn.arc,gui_cmn.arc,21235
0,,幻視の光：リズ,Light Vision: Lise,ui\00_message\common\item_name.gmd,\ui\gui_cmn.arc,gui_cmn.arc,21236
0,,幻視の光：メイリーフ,Light Vision: Mayleaf,ui\00_message\common\item_name.gmd,\ui\gui_cmn.arc,gui_cmn.arc,21237
0,,幻視の光：キースヒルト,Light Vision: Kieshildt,ui\00_message\common\item_name.gmd,\ui\gui_cmn.arc,gui_cmn.arc,21238
0,,幻視の光：セシリー,Light Vision: Cecily,ui\00_message\common\item_name.gmd,\ui\gui_cmn.arc,gui_cmn.arc,21239
0,,幻視の光：エリオット,Light Vision: Elliot,ui\00_message\common\item_name.gmd,\ui\gui_cmn.arc,gui_cmn.arc,21240
0,,幻視の光：ロイグ,Light Vision: Loeg,ui\00_message\common\item_name.gmd,\ui\gui_cmn.arc,gui_cmn.arc,21241
0,,幻視の光：ネド,Light Vision: Nedo,ui\00_message\common\item_name.gmd,\ui\gui_cmn.arc,gui_cmn.arc,21242
0,,幻視の光：ジリアン,Light Vision: Gillian,ui\00_message\common\item_name.gmd,\ui\gui_cmn.arc,gui_cmn.arc,21243
0,,幻視の光：セネカ,Light Vision: Seneka,ui\00_message\common\item_name.gmd,\ui\gui_cmn.arc,gui_cmn.arc,21244
0,,幻視の光：メイロワ,Light Vision: Meirova,ui\00_message\common\item_name.gmd,\ui\gui_cmn.arc,gui_cmn.arc,21245
0,,幻視の光：ガルドリン,Light Vision: Gurdolin,ui\00_message\common\item_name.gmd,\ui\gui_cmn.arc,gui_cmn.arc,21246
0,,幻視の光：ベルタ,Light Vision: Bertha,ui\00_message\common\item_name.gmd,\ui\gui_cmn.arc,gui_cmn.arc,21247
0,,幻視の光：プラム,Light Vision: Plum,ui\00_message\common\item_name.gmd,\ui\gui_cmn.arc,gui_cmn.arc,21248
0,,幻視の光：キャリー,Light Vision: Carrie,ui\00_message\common\item_name.gmd,\ui\gui_cmn.arc,gui_cmn.arc,21249
0,,幻視の光：ソネル,Light Vision: Sonel,ui\00_message\common\item_name.gmd,\ui\gui_cmn.arc,gui_cmn.arc,21250
0,,幻視の光：ソニア,Light Vision: Sonia,ui\00_message\common\item_name.gmd,\ui\gui_cmn.arc,gui_cmn.arc,21251
0,,幻視の光：コーネリア,Light Vision: Cornelia,ui\00_message\common\item_name.gmd,\ui\gui_cmn.arc,gui_cmn.arc,21252
0,,幻視の光：キャメロン,Light Vision: Cameron,ui\00_message\common\item_name.gmd,\ui\gui_cmn.arc,gui_cmn.arc,21253
0,,幻視の光：リサ,Light Vision: Lisa,ui\00_message\common\item_name.gmd,\ui\gui_cmn.arc,gui_cmn.arc,21254
0,,幻視の光：クレイグ,Light Vision: Craig,ui\00_message\common\item_name.gmd,\ui\gui_cmn.arc,gui_cmn.arc,21255
0,,幻視の光：メフィス,Light Vision: Mephis,ui\00_message\common\item_name.gmd,\ui\gui_cmn.arc,gui_cmn.arc,21256
0,,幻視の光：オリバー,Light Vision: Oliver,ui\00_message\common\item_name.gmd,\ui\gui_cmn.arc,gui_cmn.arc,21257
0,,幻視の光：カミュ,Light Vision: Camus,ui\00_message\common\item_name.gmd,\ui\gui_cmn.arc,gui_cmn.arc,21258
0,,幻視の光：ルドルフォ,Light Vision: Rudolfo,ui\00_message\common\item_name.gmd,\ui\gui_cmn.arc,gui_cmn.arc,21259
0,,幻視の光：エメラダ,Light Vision: Emerada,ui\00_message\common\item_name.gmd,\ui\gui_cmn.arc,gui_cmn.arc,21260
0,,幻視の光：リングディール,Light Vision: Ringdeel,ui\00_message\common\item_name.gmd,\ui\gui_cmn.arc,gui_cmn.arc,21261
0,,幻視の光：イヴァン,Light Vision: Ivan,ui\00_message\common\item_name.gmd,\ui\gui_cmn.arc,gui_cmn.arc,21262
0,,幻視の光：チェスター,Light Vision: Chester,ui\00_message\common\item_name.gmd,\ui\gui_cmn.arc,gui_cmn.arc,21263
0,,幻視の光：アデルドナハ,Light Vision: Adair Donnchadh,ui\00_message\common\item_name.gmd,\ui\gui_cmn.arc,gui_cmn.arc,21264
0,,幻視の光：キルスティ,Light Vision: Kirsty,ui\00_message\common\item_name.gmd,\ui\gui_cmn.arc,gui_cmn.arc,21265
0,,思い出を映す水晶球,Memory Reflecting Crystal Ball,ui\00_message\common\item_name.gmd,\ui\gui_cmn.arc,gui_cmn.arc,21266
0,,レシピ：ミニテーブル,Recipe: Mini Table,ui\00_message\common\item_name.gmd,\ui\gui_cmn.arc,gui_cmn.arc,21267
0,,レシピ：キャビネット,Recipe: Cabinet,ui\00_message\common\item_name.gmd,\ui\gui_cmn.arc,gui_cmn.arc,21268
0,,レシピ：深紅の絨毯,Recipe: Crimson Carpet,ui\00_message\common\item_name.gmd,\ui\gui_cmn.arc,gui_cmn.arc,21269
0,,レシピ：本棚,Recipe: Bookshelves,ui\00_message\common\item_name.gmd,\ui\gui_cmn.arc,gui_cmn.arc,21270
0,,レシピ：レンガ造りの調理設備,Recipe: Brick Cooking Station,ui\00_message\common\item_name.gmd,\ui\gui_cmn.arc,gui_cmn.arc,21271
0,,レシピ：ディナーセット,Recipe: Dinner Set,ui\00_message\common\item_name.gmd,\ui\gui_cmn.arc,gui_cmn.arc,21272
0,,レシピ：レスタニアンパペット・オーク,Recipe: Lestanian Puppet - Orc,ui\00_message\common\item_name.gmd,\ui\gui_cmn.arc,gui_cmn.arc,21273
0,,レシピ：レスタニアンパペット・モゴック,Recipe: Lestanian Puppet - Mogok,ui\00_message\common\item_name.gmd,\ui\gui_cmn.arc,gui_cmn.arc,21274
0,,レシピ：食材収納ラック,Recipe: Foodstuff Storage Rack,ui\00_message\common\item_name.gmd,\ui\gui_cmn.arc,gui_cmn.arc,21275
0,,レシピ：調理器具セット,Recipe: Cookware Set,ui\00_message\common\item_name.gmd,\ui\gui_cmn.arc,gui_cmn.arc,21276
0,,レシピ：ゴージャスベッド,Recipe: Gorgeous Bed,ui\00_message\common\item_name.gmd,\ui\gui_cmn.arc,gui_cmn.arc,21277
0,,レシピ：レスタニアンパペット・サイクロ,Recipe: Lestanian Puppet - Cyclops,ui\00_message\common\item_name.gmd,\ui\gui_cmn.arc,gui_cmn.arc,21278
0,,レシピ：レスタニアンパペット・タワー,Recipe: Lestanian Puppet - Tower,ui\00_message\common\item_name.gmd,\ui\gui_cmn.arc,gui_cmn.arc,21279
0,,レシピ：ムーディーランプ・ナチュラル,Recipe: Moody Lamp - Natural,ui\00_message\common\item_name.gmd,\ui\gui_cmn.arc,gui_cmn.arc,21280
0,,レシピ：ムーディーランプ・アイス,Recipe: Moody Lamp - Ice,ui\00_message\common\item_name.gmd,\ui\gui_cmn.arc,gui_cmn.arc,21281
0,,レシピ：ムーディーランプ・ベリー,Recipe: Moody Lamp - Berry,ui\00_message\common\item_name.gmd,\ui\gui_cmn.arc,gui_cmn.arc,21282
0,,レシピ：ライトミールセット,Recipe: Light Meal Set,ui\00_message\common\item_name.gmd,\ui\gui_cmn.arc,gui_cmn.arc,21283
0,,レシピ：レスタニアンパペット・サイクロ大,Recipe: Lestanian Puppet - Giant Cyclops,ui\00_message\common\item_name.gmd,\ui\gui_cmn.arc,gui_cmn.arc,21284
0,,レシピ：クローゼット,Recipe: Closet,ui\00_message\common\item_name.gmd,\ui\gui_cmn.arc,gui_cmn.arc,21285
0,,レシピ：お風呂・豊穣の湯,Recipe: Bath - Abundance Hot Tub,ui\00_message\common\item_name.gmd,\ui\gui_cmn.arc,gui_cmn.arc,21286
0,,レシピ：お風呂・活力の湯,Recipe: Bath - Vitality Hot Tub,ui\00_message\common\item_name.gmd,\ui\gui_cmn.arc,gui_cmn.arc,21287
0,,レシピ：ルームライト・サンライズ,Recipe: Room Light - Sunrise,ui\00_message\common\item_name.gmd,\ui\gui_cmn.arc,gui_cmn.arc,21288
0,,レシピ：ルームライト・オーシャン,Recipe: Room Light - Ocean,ui\00_message\common\item_name.gmd,\ui\gui_cmn.arc,gui_cmn.arc,21289
0,,レシピ：風格のある机,Recipe: Opulent Desk,ui\00_message\common\item_name.gmd,\ui\gui_cmn.arc,gui_cmn.arc,21290
0,,レシピ：ジュークボックス,Recipe: Jukebox,ui\00_message\common\item_name.gmd,\ui\gui_cmn.arc,gui_cmn.arc,21291
0,,レシピ：エレガントなカーペット,Recipe: Elegant Carpet,ui\00_message\common\item_name.gmd,\ui\gui_cmn.arc,gui_cmn.arc,21292
0,,レシピ：エキゾチックなカーペット,Recipe: Exotic Carpet,ui\00_message\common\item_name.gmd,\ui\gui_cmn.arc,gui_cmn.arc,21293
0,,レシピ：ゴージャスなカーペット,Recipe: Gorgeous Carpet,ui\00_message\common\item_name.gmd,\ui\gui_cmn.arc,gui_cmn.arc,21294
0,,レシピ：クラシックなカーペット,Recipe: Classic Carpet,ui\00_message\common\item_name.gmd,\ui\gui_cmn.arc,gui_cmn.arc,21295
0,,レシピ：ダイニングテーブル・ローズ,Recipe: Dining Table - Rose,ui\00_message\common\item_name.gmd,\ui\gui_cmn.arc,gui_cmn.arc,21296
0,,レシピ：ダイニングテーブル・オーシャン,Recipe: Dining Table - Ocean,ui\00_message\common\item_name.gmd,\ui\gui_cmn.arc,gui_cmn.arc,21297
0,,レシピ：ダイニング・フラワーポット,Recipe: Dining - Flower Pot,ui\00_message\common\item_name.gmd,\ui\gui_cmn.arc,gui_cmn.arc,21298
0,,レシピ：ゴージャスベッド・アイス,Recipe: Gorgeous Bed - Ice,ui\00_message\common\item_name.gmd,\ui\gui_cmn.arc,gui_cmn.arc,21299
0,,レシピ：ゴージャスベッド・ベリー,Recipe: Gorgeous Bed - Berry,ui\00_message\common\item_name.gmd,\ui\gui_cmn.arc,gui_cmn.arc,21300
0,,レシピ：ゴージャスベッド・ミント,Recipe: Gorgeous Bed - Mint,ui\00_message\common\item_name.gmd,\ui\gui_cmn.arc,gui_cmn.arc,21301
0,,レシピ：パペット・マンドラゴラ,Recipe: Puppet - Mandragora,ui\00_message\common\item_name.gmd,\ui\gui_cmn.arc,gui_cmn.arc,21302
0,,レシピ：ムーディーランプ・ミント,Recipe: Moody Lamp - Mint,ui\00_message\common\item_name.gmd,\ui\gui_cmn.arc,gui_cmn.arc,21303
0,,レシピ：テーブル・ローズ,Recipe: Table - Rose,ui\00_message\common\item_name.gmd,\ui\gui_cmn.arc,gui_cmn.arc,21304
0,,レシピ：テーブル・オーシャン,Recipe: Table - Ocean,ui\00_message\common\item_name.gmd,\ui\gui_cmn.arc,gui_cmn.arc,21305
0,,レシピ：テーブル・フラワーポット,Recipe: Table - Flower Pot,ui\00_message\common\item_name.gmd,\ui\gui_cmn.arc,gui_cmn.arc,21306
0,,レシピ：封印された樹晶,Recipe: Sealed Crystal Tree,ui\00_message\common\item_name.gmd,\ui\gui_cmn.arc,gui_cmn.arc,21307
0,,レシピ：解放された樹晶,Recipe: Unsealed Crystal Tree,ui\00_message\common\item_name.gmd,\ui\gui_cmn.arc,gui_cmn.arc,21308
0,,レシピ：覚者の部屋着・タイプ１,Recipe: Arisen's Loungewear (Type 1),ui\00_message\common\item_name.gmd,\ui\gui_cmn.arc,gui_cmn.arc,21309
0,,レシピ：覚者の部屋着・タイプ２,Recipe: Arisen's Loungewear (Type 2),ui\00_message\common\item_name.gmd,\ui\gui_cmn.arc,gui_cmn.arc,21310
0,,レシピ：覚者の部屋着・タイプ３,Recipe: Arisen's Loungewear (Type 3),ui\00_message\common\item_name.gmd,\ui\gui_cmn.arc,gui_cmn.arc,21311
0,,レシピ：従者の部屋着・タイプ１,Recipe: Servant's Loungewear (Type 1),ui\00_message\common\item_name.gmd,\ui\gui_cmn.arc,gui_cmn.arc,21312
0,,レシピ：従者の部屋着・タイプ２,Recipe: Servant's Loungewear (Type 2),ui\00_message\common\item_name.gmd,\ui\gui_cmn.arc,gui_cmn.arc,21313
0,,レシピ：従者の部屋着・タイプ３,Recipe: Servant's Loungewear (Type 3),ui\00_message\common\item_name.gmd,\ui\gui_cmn.arc,gui_cmn.arc,21314
0,,レシピ：従者の湯浴み着・タイプ１,Recipe: Servant's Bathing Clothes (Type 1),ui\00_message\common\item_name.gmd,\ui\gui_cmn.arc,gui_cmn.arc,21315
0,,レシピ：従者の湯浴み着・タイプ２,Recipe: Servant's Bathing Clothes (Type 2),ui\00_message\common\item_name.gmd,\ui\gui_cmn.arc,gui_cmn.arc,21316
0,,レシピ：従者の湯浴み着・タイプ３,Recipe: Servant's Bathing Clothes (Type 3),ui\00_message\common\item_name.gmd,\ui\gui_cmn.arc,gui_cmn.arc,21317
0,,レシピ：従者の寝巻き・タイプ１,Recipe: Servant's Sleepwear (Type 1),ui\00_message\common\item_name.gmd,\ui\gui_cmn.arc,gui_cmn.arc,21318
0,,レシピ：従者の寝巻き・タイプ２,Recipe: Servant's Sleepwear (Type 2),ui\00_message\common\item_name.gmd,\ui\gui_cmn.arc,gui_cmn.arc,21319
0,,レシピ：従者の寝巻き・タイプ３,Recipe: Servant's Sleepwear (Type 3),ui\00_message\common\item_name.gmd,\ui\gui_cmn.arc,gui_cmn.arc,21320
0,,レシピ：パペット・マンドラゴラ大,Recipe: Puppet - Giant Mandragora,ui\00_message\common\item_name.gmd,\ui\gui_cmn.arc,gui_cmn.arc,21321
0,,レシピ：パペット・埋もれマンドラゴラ大,Recipe: Puppet - Burrowing Giant Mandragora,ui\00_message\common\item_name.gmd,\ui\gui_cmn.arc,gui_cmn.arc,21322
0,,レシピ：マンドラゴランタン,Recipe: Mandragora Lantern,ui\00_message\common\item_name.gmd,\ui\gui_cmn.arc,gui_cmn.arc,21323
0,,レシピ：特製チョコレート,Recipe: Special Chocolate,ui\00_message\common\item_name.gmd,\ui\gui_cmn.arc,gui_cmn.arc,21324
0,,レシピ：白い壁紙,Recipe: White Wallpaper,ui\00_message\common\item_name.gmd,\ui\gui_cmn.arc,gui_cmn.arc,21325
0,,レシピ：黒い壁紙,Recipe: Black Wallpaper,ui\00_message\common\item_name.gmd,\ui\gui_cmn.arc,gui_cmn.arc,21326
0,,レシピ：ウォールペイント・レッド,Recipe: Wall Paint - Red,ui\00_message\common\item_name.gmd,\ui\gui_cmn.arc,gui_cmn.arc,21327
0,,レシピ：レンガ柄の壁紙,Recipe: Brick Pattern Wallpaper,ui\00_message\common\item_name.gmd,\ui\gui_cmn.arc,gui_cmn.arc,21328
0,,レシピ：レスタニアの壁紙,Recipe: Lestania Wallpaper,ui\00_message\common\item_name.gmd,\ui\gui_cmn.arc,gui_cmn.arc,21329
0,,レシピ：鳩時計,Recipe: Cuckoo Clock,ui\00_message\common\item_name.gmd,\ui\gui_cmn.arc,gui_cmn.arc,21330
0,,レシピ：アンティークの机・ナチュラル,Recipe: Antique Desk - Natural,ui\00_message\common\item_name.gmd,\ui\gui_cmn.arc,gui_cmn.arc,21331
0,,レシピ：アンティークの机・スノウ,Recipe: Antique Desk - Snow,ui\00_message\common\item_name.gmd,\ui\gui_cmn.arc,gui_cmn.arc,21332
0,,レシピ：アンティークの机・チャコール,Recipe: Antique Desk - Charcoal,ui\00_message\common\item_name.gmd,\ui\gui_cmn.arc,gui_cmn.arc,21333
0,,レシピ：アンティークの机・ローズ,Recipe: Antique Desk - Rose,ui\00_message\common\item_name.gmd,\ui\gui_cmn.arc,gui_cmn.arc,21334
0,,レシピ：山羊毛織のカーペット・ホワイト,Recipe: Goat Woolen Carpet - White,ui\00_message\common\item_name.gmd,\ui\gui_cmn.arc,gui_cmn.arc,21335
0,,レシピ：山羊毛織のカーペット・ブラック,Recipe: Goat Woolen Carpet - Black,ui\00_message\common\item_name.gmd,\ui\gui_cmn.arc,gui_cmn.arc,21336
0,,レシピ：毛織りのカーペット・ローズ,Recipe: Woolen Carpet - Rose,ui\00_message\common\item_name.gmd,\ui\gui_cmn.arc,gui_cmn.arc,21337
0,,レシピ：タペストリー・レスタニア,Recipe: Tapestry - Lestania,ui\00_message\common\item_name.gmd,\ui\gui_cmn.arc,gui_cmn.arc,21338
0,,レシピ：タペストリー・プライド,Recipe: Tapestry - Pride,ui\00_message\common\item_name.gmd,\ui\gui_cmn.arc,gui_cmn.arc,21339
0,,レシピ：タペストリー・ドラゴン,Recipe: Tapestry - Dragon,ui\00_message\common\item_name.gmd,\ui\gui_cmn.arc,gui_cmn.arc,21340
0,,レシピ：タペストリー・フィンダム,Recipe: Tapestry - Phindym,ui\00_message\common\item_name.gmd,\ui\gui_cmn.arc,gui_cmn.arc,21341
0,,レシピ：クロステーブル・フォレスト,Recipe: Cross Table - Forest,ui\00_message\common\item_name.gmd,\ui\gui_cmn.arc,gui_cmn.arc,21342
0,,レシピ：クロステーブル・ローズ,Recipe: Cross Table - Rose,ui\00_message\common\item_name.gmd,\ui\gui_cmn.arc,gui_cmn.arc,21343
0,,レシピ：クロステーブル・チャコール,Recipe: Cross Table - Charcoal,ui\00_message\common\item_name.gmd,\ui\gui_cmn.arc,gui_cmn.arc,21344
0,,レシピ：柱時計,Recipe: Wall Clock,ui\00_message\common\item_name.gmd,\ui\gui_cmn.arc,gui_cmn.arc,21345
0,,レシピ：毛織のリビングカーペット・ホワイト,Recipe: Woolen Living Room Carpet - White,ui\00_message\common\item_name.gmd,\ui\gui_cmn.arc,gui_cmn.arc,21346
0,,レシピ：毛織のリビングカーペット・ブラック,Recipe: Woolen Living Room Carpet - Black,ui\00_message\common\item_name.gmd,\ui\gui_cmn.arc,gui_cmn.arc,21347
0,,レシピ：毛織りのリビングカーペット・ローズ,Recipe: Woolen Living Room Carpet - Rose,ui\00_message\common\item_name.gmd,\ui\gui_cmn.arc,gui_cmn.arc,21348
0,,レシピ：アリストクラットバス・キメラ,Recipe: Aristocrat Bath - Chimera,ui\00_message\common\item_name.gmd,\ui\gui_cmn.arc,gui_cmn.arc,21349
0,,レシピ：アリストクラットバス・グリフィン,Recipe: Aristocrat Bath - Griffin,ui\00_message\common\item_name.gmd,\ui\gui_cmn.arc,gui_cmn.arc,21350
0,,レシピ：アリストクラットバス・ウィルム,Recipe: Aristocrat Bath - Wyrm,ui\00_message\common\item_name.gmd,\ui\gui_cmn.arc,gui_cmn.arc,21351
0,,レシピ：アリストクラットバス・ドレイク,Recipe: Aristocrat Bath - Drake,ui\00_message\common\item_name.gmd,\ui\gui_cmn.arc,gui_cmn.arc,21352
0,,レシピ：アリストクラットバス・マンイーター,Recipe: Aristocrat Bath - Maneater,ui\00_message\common\item_name.gmd,\ui\gui_cmn.arc,gui_cmn.arc,21353
0,,レシピ：エレガントテーブル・ローズ,Recipe: Elegant Table - Rose,ui\00_message\common\item_name.gmd,\ui\gui_cmn.arc,gui_cmn.arc,21354
0,,レシピ：ダイニングテーブル・チャコール,Recipe: Dining Table - Charcoal,ui\00_message\common\item_name.gmd,\ui\gui_cmn.arc,gui_cmn.arc,21355
0,,レシピ：サイクロランタン,Recipe: Cyclops Lantern,ui\00_message\common\item_name.gmd,\ui\gui_cmn.arc,gui_cmn.arc,21356
0,,レシピ：サイクロランタン【銀】,Recipe: Cyclops Lantern (Silver),ui\00_message\common\item_name.gmd,\ui\gui_cmn.arc,gui_cmn.arc,21357
0,,レシピ：精霊竜像,Recipe: Spirit Dragon Statue,ui\00_message\common\item_name.gmd,\ui\gui_cmn.arc,gui_cmn.arc,21358
0,,レシピ：タペストリー・ルインズ,Recipe: Tapestry - Ruins,ui\00_message\common\item_name.gmd,\ui\gui_cmn.arc,gui_cmn.arc,21359
0,,レシピ：アリストクラットバス・コカトリス,Recipe: Aristocrat Bath - Cockatrice,ui\00_message\common\item_name.gmd,\ui\gui_cmn.arc,gui_cmn.arc,21360
0,,レシピ：立体映像投影機,Recipe: Stereoscopic Projector,ui\00_message\common\item_name.gmd,\ui\gui_cmn.arc,gui_cmn.arc,21361
0,,レシピ：タペストリー・ワイルド,Recipe: Tapestry - Wild,ui\00_message\common\item_name.gmd,\ui\gui_cmn.arc,gui_cmn.arc,21362
0,,レシピ：アリストクラットバス・アングルス,Recipe: Aristocrat Bath - Angules,ui\00_message\common\item_name.gmd,\ui\gui_cmn.arc,gui_cmn.arc,21363
0,,レシピ：タペストリー・アルケム,Recipe: Tapestry - Alchemic,ui\00_message\common\item_name.gmd,\ui\gui_cmn.arc,gui_cmn.arc,21364
0,,レシピ：火竜像,Recipe: Fire Dragon Statue,ui\00_message\common\item_name.gmd,\ui\gui_cmn.arc,gui_cmn.arc,21365
0,,レシピ：ゴールデンアイランタン,Recipe: Golden Eye Lantern,ui\00_message\common\item_name.gmd,\ui\gui_cmn.arc,gui_cmn.arc,21366
0,,レシピ：探究者の眼鏡,Recipe: Investigator's Spectacles,ui\00_message\common\item_name.gmd,\ui\gui_cmn.arc,gui_cmn.arc,21367
0,,レシピ：幻視の光：レオ,Recipe: Light Vision: Leo,ui\00_message\common\item_name.gmd,\ui\gui_cmn.arc,gui_cmn.arc,21368
0,,レシピ：幻視の光：ミシアル,Recipe: Light Vision: Mysial,ui\00_message\common\item_name.gmd,\ui\gui_cmn.arc,gui_cmn.arc,21369
0,,レシピ：幻視の光：イリス,Recipe: Light Vision: Iris,ui\00_message\common\item_name.gmd,\ui\gui_cmn.arc,gui_cmn.arc,21370
0,,レシピ：幻視の光：クラウス,Recipe: Light Vision: Klaus,ui\00_message\common\item_name.gmd,\ui\gui_cmn.arc,gui_cmn.arc,21371
0,,レシピ：幻視の光：ジョゼフ,Recipe: Light Vision: Joseph,ui\00_message\common\item_name.gmd,\ui\gui_cmn.arc,gui_cmn.arc,21372
0,,レシピ：幻視の光：ゲルト,Recipe: Light Vision: Gerd,ui\00_message\common\item_name.gmd,\ui\gui_cmn.arc,gui_cmn.arc,21373
0,,レシピ：幻視の光：ハインツ,Recipe: Light Vision: Heinz,ui\00_message\common\item_name.gmd,\ui\gui_cmn.arc,gui_cmn.arc,21374
0,,レシピ：幻視の光：ディアマンテス,Recipe: Light Vision: Diamantes,ui\00_message\common\item_name.gmd,\ui\gui_cmn.arc,gui_cmn.arc,21375
0,,レシピ：幻視の光：テオドール,Recipe: Light Vision: Theodor,ui\00_message\common\item_name.gmd,\ui\gui_cmn.arc,gui_cmn.arc,21376
0,,レシピ：幻視の光：ヴァネッサ,Recipe: Light Vision: Vanessa,ui\00_message\common\item_name.gmd,\ui\gui_cmn.arc,gui_cmn.arc,21377
0,,レシピ：幻視の光：ファビオ,Recipe: Light Vision: Fabio,ui\00_message\common\item_name.gmd,\ui\gui_cmn.arc,gui_cmn.arc,21378
0,,レシピ：幻視の光：リズ,Recipe: Light Vision: Lise,ui\00_message\common\item_name.gmd,\ui\gui_cmn.arc,gui_cmn.arc,21379
0,,レシピ：幻視の光：メイリーフ,Recipe: Light Vision: Mayleaf,ui\00_message\common\item_name.gmd,\ui\gui_cmn.arc,gui_cmn.arc,21380
0,,レシピ：幻視の光：キースヒルト,Recipe: Light Vision: Kieshildt,ui\00_message\common\item_name.gmd,\ui\gui_cmn.arc,gui_cmn.arc,21381
0,,レシピ：幻視の光：セシリー,Recipe: Light Vision: Cecily,ui\00_message\common\item_name.gmd,\ui\gui_cmn.arc,gui_cmn.arc,21382
0,,レシピ：幻視の光：エリオット,Recipe: Light Vision: Elliot,ui\00_message\common\item_name.gmd,\ui\gui_cmn.arc,gui_cmn.arc,21383
0,,レシピ：幻視の光：ロイグ,Recipe: Light Vision: Loeg,ui\00_message\common\item_name.gmd,\ui\gui_cmn.arc,gui_cmn.arc,21384
0,,レシピ：幻視の光：ネド,Recipe: Light Vision: Nedo,ui\00_message\common\item_name.gmd,\ui\gui_cmn.arc,gui_cmn.arc,21385
0,,レシピ：幻視の光：ジリアン,Recipe: Light Vision: Gillian,ui\00_message\common\item_name.gmd,\ui\gui_cmn.arc,gui_cmn.arc,21386
0,,レシピ：幻視の光：セネカ,Recipe: Light Vision: Seneka,ui\00_message\common\item_name.gmd,\ui\gui_cmn.arc,gui_cmn.arc,21387
0,,レシピ：幻視の光：メイロワ,Recipe: Light Vision: Meirova,ui\00_message\common\item_name.gmd,\ui\gui_cmn.arc,gui_cmn.arc,21388
0,,レシピ：幻視の光：ガルドリン,Recipe: Light Vision: Gurdolin,ui\00_message\common\item_name.gmd,\ui\gui_cmn.arc,gui_cmn.arc,21389
0,,レシピ：幻視の光：ベルタ,Recipe: Light Vision: Bertha,ui\00_message\common\item_name.gmd,\ui\gui_cmn.arc,gui_cmn.arc,21390
0,,レシピ：幻視の光：プラム,Recipe: Light Vision: Plum,ui\00_message\common\item_name.gmd,\ui\gui_cmn.arc,gui_cmn.arc,21391
0,,レシピ：幻視の光：キャリー,Recipe: Light Vision: Carrie,ui\00_message\common\item_name.gmd,\ui\gui_cmn.arc,gui_cmn.arc,21392
0,,レシピ：幻視の光：ソネル,Recipe: Light Vision: Sonel,ui\00_message\common\item_name.gmd,\ui\gui_cmn.arc,gui_cmn.arc,21393
0,,レシピ：幻視の光：ソニア,Recipe: Light Vision: Sonia,ui\00_message\common\item_name.gmd,\ui\gui_cmn.arc,gui_cmn.arc,21394
0,,レシピ：幻視の光：コーネリア,Recipe: Light Vision: Cornelia,ui\00_message\common\item_name.gmd,\ui\gui_cmn.arc,gui_cmn.arc,21395
0,,レシピ：幻視の光：キャメロン,Recipe: Light Vision: Cameron,ui\00_message\common\item_name.gmd,\ui\gui_cmn.arc,gui_cmn.arc,21396
0,,レシピ：幻視の光：リサ,Recipe: Light Vision: Lisa,ui\00_message\common\item_name.gmd,\ui\gui_cmn.arc,gui_cmn.arc,21397
0,,レシピ：幻視の光：クレイグ,Recipe: Light Vision: Craig,ui\00_message\common\item_name.gmd,\ui\gui_cmn.arc,gui_cmn.arc,21398
0,,レシピ：幻視の光：メフィス,Recipe: Light Vision: Mephis,ui\00_message\common\item_name.gmd,\ui\gui_cmn.arc,gui_cmn.arc,21399
0,,レシピ：幻視の光：オリバー,Recipe: Light Vision: Oliver,ui\00_message\common\item_name.gmd,\ui\gui_cmn.arc,gui_cmn.arc,21400
0,,レシピ：幻視の光：カミュ,Recipe: Light Vision: Camus,ui\00_message\common\item_name.gmd,\ui\gui_cmn.arc,gui_cmn.arc,21401
0,,レシピ：幻視の光：ルドルフォ,Recipe: Light Vision: Rudolfo,ui\00_message\common\item_name.gmd,\ui\gui_cmn.arc,gui_cmn.arc,21402
0,,レシピ：幻視の光：エメラダ,Recipe: Light Vision: Emerada,ui\00_message\common\item_name.gmd,\ui\gui_cmn.arc,gui_cmn.arc,21403
0,,レシピ：幻視の光：リングディール,Recipe: Light Vision: Ringdeel,ui\00_message\common\item_name.gmd,\ui\gui_cmn.arc,gui_cmn.arc,21404
0,,レシピ：幻視の光：イヴァン,Recipe: Light Vision: Ivan,ui\00_message\common\item_name.gmd,\ui\gui_cmn.arc,gui_cmn.arc,21405
0,,レシピ：幻視の光：チェスター,Recipe: Light Vision: Chester,ui\00_message\common\item_name.gmd,\ui\gui_cmn.arc,gui_cmn.arc,21406
0,,レシピ：幻視の光：アデルドナハ,Recipe: Light Vision: Adair Donnchadh,ui\00_message\common\item_name.gmd,\ui\gui_cmn.arc,gui_cmn.arc,21407
0,,レシピ：幻視の光：キルスティ,Recipe: Light Vision: Kirsty,ui\00_message\common\item_name.gmd,\ui\gui_cmn.arc,gui_cmn.arc,21408
0,,レシピ：ラフィネサークレット,,ui\00_message\common\item_name.gmd,\ui\gui_cmn.arc,gui_cmn.arc,21409
0,,レシピ：ラフィネビジュー,,ui\00_message\common\item_name.gmd,\ui\gui_cmn.arc,gui_cmn.arc,21410
0,,レシピ：ラフィネアーム,,ui\00_message\common\item_name.gmd,\ui\gui_cmn.arc,gui_cmn.arc,21411
0,,レシピ：ラフィネレッグス,,ui\00_message\common\item_name.gmd,\ui\gui_cmn.arc,gui_cmn.arc,21412
0,,レシピ：ノブルサークレット,,ui\00_message\common\item_name.gmd,\ui\gui_cmn.arc,gui_cmn.arc,21413
0,,レシピ：ノブルビジュー,,ui\00_message\common\item_name.gmd,\ui\gui_cmn.arc,gui_cmn.arc,21414
0,,レシピ：ノブルアーム,,ui\00_message\common\item_name.gmd,\ui\gui_cmn.arc,gui_cmn.arc,21415
0,,レシピ：ノブルレッグス,,ui\00_message\common\item_name.gmd,\ui\gui_cmn.arc,gui_cmn.arc,21416
0,,レシピ：ヴォルカニックスパークル,,ui\00_message\common\item_name.gmd,\ui\gui_cmn.arc,gui_cmn.arc,21417
0,,レシピ：ヴォルカニックカラー,,ui\00_message\common\item_name.gmd,\ui\gui_cmn.arc,gui_cmn.arc,21418
0,,レシピ：ヴォルカニックグラブ,,ui\00_message\common\item_name.gmd,\ui\gui_cmn.arc,gui_cmn.arc,21419
0,,レシピ：ヴォルカニックハイブーツ,,ui\00_message\common\item_name.gmd,\ui\gui_cmn.arc,gui_cmn.arc,21420
0,,ノーマルブルー,Normal Blue,ui\00_message\common\item_name.gmd,\ui\gui_cmn.arc,gui_cmn.arc,21421
0,,オールドスクロール,Old Scroll,ui\00_message\common\item_name.gmd,\ui\gui_cmn.arc,gui_cmn.arc,21422
0,,ノーマルブラウン,Normal Brown,ui\00_message\common\item_name.gmd,\ui\gui_cmn.arc,gui_cmn.arc,21423
0,,モンスターズ,Monsters,ui\00_message\common\item_name.gmd,\ui\gui_cmn.arc,gui_cmn.arc,21424
0,,ダークマーブル,Dark Marble,ui\00_message\common\item_name.gmd,\ui\gui_cmn.arc,gui_cmn.arc,21425
0,,アーガイル,Argyle,ui\00_message\common\item_name.gmd,\ui\gui_cmn.arc,gui_cmn.arc,21426
0,,マリン・ノート,Marine Note,ui\00_message\common\item_name.gmd,\ui\gui_cmn.arc,gui_cmn.arc,21427
0,,ウェーブストライプ,Wave Stripes,ui\00_message\common\item_name.gmd,\ui\gui_cmn.arc,gui_cmn.arc,21428
0,,ピンクフラワー,Pink Flowers,ui\00_message\common\item_name.gmd,\ui\gui_cmn.arc,gui_cmn.arc,21429
0,,モノグラム,Monogram,ui\00_message\common\item_name.gmd,\ui\gui_cmn.arc,gui_cmn.arc,21430
0,,オールドストライプ,Old Stripes,ui\00_message\common\item_name.gmd,\ui\gui_cmn.arc,gui_cmn.arc,21431
0,,キューブ,Cubes,ui\00_message\common\item_name.gmd,\ui\gui_cmn.arc,gui_cmn.arc,21432
0,,神殿,Temple,ui\00_message\common\item_name.gmd,\ui\gui_cmn.arc,gui_cmn.arc,21433
0,,カラフルエッグ,Colorful Eggs,ui\00_message\common\item_name.gmd,\ui\gui_cmn.arc,gui_cmn.arc,21434
0,,紋章,Coat of Arms,ui\00_message\common\item_name.gmd,\ui\gui_cmn.arc,gui_cmn.arc,21435
0,,スポットライト,Spotlight,ui\00_message\common\item_name.gmd,\ui\gui_cmn.arc,gui_cmn.arc,21436
0,,スティグマ,Stigma,ui\00_message\common\item_name.gmd,\ui\gui_cmn.arc,gui_cmn.arc,21437
0,,石畳,Cobblestone,ui\00_message\common\item_name.gmd,\ui\gui_cmn.arc,gui_cmn.arc,21438
0,,オペラカーテン,Opera Curtain,ui\00_message\common\item_name.gmd,\ui\gui_cmn.arc,gui_cmn.arc,21439
0,,ゴールドダマスク,Gold Damascus,ui\00_message\common\item_name.gmd,\ui\gui_cmn.arc,gui_cmn.arc,21440
0,,オベリスク,Obelisk,ui\00_message\common\item_name.gmd,\ui\gui_cmn.arc,gui_cmn.arc,21441
0,,ロイヤル,Royal,ui\00_message\common\item_name.gmd,\ui\gui_cmn.arc,gui_cmn.arc,21442
0,,ウッドテクスチャ,Wood Texture,ui\00_message\common\item_name.gmd,\ui\gui_cmn.arc,gui_cmn.arc,21443
0,,アンティーク,Antique,ui\00_message\common\item_name.gmd,\ui\gui_cmn.arc,gui_cmn.arc,21444
0,,クラシックフラワー,Classic Flowers,ui\00_message\common\item_name.gmd,\ui\gui_cmn.arc,gui_cmn.arc,21445
0,,シック,Chic,ui\00_message\common\item_name.gmd,\ui\gui_cmn.arc,gui_cmn.arc,21446
0,,セフィロトツリー,Sefirotic Tree,ui\00_message\common\item_name.gmd,\ui\gui_cmn.arc,gui_cmn.arc,21447
0,,ステンドグラス,Stained Glass,ui\00_message\common\item_name.gmd,\ui\gui_cmn.arc,gui_cmn.arc,21448
0,,ファイヤー,Fire,ui\00_message\common\item_name.gmd,\ui\gui_cmn.arc,gui_cmn.arc,21449
0,,ドラゴン,Dragon,ui\00_message\common\item_name.gmd,\ui\gui_cmn.arc,gui_cmn.arc,21450
0,,アルカナ,Arcana,ui\00_message\common\item_name.gmd,\ui\gui_cmn.arc,gui_cmn.arc,21451
0,,シーリングワックス,Sealing Wax,ui\00_message\common\item_name.gmd,\ui\gui_cmn.arc,gui_cmn.arc,21452
0,,ロイヤルティ,Royalty,ui\00_message\common\item_name.gmd,\ui\gui_cmn.arc,gui_cmn.arc,21453
0,,リーガルブルー,Regal Blue,ui\00_message\common\item_name.gmd,\ui\gui_cmn.arc,gui_cmn.arc,21454
0,,レスタニア全土,Lestania All Over,ui\00_message\common\item_name.gmd,\ui\gui_cmn.arc,gui_cmn.arc,21455
0,,チョコレート,Chocolate,ui\00_message\common\item_name.gmd,\ui\gui_cmn.arc,gui_cmn.arc,21456
0,,ブック,Book,ui\00_message\common\item_name.gmd,\ui\gui_cmn.arc,gui_cmn.arc,21457
0,,白竜シンボル,The White Dragon Symbol,ui\00_message\common\item_name.gmd,\ui\gui_cmn.arc,gui_cmn.arc,21458
0,,エレガント,Elegant,ui\00_message\common\item_name.gmd,\ui\gui_cmn.arc,gui_cmn.arc,21459
0,,ウッドボード,Wood Board,ui\00_message\common\item_name.gmd,\ui\gui_cmn.arc,gui_cmn.arc,21460
0,,ゲート,Gate,ui\00_message\common\item_name.gmd,\ui\gui_cmn.arc,gui_cmn.arc,21461
0,,燐光虫,Glowworms,ui\00_message\common\item_name.gmd,\ui\gui_cmn.arc,gui_cmn.arc,21462
0,,サマー,Summer,ui\00_message\common\item_name.gmd,\ui\gui_cmn.arc,gui_cmn.arc,21463
0,,トリック・オア・トリート,Trick or Treat,ui\00_message\common\item_name.gmd,\ui\gui_cmn.arc,gui_cmn.arc,21464
0,,知識の木,Tree of Knowledge,ui\00_message\common\item_name.gmd,\ui\gui_cmn.arc,gui_cmn.arc,21465
0,,アンティークパターン,Antique Pattern,ui\00_message\common\item_name.gmd,\ui\gui_cmn.arc,gui_cmn.arc,21466
0,,リム石碑,Rift Monument,ui\00_message\common\item_name.gmd,\ui\gui_cmn.arc,gui_cmn.arc,21467
0,,レリーフ,Relief,ui\00_message\common\item_name.gmd,\ui\gui_cmn.arc,gui_cmn.arc,21468
0,,エピック,Epic,ui\00_message\common\item_name.gmd,\ui\gui_cmn.arc,gui_cmn.arc,21469
0,,レジェンダリー,Legendary,ui\00_message\common\item_name.gmd,\ui\gui_cmn.arc,gui_cmn.arc,21470
0,,髪のパーツE×1,Hair Part E×1,ui\00_message\common\item_name.gmd,\ui\gui_cmn.arc,gui_cmn.arc,21471
0,,髪のパーツEX2,Hair Part EX2,ui\00_message\common\item_name.gmd,\ui\gui_cmn.arc,gui_cmn.arc,21472
0,,髪のパーツEX3,Hair Part EX3,ui\00_message\common\item_name.gmd,\ui\gui_cmn.arc,gui_cmn.arc,21473
0,,髪のパーツEX4,Hair Part EX4,ui\00_message\common\item_name.gmd,\ui\gui_cmn.arc,gui_cmn.arc,21474
0,,ポーズ・戦隊１,Pose Squadron 1,ui\00_message\common\item_name.gmd,\ui\gui_cmn.arc,gui_cmn.arc,21475
0,,ポーズ・戦隊２,Pose Squadron 2,ui\00_message\common\item_name.gmd,\ui\gui_cmn.arc,gui_cmn.arc,21476
0,,ポーズ・独創的２,Original Pose 2,ui\00_message\common\item_name.gmd,\ui\gui_cmn.arc,gui_cmn.arc,21477
0,,ポーズ・戦隊３,Pose Squadron 3,ui\00_message\common\item_name.gmd,\ui\gui_cmn.arc,gui_cmn.arc,21478
0,,ポーズ・戦隊４,Pose Squadron 4,ui\00_message\common\item_name.gmd,\ui\gui_cmn.arc,gui_cmn.arc,21479
0,,会話２,Conversation 2,ui\00_message\common\item_name.gmd,\ui\gui_cmn.arc,gui_cmn.arc,21480
0,,会話３,Conversation 3,ui\00_message\common\item_name.gmd,\ui\gui_cmn.arc,gui_cmn.arc,21481
0,,会話４,Conversation 4,ui\00_message\common\item_name.gmd,\ui\gui_cmn.arc,gui_cmn.arc,21482
0,,会話5,Conversation 5,ui\00_message\common\item_name.gmd,\ui\gui_cmn.arc,gui_cmn.arc,21483
0,,会話6,Conversation 6,ui\00_message\common\item_name.gmd,\ui\gui_cmn.arc,gui_cmn.arc,21484
0,,噴水,Fountain,ui\00_message\common\item_name.gmd,\ui\gui_cmn.arc,gui_cmn.arc,21485
0,,白竜像,White Dragon Statue,ui\00_message\common\item_name.gmd,\ui\gui_cmn.arc,gui_cmn.arc,21486
0,,食卓,Dining Table,ui\00_message\common\item_name.gmd,\ui\gui_cmn.arc,gui_cmn.arc,21487
0,,大絨毯,Large Carpet,ui\00_message\common\item_name.gmd,\ui\gui_cmn.arc,gui_cmn.arc,21488
0,,クリスマスツリー,Christmas Tree,ui\00_message\common\item_name.gmd,\ui\gui_cmn.arc,gui_cmn.arc,21489
0,,大絨毯・クリスマス,Large Carpet - Christmas,ui\00_message\common\item_name.gmd,\ui\gui_cmn.arc,gui_cmn.arc,21490
0,,ベースデコレーション,Hall Decoration,ui\00_message\common\item_name.gmd,\ui\gui_cmn.arc,gui_cmn.arc,21491
0,,ベースデコレーション・クリスマス,Hall Decoration - Christmas,ui\00_message\common\item_name.gmd,\ui\gui_cmn.arc,gui_cmn.arc,21492
0,,リトル・フロスト,Little Frost,ui\00_message\common\item_name.gmd,\ui\gui_cmn.arc,gui_cmn.arc,21493
0,,アニバーサリーパペット・３周年,3rd Anniversary Puppet,ui\00_message\common\item_name.gmd,\ui\gui_cmn.arc,gui_cmn.arc,21494
0,,アニバーサリーメニュー・３周年,3rd Anniversary Menu,ui\00_message\common\item_name.gmd,\ui\gui_cmn.arc,gui_cmn.arc,21495
0,,大絨毯・３周年,Large Carpet - 3rd Anniversary,ui\00_message\common\item_name.gmd,\ui\gui_cmn.arc,gui_cmn.arc,21496
0,,ベースデコレーション・３周年,Hall Decoration - 3rd Anniversary,ui\00_message\common\item_name.gmd,\ui\gui_cmn.arc,gui_cmn.arc,21497
0,,クラン拠点・ハロウィン装飾,Clan Hall - Halloween Decoration,ui\00_message\common\item_name.gmd,\ui\gui_cmn.arc,gui_cmn.arc,21498
0,,クラン拠点・ハロウィン大絨毯,Clan Hall - Halloween Large Carpet,ui\00_message\common\item_name.gmd,\ui\gui_cmn.arc,gui_cmn.arc,21499
0,,クラン拠点・ハロウィン料理,Clan Hall - Halloween Cuisine,ui\00_message\common\item_name.gmd,\ui\gui_cmn.arc,gui_cmn.arc,21500
0,,クラン拠点・ハロウィンぬいぐるみ,Clan Hall - Halloween Plush,ui\00_message\common\item_name.gmd,\ui\gui_cmn.arc,gui_cmn.arc,21501
0,,クラン拠点・ハロウィンツリー,Clan Hall - Halloween Tree,ui\00_message\common\item_name.gmd,\ui\gui_cmn.arc,gui_cmn.arc,21502
0,,クラン拠点・クリスマス料理,Clan Hall - Christmas Cuisine,ui\00_message\common\item_name.gmd,\ui\gui_cmn.arc,gui_cmn.arc,21503
0,,クラン拠点・ホワイトツリー,Clan Hall - White Tree,ui\00_message\common\item_name.gmd,\ui\gui_cmn.arc,gui_cmn.arc,21504
0,JEWELRY_CTGR_1,共通,Common,ui\00_message\common\jewelry_ctgr.gmd,\ui\uGUICharacter.arc,uGUICharacter.arc,0
0,JEWELRY_CTGR_1,共通,Common,ui\00_message\common\jewelry_ctgr.gmd,\ui\uGUIPopCraftDetail.arc,uGUIPopCraftDetail.arc,0
0,JEWELRY_CTGR_1,共通,Common,ui\00_message\common\jewelry_ctgr.gmd,\ui\uGUIPopDetail01.arc,uGUIPopDetail01.arc,0
1,JEWELRY_CTGR_2,上級リング,High Grade Ring,ui\00_message\common\jewelry_ctgr.gmd,\ui\uGUICharacter.arc,uGUICharacter.arc,1
1,JEWELRY_CTGR_2,上級リング,High Grade Ring,ui\00_message\common\jewelry_ctgr.gmd,\ui\uGUIPopCraftDetail.arc,uGUIPopCraftDetail.arc,1
1,JEWELRY_CTGR_2,上級リング,High Grade Ring,ui\00_message\common\jewelry_ctgr.gmd,\ui\uGUIPopDetail01.arc,uGUIPopDetail01.arc,1
2,JEWELRY_CTGR_3,上級ブレスレット,High Grade Bracelet,ui\00_message\common\jewelry_ctgr.gmd,\ui\uGUICharacter.arc,uGUICharacter.arc,2
2,JEWELRY_CTGR_3,上級ブレスレット,High Grade Bracelet,ui\00_message\common\jewelry_ctgr.gmd,\ui\uGUIPopCraftDetail.arc,uGUIPopCraftDetail.arc,2
2,JEWELRY_CTGR_3,上級ブレスレット,High Grade Bracelet,ui\00_message\common\jewelry_ctgr.gmd,\ui\uGUIPopDetail01.arc,uGUIPopDetail01.arc,2
3,JEWELRY_CTGR_4,上級ピアス,High Grade Earrings,ui\00_message\common\jewelry_ctgr.gmd,\ui\uGUICharacter.arc,uGUICharacter.arc,3
3,JEWELRY_CTGR_4,上級ピアス,High Grade Earrings,ui\00_message\common\jewelry_ctgr.gmd,\ui\uGUIPopCraftDetail.arc,uGUIPopCraftDetail.arc,3
3,JEWELRY_CTGR_4,上級ピアス,High Grade Earrings,ui\00_message\common\jewelry_ctgr.gmd,\ui\uGUIPopDetail01.arc,uGUIPopDetail01.arc,3
4,JEWELRY_CTGR_5,エンブレムストーン,Emblem Stone,ui\00_message\common\jewelry_ctgr.gmd,\ui\uGUICharacter.arc,uGUICharacter.arc,4
4,JEWELRY_CTGR_5,エンブレムストーン,Emblem Stone,ui\00_message\common\jewelry_ctgr.gmd,\ui\uGUIPopCraftDetail.arc,uGUIPopCraftDetail.arc,4
4,JEWELRY_CTGR_5,エンブレムストーン,Emblem Stone,ui\00_message\common\jewelry_ctgr.gmd,\ui\uGUIPopDetail01.arc,uGUIPopDetail01.arc,4
0,JOB_INFO_0,,,ui\00_message\common\job_info.gmd,\ui\uGUIJobExam.arc,uGUIJobExam.arc,0
0,JOB_INFO_0,,,ui\00_message\common\job_info.gmd,\ui\uGUIJobMaster.arc,uGUIJobMaster.arc,0
0,JOB_INFO_0,,,ui\00_message\common\job_info.gmd,\ui\uGUIJobSelect.arc,uGUIJobSelect.arc,0
0,JOB_INFO_0,,,ui\00_message\common\job_info.gmd,\ui\uGUISkill.arc,uGUISkill.arc,0
1,JOB_INFO_1,"攻守のバランスに長けた戦場の花形
盾を駆使したカウンター戦法を得意とする
常に前線に斬り込んでいける安定感が持ち味","Balances offense and defense in battle.
Can use their shield to counter attacks.
The Leader of the Battlefield.",ui\00_message\common\job_info.gmd,\ui\uGUIJobExam.arc,uGUIJobExam.arc,1
1,JOB_INFO_1,"攻守のバランスに長けた戦場の花形
盾を駆使したカウンター戦法を得意とする
常に前線に斬り込んでいける安定感が持ち味","Balances offense and defense in battle.
Can use their shield to counter attacks.
The Leader of the Battlefield.",ui\00_message\common\job_info.gmd,\ui\uGUIJobMaster.arc,uGUIJobMaster.arc,1
1,JOB_INFO_1,"攻守のバランスに長けた戦場の花形
盾を駆使したカウンター戦法を得意とする
常に前線に斬り込んでいける安定感が持ち味","Balances offense and defense in battle.
Can use their shield to counter attacks.
The Leader of the Battlefield.",ui\00_message\common\job_info.gmd,\ui\uGUIJobSelect.arc,uGUIJobSelect.arc,1
1,JOB_INFO_1,"攻守のバランスに長けた戦場の花形
盾を駆使したカウンター戦法を得意とする
常に前線に斬り込んでいける安定感が持ち味","Balances offense and defense in battle.
Can use their shield to counter attacks.
The Leader of the Battlefield.",ui\00_message\common\job_info.gmd,\ui\uGUISkill.arc,uGUISkill.arc,1
2,JOB_INFO_2,"ヒット＆アウェイのかく乱戦を得意とする軽業師
ロープワークで死角に回り込み、瞬時に巨大敵の
頭上に迫り連撃を加える様は戦場の疾風","An acrobat who excels at hit and run tactics.
Uses a rope to instantly move to the blind
spot of large enemies.
The Gale of the Battlefield.",ui\00_message\common\job_info.gmd,\ui\uGUIJobExam.arc,uGUIJobExam.arc,2
2,JOB_INFO_2,"ヒット＆アウェイのかく乱戦を得意とする軽業師
ロープワークで死角に回り込み、瞬時に巨大敵の
頭上に迫り連撃を加える様は戦場の疾風","An acrobat who excels at hit and run tactics.
Uses a rope to instantly move to the blind
spot of large enemies.
The Gale of the Battlefield.",ui\00_message\common\job_info.gmd,\ui\uGUIJobMaster.arc,uGUIJobMaster.arc,2
2,JOB_INFO_2,"ヒット＆アウェイのかく乱戦を得意とする軽業師
ロープワークで死角に回り込み、瞬時に巨大敵の
頭上に迫り連撃を加える様は戦場の疾風","An acrobat who excels at hit and run tactics.
Uses a rope to instantly move to the blind
spot of large enemies.
The Gale of the Battlefield.",ui\00_message\common\job_info.gmd,\ui\uGUIJobSelect.arc,uGUIJobSelect.arc,2
2,JOB_INFO_2,"ヒット＆アウェイのかく乱戦を得意とする軽業師
ロープワークで死角に回り込み、瞬時に巨大敵の
頭上に迫り連撃を加える様は戦場の疾風","An acrobat who excels at hit and run tactics.
Uses a rope to instantly move to the blind
spot of large enemies.
The Gale of the Battlefield.",ui\00_message\common\job_info.gmd,\ui\uGUISkill.arc,uGUISkill.arc,2
3,JOB_INFO_3,"精密な射撃で遠距離から先制するスナイパー役
特殊矢による多様な支援力も魅力
強敵の弱点を正確に射ぬき戦況を優位に導く","Able to deal precise damage from
long distances.
Has a variey of support abilities by the use of
special arrows.
The Sniper of the Battlefield.",ui\00_message\common\job_info.gmd,\ui\uGUIJobExam.arc,uGUIJobExam.arc,3
3,JOB_INFO_3,"精密な射撃で遠距離から先制するスナイパー役
特殊矢による多様な支援力も魅力
強敵の弱点を正確に射ぬき戦況を優位に導く","Able to deal precise damage from
long distances.
Has a variey of support abilities by the use of
special arrows.
The Sniper of the Battlefield.",ui\00_message\common\job_info.gmd,\ui\uGUIJobMaster.arc,uGUIJobMaster.arc,3
3,JOB_INFO_3,"精密な射撃で遠距離から先制するスナイパー役
特殊矢による多様な支援力も魅力
強敵の弱点を正確に射ぬき戦況を優位に導く","Able to deal precise damage from
long distances.
Has a variey of support abilities by the use of
special arrows.
The Sniper of the Battlefield.",ui\00_message\common\job_info.gmd,\ui\uGUIJobSelect.arc,uGUIJobSelect.arc,3
3,JOB_INFO_3,"精密な射撃で遠距離から先制するスナイパー役
特殊矢による多様な支援力も魅力
強敵の弱点を正確に射ぬき戦況を優位に導く","Able to deal precise damage from
long distances.
Has a variey of support abilities by the use of
special arrows.
The Sniper of the Battlefield.",ui\00_message\common\job_info.gmd,\ui\uGUISkill.arc,uGUISkill.arc,3
4,JOB_INFO_4,"回復と支援魔法で仲間を支える癒しの術師
その術は味方へのさまざまな恩恵だけでなく
怒れる敵の""隠された弱点""すら看破する","Supports the party with healing and
support magick.
Can not only heal, but also reveal weakness
of enemies.
The Pillar of the Battlefield.",ui\00_message\common\job_info.gmd,\ui\uGUIJobExam.arc,uGUIJobExam.arc,4
4,JOB_INFO_4,"回復と支援魔法で仲間を支える癒しの術師
その術は味方へのさまざまな恩恵だけでなく
怒れる敵の""隠された弱点""すら看破する","Supports the party with healing and
support magick.
Can not only heal, but also reveal weakness
of enemies.
The Pillar of the Battlefield.",ui\00_message\common\job_info.gmd,\ui\uGUIJobMaster.arc,uGUIJobMaster.arc,4
4,JOB_INFO_4,"回復と支援魔法で仲間を支える癒しの術師
その術は味方へのさまざまな恩恵だけでなく
怒れる敵の""隠された弱点""すら看破する","Supports the party with healing and
support magick.
Can not only heal, but also reveal weakness
of enemies.
The Pillar of the Battlefield.",ui\00_message\common\job_info.gmd,\ui\uGUIJobSelect.arc,uGUIJobSelect.arc,4
4,JOB_INFO_4,"回復と支援魔法で仲間を支える癒しの術師
その術は味方へのさまざまな恩恵だけでなく
怒れる敵の""隠された弱点""すら看破する","Supports the party with healing and
support magick.
Can not only heal, but also reveal weakness
of enemies.
The Pillar of the Battlefield.",ui\00_message\common\job_info.gmd,\ui\uGUISkill.arc,uGUISkill.arc,4
5,JOB_INFO_5,"敵の注目を一手に集め反撃する強固な砦役
大盾で受けた敵の力を攻撃・支援の術に変換
５属性を操り、仲間を属性面でもフォローする","Attracts attention and protect others with
their strong defense.
Convert the power of their enemies into
magick of the five elements to attack
and support.
The Fortress of the Battlefield.",ui\00_message\common\job_info.gmd,\ui\uGUIJobExam.arc,uGUIJobExam.arc,5
5,JOB_INFO_5,"敵の注目を一手に集め反撃する強固な砦役
大盾で受けた敵の力を攻撃・支援の術に変換
５属性を操り、仲間を属性面でもフォローする","Attracts attention and protect others with
their strong defense.
Convert the power of their enemies into
magick of the five elements to attack
and support.
The Fortress of the Battlefield.",ui\00_message\common\job_info.gmd,\ui\uGUIJobMaster.arc,uGUIJobMaster.arc,5
5,JOB_INFO_5,"敵の注目を一手に集め反撃する強固な砦役
大盾で受けた敵の力を攻撃・支援の術に変換
５属性を操り、仲間を属性面でもフォローする","Attracts attention and protect others with
their strong defense.
Convert the power of their enemies into
magick of the five elements to attack
and support.
The Fortress of the Battlefield.",ui\00_message\common\job_info.gmd,\ui\uGUIJobSelect.arc,uGUIJobSelect.arc,5
5,JOB_INFO_5,"敵の注目を一手に集め反撃する強固な砦役
大盾で受けた敵の力を攻撃・支援の術に変換
５属性を操り、仲間を属性面でもフォローする","Attracts attention and protect others with
their strong defense.
Convert the power of their enemies into
magick of the five elements to attack
and support.
The Fortress of the Battlefield.",ui\00_message\common\job_info.gmd,\ui\uGUISkill.arc,uGUISkill.arc,5
6,JOB_INFO_6,"絶大な威力の攻撃魔法を操る魔術師
術は紡がれた魔法陣によりさらに威力を高める
長い詠唱を効率よく放つには仲間の支援が必要","Magician who commands great magick to
cause great harm.
Can enhance magick by chanting, but needs
to be protected.
The Calamity of the Battlefield.",ui\00_message\common\job_info.gmd,\ui\uGUIJobExam.arc,uGUIJobExam.arc,6
6,JOB_INFO_6,"絶大な威力の攻撃魔法を操る魔術師
術は紡がれた魔法陣によりさらに威力を高める
長い詠唱を効率よく放つには仲間の支援が必要","Magician who commands great magick to
cause great harm.
Can enhance magick by chanting, but needs
to be protected.
The Calamity of the Battlefield.",ui\00_message\common\job_info.gmd,\ui\uGUIJobMaster.arc,uGUIJobMaster.arc,6
6,JOB_INFO_6,"絶大な威力の攻撃魔法を操る魔術師
術は紡がれた魔法陣によりさらに威力を高める
長い詠唱を効率よく放つには仲間の支援が必要","Magician who commands great magick to
cause great harm.
Can enhance magick by chanting, but needs
to be protected.
The Calamity of the Battlefield.",ui\00_message\common\job_info.gmd,\ui\uGUIJobSelect.arc,uGUIJobSelect.arc,6
6,JOB_INFO_6,"絶大な威力の攻撃魔法を操る魔術師
術は紡がれた魔法陣によりさらに威力を高める
長い詠唱を効率よく放つには仲間の支援が必要","Magician who commands great magick to
cause great harm.
Can enhance magick by chanting, but needs
to be protected.
The Calamity of the Battlefield.",ui\00_message\common\job_info.gmd,\ui\uGUISkill.arc,uGUISkill.arc,6
7,JOB_INFO_7,"受けた痛みを反撃の力に変える剛力の重戦車
敵の攻撃を耐え忍ぶほどにその一撃は重みを増す
大剣の一振りは巨大な標的をも怯ませ葬る","Endures pain to deliver even greater damage
to their enemies.
One swing of their huge sword can even
bury enemies.
The Behemoth of the Battlefield.",ui\00_message\common\job_info.gmd,\ui\uGUIJobExam.arc,uGUIJobExam.arc,7
7,JOB_INFO_7,"受けた痛みを反撃の力に変える剛力の重戦車
敵の攻撃を耐え忍ぶほどにその一撃は重みを増す
大剣の一振りは巨大な標的をも怯ませ葬る","Endures pain to deliver even greater damage
to their enemies.
One swing of their huge sword can even
bury enemies.
The Behemoth of the Battlefield.",ui\00_message\common\job_info.gmd,\ui\uGUIJobMaster.arc,uGUIJobMaster.arc,7
7,JOB_INFO_7,"受けた痛みを反撃の力に変える剛力の重戦車
敵の攻撃を耐え忍ぶほどにその一撃は重みを増す
大剣の一振りは巨大な標的をも怯ませ葬る","Endures pain to deliver even greater damage
to their enemies.
One swing of their huge sword can even
bury enemies.
The Behemoth of the Battlefield.",ui\00_message\common\job_info.gmd,\ui\uGUIJobSelect.arc,uGUIJobSelect.arc,7
7,JOB_INFO_7,"受けた痛みを反撃の力に変える剛力の重戦車
敵の攻撃を耐え忍ぶほどにその一撃は重みを増す
大剣の一振りは巨大な標的をも怯ませ葬る","Endures pain to deliver even greater damage
to their enemies.
One swing of their huge sword can even
bury enemies.
The Behemoth of the Battlefield.",ui\00_message\common\job_info.gmd,\ui\uGUISkill.arc,uGUISkill.arc,7
8,JOB_INFO_8,"魔道弓により霊力の魔矢を操る神秘の射手
自動的に標的を追ういく本もの魔矢は敵の急所を
穿つ刃のみならず、味方を癒す光にもなる","Mysterious archer who manipulates magick
into their magick bow.
They can attack enemies, support allies and
show the weak points of enemies.
The Eyes of the Battlefield.",ui\00_message\common\job_info.gmd,\ui\uGUIJobExam.arc,uGUIJobExam.arc,8
8,JOB_INFO_8,"魔道弓により霊力の魔矢を操る神秘の射手
自動的に標的を追ういく本もの魔矢は敵の急所を
穿つ刃のみならず、味方を癒す光にもなる","Mysterious archer who manipulates magick
into their magick bow.
They can attack enemies, support allies and
show the weak points of enemies.
The Eyes of the Battlefield.",ui\00_message\common\job_info.gmd,\ui\uGUIJobMaster.arc,uGUIJobMaster.arc,8
8,JOB_INFO_8,"魔道弓により霊力の魔矢を操る神秘の射手
自動的に標的を追ういく本もの魔矢は敵の急所を
穿つ刃のみならず、味方を癒す光にもなる","Mysterious archer who manipulates magick
into their magick bow.
They can attack enemies, support allies and
show the weak points of enemies.
The Eyes of the Battlefield.",ui\00_message\common\job_info.gmd,\ui\uGUIJobSelect.arc,uGUIJobSelect.arc,8
8,JOB_INFO_8,"魔道弓により霊力の魔矢を操る神秘の射手
自動的に標的を追ういく本もの魔矢は敵の急所を
穿つ刃のみならず、味方を癒す光にもなる","Mysterious archer who manipulates magick
into their magick bow.
They can attack enemies, support allies and
show the weak points of enemies.
The Eyes of the Battlefield.",ui\00_message\common\job_info.gmd,\ui\uGUISkill.arc,uGUISkill.arc,8
9,JOB_INFO_9,"錬金の秘術により敵の注意を引きうける策士
論理と錬成物質を用いて状態異常を操り、摂理を
超えた高い移動能力を駆使して敵戦力を散らす","Soldier who attracts the enemys' attention
using alchemy and high mobility.
Uses the secrets of alchemy to inflict and
manipulate status abnormalities.
The Trickster of the Battlefield.",ui\00_message\common\job_info.gmd,\ui\uGUIJobExam.arc,uGUIJobExam.arc,9
9,JOB_INFO_9,"錬金の秘術により敵の注意を引きうける策士
論理と錬成物質を用いて状態異常を操り、摂理を
超えた高い移動能力を駆使して敵戦力を散らす","Soldier who attracts the enemys' attention
using alchemy and high mobility.
Uses the secrets of alchemy to inflict and
manipulate status abnormalities.
The Trickster of the Battlefield.",ui\00_message\common\job_info.gmd,\ui\uGUIJobMaster.arc,uGUIJobMaster.arc,9
9,JOB_INFO_9,"錬金の秘術により敵の注意を引きうける策士
論理と錬成物質を用いて状態異常を操り、摂理を
超えた高い移動能力を駆使して敵戦力を散らす","Soldier who attracts the enemys' attention
using alchemy and high mobility.
Uses the secrets of alchemy to inflict and
manipulate status abnormalities.
The Trickster of the Battlefield.",ui\00_message\common\job_info.gmd,\ui\uGUIJobSelect.arc,uGUIJobSelect.arc,9
9,JOB_INFO_9,"錬金の秘術により敵の注意を引きうける策士
論理と錬成物質を用いて状態異常を操り、摂理を
超えた高い移動能力を駆使して敵戦力を散らす","Soldier who attracts the enemys' attention
using alchemy and high mobility.
Uses the secrets of alchemy to inflict and
manipulate status abnormalities.
The Trickster of the Battlefield.",ui\00_message\common\job_info.gmd,\ui\uGUISkill.arc,uGUISkill.arc,9
10,JOB_INFO_10,"精霊槍を振るい森羅の加護を得た槍士
霊の加護は一時的に戦闘能力を引き上げるだけ
でなく、自身や仲間を癒し導く守護にもなる","A warrior blessed and protected by
the spirits.
With their spirit spear they can heal, lead and
support the party.
The Druid of the Battlefield.",ui\00_message\common\job_info.gmd,\ui\uGUIJobExam.arc,uGUIJobExam.arc,10
10,JOB_INFO_10,"精霊槍を振るい森羅の加護を得た槍士
霊の加護は一時的に戦闘能力を引き上げるだけ
でなく、自身や仲間を癒し導く守護にもなる","A warrior blessed and protected by
the spirits.
With their spirit spear they can heal, lead and
support the party.
The Druid of the Battlefield.",ui\00_message\common\job_info.gmd,\ui\uGUIJobMaster.arc,uGUIJobMaster.arc,10
10,JOB_INFO_10,"精霊槍を振るい森羅の加護を得た槍士
霊の加護は一時的に戦闘能力を引き上げるだけ
でなく、自身や仲間を癒し導く守護にもなる","A warrior blessed and protected by
the spirits.
With their spirit spear they can heal, lead and
support the party.
The Druid of the Battlefield.",ui\00_message\common\job_info.gmd,\ui\uGUIJobSelect.arc,uGUIJobSelect.arc,10
10,JOB_INFO_10,"精霊槍を振るい森羅の加護を得た槍士
霊の加護は一時的に戦闘能力を引き上げるだけ
でなく、自身や仲間を癒し導く守護にもなる","A warrior blessed and protected by
the spirits.
With their spirit spear they can heal, lead and
support the party.
The Druid of the Battlefield.",ui\00_message\common\job_info.gmd,\ui\uGUISkill.arc,uGUISkill.arc,10
11,JOB_INFO_11,"魔道剣で敵の魔力を我が物とする魔法剣士
魔力を攻守に長けた魔法へと変化させ
様々な状況で戦況を覆す事で輝きを放つ","A magical swordsman who uses his sword to take
his enemy's magic into his own hands.
Transforms magic into offensive and defensive
magic.
He shines by overturning the battle situation in
various situations.",ui\00_message\common\job_info.gmd,\ui\uGUIJobExam.arc,uGUIJobExam.arc,11
11,JOB_INFO_11,"魔道剣で敵の魔力を我が物とする魔法剣士
魔力を攻守に長けた魔法へと変化させ
様々な状況で戦況を覆す事で輝きを放つ","A magical swordsman who uses his sword to take
his enemy's magic into his own hands.
Transforms magic into offensive and defensive
magic.
He shines by overturning the battle situation in
various situations.",ui\00_message\common\job_info.gmd,\ui\uGUIJobMaster.arc,uGUIJobMaster.arc,11
11,JOB_INFO_11,"魔道剣で敵の魔力を我が物とする魔法剣士
魔力を攻守に長けた魔法へと変化させ
様々な状況で戦況を覆す事で輝きを放つ","A magical swordsman who uses his sword to take
his enemy's magic into his own hands.
Transforms magic into offensive and defensive
magic.
He shines by overturning the battle situation in
various situations.",ui\00_message\common\job_info.gmd,\ui\uGUIJobSelect.arc,uGUIJobSelect.arc,11
11,JOB_INFO_11,"魔道剣で敵の魔力を我が物とする魔法剣士
魔力を攻守に長けた魔法へと変化させ
様々な状況で戦況を覆す事で輝きを放つ","A magical swordsman who uses his sword to take
his enemy's magic into his own hands.
Transforms magic into offensive and defensive
magic.
He shines by overturning the battle situation in
various situations.",ui\00_message\common\job_info.gmd,\ui\uGUISkill.arc,uGUISkill.arc,11
0,JOB_NAME_0,指定なし,Any,ui\00_message\common\job_name.gmd,\ui\gui_cmn.arc,gui_cmn.arc,0
1,JOB_NAME_1,ファイター,Fighter,ui\00_message\common\job_name.gmd,\ui\gui_cmn.arc,gui_cmn.arc,1
2,JOB_NAME_2,シーカー,Seeker,ui\00_message\common\job_name.gmd,\ui\gui_cmn.arc,gui_cmn.arc,2
3,JOB_NAME_3,ハンター,Hunter,ui\00_message\common\job_name.gmd,\ui\gui_cmn.arc,gui_cmn.arc,3
4,JOB_NAME_4,プリースト,Priest,ui\00_message\common\job_name.gmd,\ui\gui_cmn.arc,gui_cmn.arc,4
5,JOB_NAME_5,シールドセージ,Shield Sage,ui\00_message\common\job_name.gmd,\ui\gui_cmn.arc,gui_cmn.arc,5
6,JOB_NAME_6,ソーサラー,Sorcerer,ui\00_message\common\job_name.gmd,\ui\gui_cmn.arc,gui_cmn.arc,6
7,JOB_NAME_7,ウォリアー,Warrior,ui\00_message\common\job_name.gmd,\ui\gui_cmn.arc,gui_cmn.arc,7
8,JOB_NAME_8,エレメントアーチャー,Element Archer,ui\00_message\common\job_name.gmd,\ui\gui_cmn.arc,gui_cmn.arc,8
9,JOB_NAME_9,アルケミスト,Alchemist,ui\00_message\common\job_name.gmd,\ui\gui_cmn.arc,gui_cmn.arc,9
10,JOB_NAME_10,スピリットランサー,Spirit Lancer,ui\00_message\common\job_name.gmd,\ui\gui_cmn.arc,gui_cmn.arc,10
11,JOB_NAME_11,ハイセプター,High Scepter,ui\00_message\common\job_name.gmd,\ui\gui_cmn.arc,gui_cmn.arc,11
0,LAND_NAME_1,レスタニア,Lestania,ui\00_message\common\land_name.gmd,\ui\gui_cmn.arc,gui_cmn.arc,0
1,LAND_NAME_2,魔赤島,Bloodbane Isle,ui\00_message\common\land_name.gmd,\ui\gui_cmn.arc,gui_cmn.arc,1
2,LAND_NAME_3,フィンダム,Phindym,ui\00_message\common\land_name.gmd,\ui\gui_cmn.arc,gui_cmn.arc,2
3,LAND_NAME_4,アッカーシェラン,Acre Selund,ui\00_message\common\land_name.gmd,\ui\gui_cmn.arc,gui_cmn.arc,3
4,LAND_NAME_5,英霊眠りし道,Heroic Spirit Sleeping Path,ui\00_message\common\land_name.gmd,\ui\gui_cmn.arc,gui_cmn.arc,4
5,LAND_NAME_6,黒呪の迷宮,Bitterblack Maze,ui\00_message\common\land_name.gmd,\ui\gui_cmn.arc,gui_cmn.arc,5
6,LAND_NAME_7,闇大陸：レスタニア,Dark Continent: Lestania,ui\00_message\common\land_name.gmd,\ui\gui_cmn.arc,gui_cmn.arc,6
7,LAND_NAME_10,闇大陸：フィンダム,Dark Continent: Phindym,ui\00_message\common\land_name.gmd,\ui\gui_cmn.arc,gui_cmn.arc,7
8,LAND_NAME_11,闇大陸：アッカーシエラン,Dark Continent: Acre Selund,ui\00_message\common\land_name.gmd,\ui\gui_cmn.arc,gui_cmn.arc,8
9,LAND_NAME_12,闇大陸：メルゴダ,Dark Continent: Mergoda,ui\00_message\common\land_name.gmd,\ui\gui_cmn.arc,gui_cmn.arc,9
0,LIGHT_QUEST_PURPOSE_1001,<LQEM>を討伐：<VAL> / <VAL>,Defeat <LQEM>: <VAL> / <VAL>,ui\00_message\common\light_quest_purpose.gmd,\game_common.arc,game_common.arc,0
1,LIGHT_QUEST_PURPOSE_1002,<LQIM>を入手：<VAL> / <VAL>,Obtain <LQIM>: <VAL> / <VAL>,ui\00_message\common\light_quest_purpose.gmd,\game_common.arc,game_common.arc,1
2,LIGHT_QUEST_PURPOSE_1006,<LQIM>を納品,<LQIM> is ready to be delivered.,ui\00_message\common\light_quest_purpose.gmd,\game_common.arc,game_common.arc,2
0,ORDER_CONDITION_988,無し,None,ui\00_message\common\order_condition.gmd,\game_common.arc,game_common.arc,0
1,ORDER_CONDITION_989,全ジョブのいずれかがジョブレベル<QCND 0>以上,Level <QCND 0> in any vocation,ui\00_message\common\order_condition.gmd,\game_common.arc,game_common.arc,1
9,ORDER_CONDITION_993,<QCND 0>のエリアランク<QCND 1>以上,Area rank for <QCND 0> at least <QCND 1>,ui\00_message\common\order_condition.gmd,\game_common.arc,game_common.arc,9
2,ORDER_CONDITION_994,ジョブ限定：<QCND 0>のジョブレベル<QCND 1>以上,"Vocation restriction: <QCND 0>, at least level
<QCND 1>",ui\00_message\common\order_condition.gmd,\game_common.arc,game_common.arc,2
3,ORDER_CONDITION_995,パーティープレイ不可（ポーン同行不可）,No party members (pawns not allowed),ui\00_message\common\order_condition.gmd,\game_common.arc,game_common.arc,3
4,ORDER_CONDITION_996,無し,None,ui\00_message\common\order_condition.gmd,\game_common.arc,game_common.arc,4
5,ORDER_CONDITION_997,無し,None,ui\00_message\common\order_condition.gmd,\game_common.arc,game_common.arc,5
6,ORDER_CONDITION_998,メインクエスト＜<QCND 0>＞をクリア,"Clear Main Quest ""<QCND 0>""",ui\00_message\common\order_condition.gmd,\game_common.arc,game_common.arc,6
7,ORDER_CONDITION_999,パーソナルクエスト＜<QCND 0>＞をクリア,"Clear Personal Quest ""<QCND 0>""",ui\00_message\common\order_condition.gmd,\game_common.arc,game_common.arc,7
8,ORDER_CONDITION_1000,エクストリームミッション＜<QCND 0>＞をクリア,"Clear Extreme Mission ""<QCND 0>""",ui\00_message\common\order_condition.gmd,\game_common.arc,game_common.arc,8
10,ORDER_CONDITION_1003,パーティープレイ不可（ポーン同行可）,No party members (pawns allowed),ui\00_message\common\order_condition.gmd,\game_common.arc,game_common.arc,10
11,ORDER_CONDITION_1004,白竜神殿レンテンから覚者の戦術試練を学ぶ,"Learn about the Arisen's tactics trial from
Renton in the White Dragon Temple",ui\00_message\common\order_condition.gmd,\game_common.arc,game_common.arc,11
12,ORDER_CONDITION_1005,イリスから十分な装備の準備方法について学ぶ,Learn how to prepare adequate equipment from Iris,ui\00_message\common\order_condition.gmd,\game_common.arc,game_common.arc,12
13,ORDER_CONDITION_1007,無し,None,ui\00_message\common\order_condition.gmd,\game_common.arc,game_common.arc,13
14,ORDER_CONDITION_1008,パーティー内にパートナーポーンがいる,Partner Pawn in party,ui\00_message\common\order_condition.gmd,\game_common.arc,game_common.arc,14
15,ORDER_CONDITION_1010,無し,None,ui\00_message\common\order_condition.gmd,\game_common.arc,game_common.arc,15
16,ORDER_CONDITION_1011,装備のアイテムランクが<QCND 0>以上（平均IR）,Item Rank of <QCND 0> or more (average IR),ui\00_message\common\order_condition.gmd,\game_common.arc,game_common.arc,16
17,ORDER_CONDITION_1012,アイテム＜<QCND 0>＞を<QCND 1>個所持,Possesses <<QCND 0>>of<QCND 1>items,ui\00_message\common\order_condition.gmd,\game_common.arc,game_common.arc,17
18,ORDER_CONDITION_1014,パーティプレイ不可（メインポーン<QCND 0>人同行可）,No party members (<QCND 0> main pawn allowed),ui\00_message\common\order_condition.gmd,\game_common.arc,game_common.arc,18
19,ORDER_CONDITION_1015,ワールドクエスト＜<QCND 0>＞をクリア,"Clear World Quest ""<QCND 0>""",ui\00_message\common\order_condition.gmd,\game_common.arc,game_common.arc,19
20,ORDER_CONDITION_1016,サブストーリー＜<QCND 0>＞をクリア,"Clear Substory ""<QCND 0>""",ui\00_message\common\order_condition.gmd,\game_common.arc,game_common.arc,20
21,ORDER_CONDITION_1017,現在のジョブのジョブレベル<QCND 0>以上,Current Job Level <QCND 0> or more,ui\00_message\common\order_condition.gmd,\game_common.arc,game_common.arc,21
0,,剛化,Harden,ui\00_message\common\pawn_sp_skill_category.gmd,\ui\gui_cmn.arc,gui_cmn.arc,0
0,,重化,Heavy,ui\00_message\common\pawn_sp_skill_category.gmd,\ui\gui_cmn.arc,gui_cmn.arc,1
0,,癒活,Restoration,ui\00_message\common\pawn_sp_skill_category.gmd,\ui\gui_cmn.arc,gui_cmn.arc,2
0,,守護,Protection,ui\00_message\common\pawn_sp_skill_category.gmd,\ui\gui_cmn.arc,gui_cmn.arc,3
0,,柔化,Weaken,ui\00_message\common\pawn_sp_skill_category.gmd,\ui\gui_cmn.arc,gui_cmn.arc,4
0,,集視,Attention,ui\00_message\common\pawn_sp_skill_category.gmd,\ui\gui_cmn.arc,gui_cmn.arc,5
0,,無恐,Fearless,ui\00_message\common\pawn_sp_skill_category.gmd,\ui\gui_cmn.arc,gui_cmn.arc,6
0,,集中,Concentration,ui\00_message\common\pawn_sp_skill_category.gmd,\ui\gui_cmn.arc,gui_cmn.arc,7
0,,蘇生,Resurrection,ui\00_message\common\pawn_sp_skill_category.gmd,\ui\gui_cmn.arc,gui_cmn.arc,8
0,,"一定時間自身の物理攻撃力と魔法攻撃力が増加する
<COL ffdc78> 特技ランクが高いほど効果時間が増加 </COL>","Temporarily increases physical attack
power and magic attack power.
<COL ffdc78> Skill rank increases effect
duration. </COL>",ui\00_message\common\pawn_sp_skill_detail.gmd,\ui\menu_pawn_special_skill.arc,menu_pawn_special_skill.arc,0
0,,"一定時間自身の吹き飛ばし力と疲労攻力とチャンス攻力が増加する
<COL ffdc78> 特技ランクが高いほど効果時間が増加 </COL>","Temporarily increases blow power, fatigue
power, and chance attack.
<COL ffdc78> Skill rank increases effect
duration. </COL>",ui\00_message\common\pawn_sp_skill_detail.gmd,\ui\menu_pawn_special_skill.arc,menu_pawn_special_skill.arc,1
0,,"瞬時にパーティーメンバーの体力とスタミナが回復する
<COL ffdc78> 特技ランクが高いほど回復量が増加 </COL>","Instantly recovers party members health
and stamina
<COL ffdc78> Skill rank increases amount
recovered. </COL>",ui\00_message\common\pawn_sp_skill_detail.gmd,\ui\menu_pawn_special_skill.arc,menu_pawn_special_skill.arc,2
0,,"一定時間パーティーメンバーの物理防御力と魔法防御力と状態異常耐性が増加する
<COL ffdc78> 特技ランクが高いほど効果時間が増加 </COL>","Temporarily increases party members
physical defense, magic defense, and
debilitation resistance.
<COL ffdc78> Skill rank increases effect
duration. </COL>",ui\00_message\common\pawn_sp_skill_detail.gmd,\ui\menu_pawn_special_skill.arc,menu_pawn_special_skill.arc,3
0,,"一定時間自身のスキルでより敵を状態異常にかけやすくなる
<COL ffdc78> 特技ランクが高いほど効果時間が増加 </COL>","Temporarily increases debilitation
rate from skills.
<COL ffdc78> Skill rank increases effect
duration. </COL>",ui\00_message\common\pawn_sp_skill_detail.gmd,\ui\menu_pawn_special_skill.arc,menu_pawn_special_skill.arc,4
0,,"瞬時に自身の周囲の敵の注目を集める
<COL ffdc78> 特技ランクが高いほど注目度が増加 </COL>","Instantly attract the attention of surrounding
enemies
<COL ffdc78> Skill rank increases amount of enemy
attention </COL>",ui\00_message\common\pawn_sp_skill_detail.gmd,\ui\menu_pawn_special_skill.arc,menu_pawn_special_skill.arc,5
0,,"一定時間自身の物理防御力と魔法防御力と状態異常耐性を大幅に増加させ、
敵の攻撃を回避しなくなる
<COL ffdc78> 特技ランクが高いほど効果時間が増加 </COL>","Temporarily greatly increases physical
defense, magick defense, and debilitation
resistance, can no longer evade enemy
attacks.
<COL ffdc78> Skill rank increases effect
duration. </COL>",ui\00_message\common\pawn_sp_skill_detail.gmd,\ui\menu_pawn_special_skill.arc,menu_pawn_special_skill.arc,6
0,,"一定時間自身の詠唱と溜めに必要な時間が短くなる
<COL ffdc78> 特技ランクが高いほど効果時間が増加 </COL>","Temporarily decreases time needed to chant or
charge attacks.
<COL ffdc78> Skill rank increases effect
duration. </COL>",ui\00_message\common\pawn_sp_skill_detail.gmd,\ui\menu_pawn_special_skill.arc,menu_pawn_special_skill.arc,7
0,,"覚者が行動不能状態となった時に、一定確率で覚者を復活させる
<COL ffdc78> 特技ランクが高いほど確率が増加 </COL>","Chance to revive Arisen when they
become incapacitated.
<COL ffdc78> Skill rank increases chance. </COL>",ui\00_message\common\pawn_sp_skill_detail.gmd,\ui\menu_pawn_special_skill.arc,menu_pawn_special_skill.arc,8
0,,地,Earth,ui\00_message\common\pawn_sp_skill_level.gmd,\ui\gui_cmn.arc,gui_cmn.arc,0
0,,空,Sky,ui\00_message\common\pawn_sp_skill_level.gmd,\ui\gui_cmn.arc,gui_cmn.arc,1
0,,天,Heaven,ui\00_message\common\pawn_sp_skill_level.gmd,\ui\gui_cmn.arc,gui_cmn.arc,2
0,RELEASE_CONTENT_1,他のプレイヤーとのパーティープレイ,Party Play (With Other Players),ui\00_message\common\release_content.gmd,\ui\gui_cmn.arc,gui_cmn.arc,0
1,RELEASE_CONTENT_2,ポーンとのパーティープレイ,Pawn and Party Play,ui\00_message\common\release_content.gmd,\ui\gui_cmn.arc,gui_cmn.arc,1
2,RELEASE_CONTENT_3,ワールドクエスト,World Quest,ui\00_message\common\release_content.gmd,\ui\gui_cmn.arc,gui_cmn.arc,2
3,RELEASE_CONTENT_5,エクストリームミッション,Extreme Missions,ui\00_message\common\release_content.gmd,\ui\gui_cmn.arc,gui_cmn.arc,3
4,RELEASE_CONTENT_6,着飾り装備,Dress Equipment,ui\00_message\common\release_content.gmd,\ui\gui_cmn.arc,gui_cmn.arc,4
5,RELEASE_CONTENT_7,レスタニアニュース,Lestania News,ui\00_message\common\release_content.gmd,\ui\gui_cmn.arc,gui_cmn.arc,5
6,RELEASE_CONTENT_8,ジョブ修練ログ,Job Training Log,ui\00_message\common\release_content.gmd,\ui\gui_cmn.arc,gui_cmn.arc,6
