Japanese,English,english,speaker
廃骨場,Abandoned Boneyard,,
廃屋の地下室,Abandoned House Cellar,,
棄てられた地下道,Abandoned Underground Passage,,
ハイデル街道の枯れ井戸,Roadside Dry Well,,
肉裂き館,Flesh-rending Hall,,
アッバス,Abbas,,
忌み標の領域,Abhorrent territory,,
エイブラム,Abram,,
アシル,Achille​,,
アッカーシェラン,Acre Selund,,
アッカーシェラン[過去],Acre Selund (Past),,
アクタイオン,Actaeon,,
ポーン会話用アクティブ,Active Pawn,,
アデルドナハ,Adair Donnchadh,,
アデリン,Adelin,,
アデム,Adem,,
冒険者,Adventurer,,
アイダン,Aidan,,
エイダス,Aidas,,
アクギス,Agis,,
アキム,Akim,,
アラン,Alan,,
アルベ,Ailbhe,,
アルケミスト,Alchemist,,
亡都の錬金術師,Alchemist of the Dead City,,
錬金研究室,Alchemy Laboratory,,
錬金研究棟,Alchemical Research,,
アルフレド,Alfred,,
アルカン,Alkane,,
アレン,Allen,,
アルマ,Alma,,
アルタード・ズール,Altered Zuhl,,
選択の道,Alternative Path,,
アルヴァー,Alvar,,
アルビン,Alvin,,
アンビュロス大遺跡,Amburos Great Ruins,,
アンビュロス大遺跡　深部,Amburos Great Ruins Depths,,
アンビュロス大遺跡　中央部,Amburos Great Ruins: Center,,
さる錬金術師の家,An Alchemist's Home,,
原種の縄張り,Ancestral Territory,,
ミスリウ古墳墓,Mysree Barrow,,
ミスリウ古墳墓　狩猟の間,Mysree Barrow: Hunting Hall,,
ミスリウ古墳墓　不死の間,Mysree Barrow: Immortal's Hall,,
ミスリウ古墳墓　危険区域,Mysree Barrow: Dangerous Area,,
古の祭祀場,Ancient Ritual Ground,,
古き地下水網,Ancient Underground Channels,,
古代地下宮,Ancient Underground Shrine,,
古代地下宮　2階,Ancient Underground Shrine 2nd Floor,,
古代地下宮　最深部,Ancient Underground Shrine Depths,,
古代地下宮　隠し部屋,Ancient Underground Shrine Hidden Room,,
アンドレア,Andrea,,
アネリアン,Anerian,,
アンジェロ,Angelo,,
アニス,Anise,,
アニタ,Anita,,
アンナ,Anna,,
見習い覚者,Apprentice Arisen,,
見習い騎士,Apprentice Knight,,
アーチボルト,Archibald,,
アリアドネ,Ariadne,,
覚者,Arisen,,
覚者隊の隊士,Arisen Corps Regimental Soldier,,
覚者の自室,Arisen's Room,,
軍妖鳥の関所,Demon Bird Checkpoint,,
軍鬼の哨戒地,Demon Army Patrol Grounds,,
アルトフェイル,Arthfael,,
アルティン,Artin,,
アセナ,Asena,,
アーシェ,Ashe,,
アシュトン,Ashton,,
アスラン,Aslan,,
謁見の間,Audience Chamber,,
オドラン,Odran,,
オーギュスト,August,,
アウグスト,Augusto,,
アクセル,Axel,,
アイセル,Aisel,,
バボ,Babo,,
バシアス,Bacias,,
中二階,Balcony,,
バルシ,Baris,,
バンデッドホーント,Ironclad Haunt,,
盗賊,Bandit,,
盗賊の隠れ家,Bandit Hideaway,,
バランジャ,Baranja,,
バーバラ,Barbara,,
バークレイ,Barclay,,
軍事演習棟,Barracks,,
兵舎,Barracks,,
バリス,Barris,,
バリー,Barry,,
バート,Bart,,
バートン,Barton,,
ベイジル,Basil,,
バジット,Basit,,
グリッテン砦前　戦野,Battlefield outside Fort Gritten,,
バイヤール,Bayard,,
浜辺の地下保管庫,Beachside Underground Stores,,
獣の将,Beast Master,,
軍獣強化場,Beast Training Ground,,
獣将の園生,Beastmaster's Garden,,
ベアトリクス,Beatrix,,
美容院前,Beauty Salon,,
エラン大門前,Before Elan Front Gate,,
グリッテン砦 正門前,Before Gritten's Main Gate,,
アーク前,Ark Exterior,,
謁見の間 手前,Before the Audience Chamber,,
秘泉の間,Before the Secret Spring,,
王家の墓前,Before the Tomb of the Royal Family,,
ベルス,Berce,,
ベレナス,Berenas,,
ベルク,Berg,,
ベルタ,Bertha,,
ベルタ盗賊団,Bertha's Bandit Group,,
ベルタ盗賊団のアジト,Bertha's Bandit Group Hideout,,
ベルトラン,Bertrand,,
ベステ,Beste,,
バートランド大橋,Betland Bridge,,
バートランド墓地,Betland Cemetery,,
バートランド東関所,Betland East Gate,,
バートランド山道,Betland Mountain Road,,
バートランド平原,Betland Plains,,
バートランド地下道,Betland Underground Passage,,
聖雫の間,Sacred Drops Chamber,,
妖艶な錬金術師,Bewitching Alchemist,,
ベイザ,Beza,,
大樹の広場,Great Tree Plaza,,
ビルジ,Birger,,
鳥寄せ岩,Birdcall Rock,,
黒呪の迷宮,Bitterblack Maze,,
黒呪の迷宮：入り江,Bitterblack Maze Cove,,
黒呪の迷宮：黒呪の祭壇,Bitterblack Maze: Altar of the Black Curse,,
黒呪の迷宮：羨月楼,Bitterblack Maze: Duskmoon Tower,,
黒呪の迷宮：異邦の落都,Bitterblack Maze: Fallen City,,
黒呪の迷宮：凱旋者なき庭園,Bitterblack Maze: Garden of Ignominy,,
黒呪の迷宮：冥府１,Bitterblack Maze: Netherworld 1,,
黒呪の迷宮：冥府２,Bitterblack Maze: Netherworld 2,,
黒呪の迷宮：冥府３,Bitterblack Maze: Netherworld 3,,
黒呪の迷宮：冥府４,Bitterblack Maze: Netherworld 4,,
黒呪の迷宮：瘴気の満ちる聖堂,Bitterblack Maze: Noxious Cathedral,,
黒呪の迷宮：異界,Bitterblack Maze: Rift,,
黒呪の迷宮：畏れの天蓋,Bitterblack Maze: Rotunda of Dread,,
黒呪の迷宮 深淵,Bitterblack Maze: The Abyss,,
黒呪の迷宮：裏切り者の処刑塔,Bitterblack Maze: Traitors' Tower,,
黒淵谷,Black Abyss Valley,,
黒竜,Black Dragon,,
テル組合宿　黒ブドウ亭,Black Grape Inn,,
黒示す王の間,Black King's Room,,
黒騎士,Black Knight,,
刃擦れの細道,Blade-Scarred Path,,
ブレア,Blair,,
開かずの路,Blocked Passage,,
魔赤島,Bloodbane Isle,,
魔赤島・絶崖,Bloodbane Isle Precipice,,
魔赤島・山頂,Bloodbane Isle Summit,,
血すすぎ河原,Blood-soaked Riverbank,,
滝裏の青洞,Blue Cave in the Waterfall,,
青爪浜,Blueclaw Beach,,
青静の遺跡,Blue Stillness Ruins,,
蒼水路,Blue Waterway,,
ボーデシア,Boadicea,,
ボブ,Bob,,
ボーナスダンジョン【BO】,Bonus Dungeon (BO),,
ボーナスダンジョン【ゴールド】,Bonus Dungeon (G),,
ボーナスダンジョン【HO】,Bonus Dungeon (HO),,
ボーナスダンジョン【JP】,Bonus Dungeon (JP),,
ボーナスダンジョン【リム】,Bonus Dungeon (R),,
ボーナスダンジョン【SP】,Bonus Dungeon (SP),,
ボーナスダンジョン【XP】,Bonus Dungeon (XP),,
ボーナスダンジョンロビー,Bonus Dungeon Lobby,,
ボリス,Boris,,
大石塊(アーク),Boulder (The Ark),,
賞金稼ぎ,Bounty Hunter,,
木陰の古井戸,Bower Old Well,,
石像立つ木陰,Canopied Statuary,,
少年,Boy,,
ブラッド,Brad,,
ブレーデン,Braden,,
静慮の枝,Branch of Contemplation,,
懐旧の枝,Branch of Nostalgia,,
追憶の枝,Branch of Remembrance,,
悔恨の枝,Branch of Remorse,,
ブランドン,Brandon,,
ブランドン武具店,Brandon's Armor Shop,,
ブレット,Brett,,
ブリア海岸,Breya Coast,,
ブリジット,Bridgette,,
ブルース,Bruce,,
ブルーノ,Bruno,,
ブッグ,Boog,,
ブルジュ,Burj,,
羽音の高台,Wingbeat Plateau,,
バイラム,Bayram,,
目撃者予備枠30,Bystander,,
カデル,Cadell,,
カイン,Cain,,
キャメロン,Cameron,,
カミュ,Camus,,
キャナ,Cana,,
キャプテンオーク,Orc Captain,,
虜囚尋問牢,Prisoner Interrogation Gaol,,
カラドック,Caradoc,,
カール,Carl,,
カルロッタ,Carlotta,,
キャリー,Carrie,,
腐肉のほとり,Carrion Bank,,
ケイシー,Casey,,
ケイシーの雑貨店,Casey's General Store,,
カタコンベ,Catacombs,,
冥府下りの洞穴,Hell's Descent Cave,,
冥府下りの洞穴 奥底,Hell's Descent Cave Depths,,
冥府下りの洞穴 深層部,Hell's Descent Cave Inner Depths,,
憩いの坑洞,Cavern of Repose,,
憩いの坑洞 最深部,Cavern of Repose Innermost Depths,,
憩いの坑洞 中層,Cavern of Repose: Middle Level,,
痛刻の洞,Cave of Suffering,,
セシリー,Cecily,,
セドリック,Cedric,,
根の独房,Cell,,
ファーラナ中央洲,Central Farana Sandbank,,
中央大水廊,Waterway Gallery,,
中央広場,Central Plaza,,
汚水溜め,Cesspool,,
不浄の掃き溜め,Cesspool of Filth,,
聖滝の間,Holy Waterfall Hall,,
チャールズ,Charles,,
チャールストン,Charleston,,
チャウラ,Caura,,
チェスター,Chester,,
チーフマンドラゴラ,Chief Mandragora,,
子供,Child,,
クロエ,Chloe,,
クリスティーヌ,Christine,,
クリストフ,Christoph,,
チャンク,Chunk,,
キアラン,Ciarán,,
クラン管理人枠,Clan Administrator,,
クラン拠点,Clan Hall,,
クラン拠点用ポーン枠10,Clan Member's Pawn_,,
クラン拠点用ポーン枠2,Clan Pawn,,
クラリッサ,Clarissa,,
断崖の坑道,Cliff-Side Tunnel,,
コレット,Colette,,
生活用水汲み場,Village Well,,
コナーン,Conan,,
建設資材集積場,Construction Material Depot,,
工事作業員1-A,Construction Worker,,
ポーン会話用クール,Cool Pawn,,
コランタン,Corentin,,
コーネリア,Cornelia,,
滝を臨む蝕地,Mirefall Cliff,,
コリー,Cory,,
クラフトルーム,Craft Room,,
クラフトサポート1,Crafter NPC,,
クレイグ,Craig,,
クロムウェル,Cromwell,,
崩れた進入路,Crumbling Entrance Path,,
崩れた進入路 最深部,Crumbling Entrance Path Depths,,
岩砕きの河岸,Crushing Rock Riverbank,,
せせらぎの地下聖堂,Crypt of Murmurs,,
カーティス,Curtis,,
セロ,Cyril,,
サイラス,Cyrus,,
ダクレイム砦,Dacreim Fortress,,
ダリア,Dalia,,
ダーマード,Damard,,
ダン,Dan,,
ダナ,Dana,,
ダーナ,Dana,,
ダナ・セントラム,Dana Centrum,,
ダナ族長の家,Dana Chief's Home,,
ダナンデール洞窟,Danandell Cave,,
ダナンデール洞窟　深部,Danandell Cave Depths,,
ダナンデール洞窟　最深部,Danandell Cave Innermost Depths,,
ダナンデール洞窟　通路,Danandell Cave: Passage,,
円形舞踊場,Dancing Circle,,
虹舞い洞窟,Dancing Rainbow Cave,,
虹舞い洞窟　深部,Dancing Rainbow Cave Depths,,
虹舞い洞窟　危険区域,Dancing Rainbow Cave: Dangerous Area,,
ダレン,Daren,,
ダリン,Darrin,,
鎧幽の巨岩,Dark Armor Crag,,
闇大陸：アッカーシエラン,Dark Continent: Acre Selund,,
闇大陸：レスタニア,Dark Continent: Lestania,,
闇大陸：メルゴダ,Dark Continent: Mergoda,,
闇大陸：フィンダム,Dark Continent: Phindym,,
深緑のテラス,Dark Green Terrace,,
秘泉への暗道,Dark Path to the Secret Spring,,
秘泉への暗道 深層部,Dark Path to the Secret Spring Depths,,
冥き大地下墓地,Dark Great Catacombs,,
暗樹の大淵,Dark Woods Great Depths,,
闇に覆われた錬金研究棟,Darkness Cloaked Alchemical Research Bldg.,,
闇に覆われた錬金研究棟 １階,Darkness Cloaked Alchemical Research 1st Floor,,
闇に覆われた錬金研究棟 ２階,Darkness Cloaked Alchemical Research 2nd Floor,,
闇に覆われたドリード城,Darkness Cloaked Dreed Castle,,
闇に覆われたドリード城 中央階段,Darkness Cloaked Dreed Castle Central Staircase,,
闇に覆われたドリード城 地下水路,Darkness Cloaked Dreed Castle Waterway,,
闇に覆われたメガド回廊,Darkness Cloaked Megado Corridor,,
闇に覆われたメガド回廊 １階,Darkness Cloaked Megado Corridor 1st Floor,,
闇に覆われたメガド回廊 ３階,Darkness Cloaked Megado Corridor 3rd Floor,,
闇に覆われたメガド王宮層,Darkness Cloaked Mergoda Royal Palace Lvl.,,
闇に覆われたメルゴダ護政区,Darkness Cloaked Mergoda Security District,,
闇に覆われた軍事演習棟,Darkness Cloaked Military Training Facility,,
闇に覆われた軍事演習棟 １階,Darkness Cloaked Training Facility 1st Floor,,
闇に覆われた軍事演習棟 ２階,Darkness Cloaked Training Facility 2nd Floor,,
闇に覆われたシェドレアン大神殿,Darkness Cloaked Shadolean Great Temple,,
死王の迷宮,Dead Lord's Labyrinth,,
ディーン,Dean,,
朽ちかけた井戸,Decaying Well,,
ディナン山道,Deenan Mountain Road,,
ディナン深層林,Deenan Woods,,
霧たなびく深森,Deep Misty Woods,,
水陰の淵辺,Deep Water's Edge,,
ディプニエ大侵林,Deepney Great Forest,,
デリーン,Deryn,,
デミル,Demir,,
魔軍緊急野営地,Demon Army Camp,,
魔軍進行中継場,Demon Army Relay Station,,
魔軍出撃待機所,Demon Army Standby Spot,,
魔軍戦車駐留地,Demon Army War Machine Garrison,,
魔犬養育所,Demon Dog Kennel,,
魔狼の縄張り,Demon Wolf Territory,,
魔獣の巣穴,Demon's Den,,
デニス,Dennis,,
リムの淵辺,Depths of the Rift,,
デレード,Deredo,,
デレク,Derek,,
廃村エスリグ,Deserted Village of Aethrig,,
廃村デニスィル,Deserted Village of Denisyr,,
廃村クラーハ,Deserted Village of Kraag,,
廃村ナバド,Deserted Village of Nabhadh,,
廃村ルフロー,Deserted Village of Ruflow,,
殲滅指定区域　最奥下層,Extermination Area: Depths,,
殲滅指定区域　最奥上層左,Extermination Area: Depths Left,,
殲滅指定区域　最奥上層右,Extermination Area: Depths Right,,
殲滅指定区域　左方,Extermination Area: Left Side,,
殲滅指定区域　右方,Extermination Area: Right Side,,
落露の大穴,Dewdrop Crater,,
デューイ,Dewi,,
ディアドラ,Deirdre,,
ディアマンテス,Diamantes,,
ダイオン,Dian,,
ディッカ,Dikka,,
ディンガス,Dingus,,
ダイアン,Dion,,
ディリス,Dirith,,
変装したガルドリン,Disguised Gurdolin,,
神花のテラス,Divine Blossom Terrace,,
ドハティ,Doherty,,
ドルキ,Dolkey,,
ドネル,Donnell,,
異界の扉,Door to the Other World,,
ドリス,Doris,,
ドロテア,Dorothea,,
ドロシー,Dorothy,,
ダウ渓谷,Dowe Valley,,
竜スキル合体,Dragon Skill Coalescence,,
竜の巣,Dragon's Nest,,
ドラワン,Drawan,,
ドラワン教会,Drawan Church,,
ドリード城,Dreed Castle,,
ドリード連絡路,Dreed Connecting Passage,,
ドリード排水路,Dreed Drainage Channels,,
ドリード監視塔,Dreed Watchtower,,
ドリード水路跡,Dreed Waterway Ruins,,
ドルー,Drew,,
小塔傍の枯れ井戸,Towerside Dry Well,,
酔っぱらった男,Drunk Man,,
酔っぱらった女,Drunk Woman,,
酔っ払い,Drunkard,,
乾いた地下倉庫,Arid Storage,,
枯れ井戸の中（カスタム）00,Dry well interior (custom) 00,,
デュボワ,Dubois,,
ダドリー,Dudley,,
デューク,Duke,,
ダナウィンの挑堂,Dunhain's Hall of Trials,,
ドワーフオーク,Dwarf Orc,,
暗黒の統べる地　東端,East Land of Darkness,,
ミスリウ森林 東側,East Mysree Forest,,
東ザンドラ廃墟群,East Zandora Ruins,,
ウルテカ山岳 東部,Eastern Urteca Mountains,,
ザンドラ東部,Eastern Zandora,,
エコール,Ecole,,
エディ,Eddie,,
エディーズ,Eddys,,
イーデン,Eden,,
エイリーン,Eileen,,
エジェ,Eje,,
エクレム,Ekrem,,
エラン採石洞,Elan Quarry Cave,,
エラン採石洞　最深部,Elan Quarry Cave Innermost Depths,,
エラン採石洞　中央部,Elan Quarry Cave: Center,,
エラン水林,Elan Water Grove,,
エラン水林 深層,Elan Water Grove Depths,,
エラン水林 船着き場,Elan Water Grove Wharf,,
エレメントアーチャー,Element Archer,,
エルフ遺跡（カスタム）00,Elf ruins (custom) 00,,
エリ警備塔,Eli Guard Tower,,
エリクシル精製室,Elixir Refining Chamber,,
エリン,Ellen,,
エリオット,Elliot,,
エルマー,Elmer,,
エルネア・スプリング,Elnea Spring,,
エルセン,Elsen,,
エルトン,Elton,,
エルナ,Erna,,
エルネド,Eluned,,
エメラダ,Emerada,,
エミール,Emil,,
エミリア,Emilia,,
エミーネ,Emine,,
エンポリオ,Emporio,,
虚ろの小堂,Empty Chapel,,
エンド誘導予備1,End Content NPC,,
エンド誘導予備2,End Content NPC,,
エンド誘導予備3,End Content NPC,,
エンデール,Endale,,
エンディング用部屋,Ending Office,,
エンフ,Enfys,,
エンナ,Enna,,
エニス,Ennis,,
エルデム,Erdem,,
エルテ・ディナン,Erte Deenan,,
エルドアン,Erdogan,,
エセン,Esen,,
エテルナ,Eterna,,
エテルナ装具屋,Eterna's Outfitter,,
イーサン,Ethan,,
エセル,Ethel,,
エトナ,Etna,,
ユージーン,Eugene,,
エウニケ,Eunike,,
エバ,Eva,,
イベントダンジョン,Event Dungeon,,
イベントビューアー部屋,Event Viewer Room,,
イーヴィ,Evey,,
悪しき竜のねぐら,Evil Dragon's Roost,,
エヴレン,Evren,,
疲弊した盗賊男,Exhausted Male Bandit,,
調査隊駐屯地,Expedition Garrison,,
ファビオ,Fabio,,
妖精の枯れ井戸,Fairy's Withered Well,,
ファルク,Falk,,
いつわりの遺構,False Remains,,
いつわりの遺構 深層部,False Remains Inner Depths,,
いつわりの遺構 武器庫,False Remains: Armory,,
いつわりの遺構 通路,False Remains: Passage,,
狂信者の潜伏地,Fanatic's Hiding Ground,,
ファーラナ平原,Farana Plains,,
ファーラナ平原 中央,Farana Plains Center,,
ファーラナ平原 船着き場,Farana Plains Wharf,,
ファーラナ遺跡,Farana Ruins,,
ファーラナ遺跡　深部,Farana Ruins Depths,,
ファーラナ遺跡　危険区域,Farana Ruins: Dangerous Area,,
農夫,Farmer,,
最果ての岸,Farthest Bank,,
フェデルコ,Federico,,
フェリクス,Felix,,
女性神官,Female Priest,,
女性戦士,Female Soldier,,
女戦士,Female Soldier,,
ファーガル,Fergal,,
ファーガソン,Ferguson,,
フェルヤナ関所前,Feryana Border Checkpoint,,
フェルヤナ荒原,Feryana Wilderness,,
フェルヤナ荒原 城下,Feryana Wilderness by Castle,,
悪鬼の岩窟,Demon's Grotto,,
ファイター,Fighter,,
最終防衛区画,Final Defense Area,,
フィンバー,Finbar,,
フィン,Fionn,,
火垂れ山野営地,Firefall Mountain Campsite,,
火垂れ山拝竜院,Firefall Mountain Dragon Temple,,
火垂れ山拝竜院 最深部,Firefall Mountain Dragon Temple Depths,,
火垂れ山拝竜院 中層,Firefall Mountain Dragon Temple: Middle,,
火垂れ山の穿ち石,Firefall Mountain Eroded Rock,,
第一防衛区画,First Defense Area,,
第一の門,First Gate,,
第一捕虜収容所,First Prison Camp,,
フラナン,Flannan,,
フラベル,Flavell,,
フラベルの店,Flavell's Shop,,
フロックヴァルト大橋,Flocwald Bridge,,
お花ちゃん,Little Flower,,
異邦の岬,Foreign Cape,,
森小人の集落,Forest Goblins' Village,,
森民の地下道,Forest People's Tunnel,,
森の廃墟地下,Forest Ruins Cellar,,
森精の隠れ家,Forest Sprite's Refuge,,
霧の森,Forest of Mist,,
霧の森 征圧エリア １,Forest of Mist Conquest Area 1,,
霧の森 征圧エリア ２,Forest of Mist Conquest Area 2,,
霧の森 征圧エリア ３,Forest of Mist Conquest Area 3,,
霧の森 征圧エリア ４,Forest of Mist Conquest Area 4,,
霧の森 征圧エリア ５,Forest of Mist Conquest Area 5,,
霧の森 征圧エリア ６,Forest of Mist Conquest Area 6,,
霧の森 征圧エリア ７,Forest of Mist Conquest Area 7,,
忘却の廃村,Forgotten Abandoned Village,,
旧闘技場跡地,Former Arena,,
休憩所跡地,Former Rest Station,,
見捨てられた井戸,Forsaken Well,,
見捨てられた井戸　危険区域,Forsaken Well: Dangerous Area,,
ティネス砦,Fort Thines,,
ティネス砦　大食堂,Fort Thines: Great Dining Hall,,
城の古井戸,Fort's Old Well,,
城塞都市メガド,Fortress City Megado,,
城塞都市メガド 美容院前,Fortress City Megado: Beauty Salon,,
城塞都市メガド 旧英霊廟前,Fortress City Megado: Before Old Epitaph Road Shrine,,
城塞都市メガド 水車部屋前,Megado: Water Wheel Chamber Exterior,,
城塞都市メガド 城門,Fortress City Megado: City Gate,,
城塞都市メガド クラフトルーム,Fortress City Megado: Workshop,,
城塞都市メガド 大通り,Fortress City Megado: Main Street,,
城塞都市メガド 広場,Fortress City Megado: Plaza,,
城塞都市メガド 裏広場,Fortress City Megado: Rear Square,,
城塞都市メガド 居住層,Fortress City Megado: Residential Level,,
城塞都市メガド 王宮層,Megado: Royal Palace Level,,
城塞都市メガド 王宮層 玉座,Megado: Royal Palace Level Throne,,
城塞都市メガド 酒場,Fortress City Megado: Tavern,,
砦前・千本棘の陣,Fortress Outskirts: Thousand Needles,,
不浄の地下水道,Defiled Waterway,,
フラン,Fran,,
フランチェスカ,Francesca,,
フレッド,Fred,,
フレディー,Freddy,,
フロイト,Freud,,
フレイア,Freya,,
氷気の遺路,Frigid Ancient Passage,,
氷気の遺路　深部,Frigid Ancient Passage Depths,,
氷気の遺路　　危険区域,Frigid Ancient Passage: Dangerous Area,,
大門前,Front Gate,,
菌糸の襲窟,Fungal Colony Caves,,
菌糸の襲窟　脇道,Fungal Colony Caves: Byway,,
菌糸の襲窟　深層,Fungal Colony Caves: Depths,,
菌糸の襲窟　鍾乳通路,Fungal Colony Caves: Passage,,
菌糸の襲窟　中層,Fungal Colony Caves: Middle Level,,
ガリプ,Gallip,,
呪詛の庭,Garden of Curses,,
ガルドノック砦,Gardnox Fortress,,
ガルドノック哨戒地,Gardnox Patrol Area,,
ガルドノック廃水廊,Gardnox Sewers,,
ガルドノック廃水廊　深部,Gardnox Sewer Depths,,
ガルドノック廃水廊　危険区域,Gardnox Sewer: Dangerous Area,,
饒舌なスケルトン,Garrulous Skeleton,,
ガス,Gas,,
ガッシュ,Gash,,
大門前野営地,Gate Camp,,
聖域の門,Gate of Sacred Grounds,,
波打ちの門洞,Wavecrash Cave,,
ガヴァン,Gawain,,
ガラダ,Gearóid,,
ガラダの護衛戦士,Gearóid's Escort Guard,,
ジェネラルオーク,General Orc,,
ジェラール,Gerald,,
ゲルト,Gerd,,
ジェレン,Geren,,
イェルハルド,Gerhard,,
ガーシュウィン,Gershwin,,
オオネズミ,Giant Rat,,
ギブソン,Gibson,,
ギリアム,Gilliam,,
ジリアン,Gillian,,
ギルロイ,Gilroy,,
ギルスタン,Gilstan,,
ジネット,Ginette,,
少女,Girl,,
ジゼル,Giselle,,
グリニス,Glenis,,
グレナー,Glenna,,
グロリア,Gloria,,
燐光虫の洞窟,Glowworm Cave,,
グリンデュア,Glyndwr,,
グリンデュア・セントラム,Glyndwr Centrum,,
ゴビネット,Gobinet,,
ゴブリン,Goblin,,
小鬼の野営地,Goblin Camp,,
小鬼の物見台,Goblin Lookout,,
ゴーゴ,Gogo,,
ゾマ組合宿　金の杯亭,Golden Tankard Inn,,
ゴルゴラン,Golgorran,,
ゴルタス,Goltas,,
ゴーン,Gowan,,
ゴートン,Gordon,,
ゴート,Gort,,
グランエント,Grand Ent,,
グレイ,Gray,,
大神殿前広場,Great Temple Plaza,,
大翼の谷,Great Wings Valley,,
緑夜の庵,Green Nights Retreat,,
蒼葉のテラス,Greenleaf Terrace,,
グレゴリー,Gregory,,
グリンメル遺跡,Grinmel Ruins,,
グリンメル遺跡　中深部,Grinmel Ruins Depths,,
グリンメル遺跡　中央通路,Grinmel Ruins Center Passage,,
グリンメル遺跡　最深部,Grinmel Ruins Innermost Depths,,
グリンメル遺跡　危険区域,Grinmel Ruins: Dangerous Area,,
グリッテン砦,Fort Gritten,,
グリッテン砦　通行許可,Fort Gritten Permit Office,,
グローン・ノス,Groan Nos,,
呻きの枯れ井戸,Groaning Old Well,,
禁域守の神官,Guardian Priest of the Wasteland,,
ギュンター,Gunther,,
ガルドリン,Gurdolin,,
３周年を祝うガルドリン,Gurdolin celebrating 3rd Anniversary,,
水声の瞑堂,Echotide Meditation Hall,,
ガイ,Guy,,
グェネイラ,Gwenhwyfar,,
ハディン地下古道,Hadin Underground Old Road,,
ハディン地下古道　深部,Hadin Underground Old Road Depths,,
ハディン地下古道　中央部,Hadin Underground Old Road: Center,,
ハディン地下古道　危険区域,Hadin Underground: Dangerous Area,,
魔角の間,Hall of the Magic Horns,,
ハムザ,Hamza,,
ハンコック,Hancock,,
ハンナ,Hannah,,
ハロルド,Harold,,
ハリエット,Harriet,,
ハーヴェイ,Harvey,,
ホーソーン,Hawthorne,,
ハヤル,Hayal,,
ヘイデン,Hayden,,
ヘザー,Heather,,
飛天のテラス,Soaring Sky Terrace,,
飛天のテラス　危険区域,Soaring Sky Terrace: Dangerous Area,,
飛天のテラス　深層,Soaring Sky Terrace Depths,,
ヘフィーナ,Hefina,,
ハインツ,Heinz,,
エナン,Enan,,
ヘンリー,Henry,,
臥竜のうろ,Wyrmcradle,,
隠者の家,Hermit's House,,
英霊眠りし道,Epitaph Road,,
英霊眠りし道 洞窟 深層 脇道,Epitaph Road Cave Depths: Byway,,
英霊眠りし道 洞窟 深層 第一の間,Epitaph Road Cave Depths: 1st Room,,
英霊眠りし道 洞窟 深層 第四の間,Epitaph Road Cave Depths: 4th Room,,
英霊眠りし道 洞窟 深層 第二の間,Epitaph Road Cave Depths: 2nd Room,,
英霊眠りし道 洞窟 深層 石像の間,Epitaph Road Cave Depths: Statue Room,,
英霊眠りし道 洞窟 深層 第三の間,Epitaph Road Cave Depths: 3rd Room,,
英霊眠りし道 洞窟 深層,Epitaph Road Cave Depths,,
英霊眠りし道 洞窟 第一の間,Epitaph Road Cave: 1st Room,,
英霊眠りし道 洞窟 第四の間,Epitaph Road Cave: 4th Room,,
英霊眠りし道 洞窟 通路,Epitaph Road Cave: Passage,,
英霊眠りし道 洞窟 第二の間,Epitaph Road Cave: 2nd Room,,
英霊眠りし道 洞窟 石像の間,Epitaph Road Cave: Statue Room,,
英霊眠りし道 洞窟 第三の間,Epitaph Road Cave: 3rd Room,,
英霊眠りし道 遺跡,Epitaph Road Ruins,,
英霊眠りし道 遺跡 深層 第一の間,Epitaph Road Ruins Depths: 1st Room,,
英霊眠りし道 遺跡 深層 第四の間,Epitaph Road Ruins Depths: 4th Room,,
英霊眠りし道 遺跡 深層 大広間,Epitaph Road Ruins Depths: Great Hall,,
英霊眠りし道 遺跡 深層 広間,Epitaph Road Ruins Depths: Hall,,
英霊眠りし道 遺跡 深層 隠し通路,Epitaph Road Ruins Depths: Secret Path,,
英霊眠りし道 遺跡 深層 通路,Epitaph Road Ruins Depths: Passage,,
英霊眠りし道 遺跡 深層 第二の間,Epitaph Road Ruins Depths: 2nd Room,,
英霊眠りし道 遺跡 深層 石像の間,Epitaph Road Ruins Depths: Statue Room,,
英霊眠りし道 遺跡 深層 第三の間,Epitaph Road Ruins Depths: 3rd Room,,
英霊眠りし道 遺跡 深層 武神の間,Epitaph Road Ruins Depths: War God Room,,
英霊眠りし道 遺跡 深層,Epitaph Road Ruins Depths,,
英霊眠りし道 遺跡 第一の間,Epitaph Road Ruins: 1st Room,,
英霊眠りし道 遺跡 第四の間,Epitaph Road Ruins: 4th Room,,
英霊眠りし道 遺跡 通路,Epitaph Road Ruins: Passage,,
英霊眠りし道 遺跡 第二の間,Epitaph Road Ruins: 2nd Room,,
英霊眠りし道 遺跡 螺旋回廊,Epitaph Road Ruins: Spiral Corridor,,
英霊眠りし道 遺跡 石像の間,Epitaph Road Ruins: Statue Room,,
英霊眠りし道 遺跡 第三の間,Epitaph Road Ruins: 3rd Room,,
英霊眠りし道 祠 深層,Epitaph Road Shrine Depths,,
英霊眠りし道 祠 第一の間,Epitaph Road Shrine: 1st Room,,
英霊眠りし道 祠 第四の間,Epitaph Road Shrine: 4th Room,,
英霊眠りし道 祠 通路,Epitaph Road Shrine: Passage,,
英霊眠りし道 祠 第二の間,Epitaph Road Shrine: 2nd Room,,
英霊眠りし道 祠 石像の間,Epitaph Road Shrine: Statue Room,,
英霊眠りし道 祠 第三の間,Epitaph Road Shrine: 3rd Room,,
英霊眠りし道 墓所,Epitaph Road Tomb,,
英霊眠りし道 墓所 第一の間,Epitaph Road Tomb: 1st Room,,
英霊眠りし道 墓所 第四の間,Epitaph Road Tomb: 4th Room,,
英霊眠りし道 墓所 広間,Epitaph Road Tomb: Hall,,
英霊眠りし道 墓所 通路,Epitaph Road Tomb: Passage,,
英霊眠りし道 墓所 第二の間,Epitaph Road Tomb: 2nd Room,,
英霊眠りし道 墓所 石像の間,Epitaph Road Tomb: Statue Room,,
英霊眠りし道 墓所 第三の間,Epitaph Road Tomb: 3rd Room,,
英霊眠りし道 水路,Epitaph Road Waterway,,
英霊眠りし道 水路 脇道,Epitaph Road Waterway: Byway,,
英霊眠りし道 水路 第一の間,Epitaph Road Waterway: 1st Room,,
英霊眠りし道 水路 第四の間,Epitaph Road Waterway: 4th Room,,
英霊眠りし道 水路 第二の間,Epitaph Road Waterway: 2nd Room,,
英霊眠りし道 水路 石像の間,Epitaph Road Waterway: Statue Room,,
英霊眠りし道 水路 第三の間,Epitaph Road Waterway: 3rd Room,,
英霊眠りし道 水路 武神の間,Epitaph Road Waterway: War God Room,,
英霊眠りし道 井戸,Epitaph Road Well,,
英霊眠りし道 井戸 深部,Epitaph Road Well Depths,,
英霊眠りし道 井戸 入口,Epitaph Road Well: Entrance,,
英霊眠りし道 井戸 第一の間,Epitaph Road Well: 1st Room,,
英霊眠りし道 井戸 第四の間,Epitaph Road Well: 4th Room,,
英霊眠りし道 井戸 通路,Epitaph Road Well: Passage,,
英霊眠りし道 井戸 第二の間,Epitaph Road Well: 2nd Room,,
英霊眠りし道 井戸 石像の間,Epitaph Road Well: Statue Room,,
英霊眠りし道 井戸 第三の間,Epitaph Road Well: 3rd Room,,
英霊眠りし道 洞窟,Epitaph Road: Cave,,
英霊眠りし道　フェルヤナ荒原,Epitaph Road: Feryana Wilderness,,
英霊眠りし道　ラスニテ山麓,Epitaph Road: Rathnite Foothills,,
英霊眠りし道 祠,Epitaph Road: Shrine,,
ヘスター,Hester,,
ヘストン,Heston,,
ヒックス,Hicks,,
隠れ浜,Hidden Beach,,
隠れ村ピレモス,Hidden Village Piremoth,,
メガドへの隠れ水路,Hidden Waterway to Megado,,
ハイデル地下霊廟,Hidell Catacombs,,
ハイデル地下霊廟　深部,Hidell Catacombs Depths,,
ハイデル地下霊廟　最深部,Hidell Catacombs Innermost Depths,,
ハイデル教会,Hidell Church,,
ハイデル平原,Hidell Plains,,
隠れ潜むガルドリン,Hiding Gurdolin,,
ハイセプター,High Scepter,,
ヒルデ,Hilde,,
ホボリック洞穴,Hobolic Cave,,
始まりの洞,Hollow of Beginnings,,
始まりの洞　集いの間,Hollow of Beginnings: Gathering Area,,
フーリャ,Fulya,,
ハフ,Hough,,
民家,House,,
風鳴り洞窟,Windhowl Cave,,
ハンター,Hunter,,
狩人,Hunter,,
狩人の抜け穴,Hunters' Secret Passage,,
イデ,Ide,,
イーファ,Ifa,,
イルマズ,Ilmaz,,
イナタイヤ,Ignatia,,
イネス,Ines,,
侵染の窪地,Infected Basin,,
侵食魔の巣窟,Infected Den,,
侵食魔の巣窟　奥底,Infected Den Depths,,
侵食魔の巣窟　奥底　危険区域,Infected Den Depths: Dangerous Area,,
侵食魔の巣窟　奥底　深層,Infected Den Innermost Depths,,
侵食魔の巣窟　脇道,Infected Den: Byway,,
イングリッド,Ingrid,,
イニアス湿地帯,Inias Wetlands,,
負傷した男性,Injured Man,,
負傷した戦士,Injured Soldier,,
マグサス古水路　最奥,Innermost Magusas Ancient Canal,,
静穏の隠れ洞 最奥,Innermost Quiet Concealed Cave,,
王家の墓 最奥,Innermost Royal Family Mausoleum,,
侵鬼の洞穴,Invading Demons Cave,,
侵鬼の洞穴　中央通路,Invading Demons Cave Center Path,,
侵鬼の洞穴　最深部,Invading Demons Cave Depths,,
イオセフ,Iosef,,
アイラ,Ira,,
イリス,Iris,,
イルヴァ,Ilva,,
アイザック,Isaac,,
イザベル,Isabel,,
イサップ,Aesop,,
イゼル,Isel,,
イゼット,Isetto,,
幽縁ヶ浜,Isolated Beach,,
隔離兵舎,Isolation Barracks,,
イヴァン,Ivan,,
イヴァンの山小屋,Ivan's Lodge,,
アイヴィ,Ivey,,
ジャン,Jan,,
ジャレッド,Jared,,
ジャスパー,Jasper,,
ジェミル,Cemil,,
ジェンナ,Jenna,,
ジフール砦,Jifule Fortress,,
慈恵の斎場,Merciful Funeral Hall,,
ジンゲン,Jingen,,
ジョアンナ,Joanna,,
ヨアキム,Joaquim,,
ヨハン,Johann,,
ジョウホウヤ,Information Dealer,,
ジョナス,Jonas,,
ジョーダン,Jordan,,
ジョゼフ,Joseph,,
ジョセフィン,Josephine,,
ジョシュ,Josh,,
ジュディス,Judith,,
ジュリア,Julia,,
ジュリエンヌ,Julienne,,
密林の鍾乳洞,Jungle Limestone Caves,,
密林の鍾乳洞　深部,Jungle Limestone Caves Depths,,
カレン,Karen,,
カルノ,Karno,,
啼き井戸,Keening Well,,
ケイーク,Keik,,
ケマル,Kemal,,
ケナン,Kenan,,
ケネック,Kennec,,
ハリル,Khalil,,
キビザ,Kibiza,,
キーファー,Kiefer,,
キースヒルト,Kieshildt,,
王の間,King's Chambers,,
キンガル峡谷,Kingal Canyon,,
キンガル峡谷 深層,Kingal Canyon Depths,,
キンガル遺跡路,Kingal Ruins Road,,
キンガル西岸,Kingal West Bank,,
キノザ,Kinoza,,
キノザ治水路,Kinoza Drains,,
キノザ鉱泉,Kinoza Mineral Springs,,
キルスティ,Kirsty,,
キトリッジ,Kittredge,,
クラウス,Klaus,,
騎士,Knight,,
騎士団補給所跡,Knights' Depot Ruins,,
旧騎士団詰め所,Knights' Old Guardhouse,,
旧騎士団連絡路,Knights' Old Route,,
旧騎士団資材庫,Knights' Old Storehouse,,
旧騎士団監視塔,Knights' Old Watchtower,,
夜の女,Lady of the Night,,
聖獣の間,Lair of the Holy Beast,,
セラー湖,Lake Cera,,
セラー湖船墓場,Lake Cera Ship Graveyard,,
イニアス湖,Lake Inias,,
湖底連絡路,Lakebottom Connecting Passage,,
湖岸地下室,Lakeside Cellar,,
湖畔の洞窟,Lakeside Grotto,,
湖畔の洞窟 深層部,Lakeside Grotto Inner Depths,,
湖畔の洞窟 鍾乳洞,Lakeside Grotto: Limestone Cave,,
湖畔の洞窟 通路,Lakeside Grotto: Passage,,
湖岸の廃墟,Lakeside Ruins,,
ラピス,Lapis,,
ララ,Lara,,
大演習場,Large Training Area,,
ラウラ,Laura,,
レ・カルバス・アーマ,Le Karvas Arma,,
レ・カルバス・ロタナ,Le Karvas Lotana,,
レ・カルバス・パティーロ,Le Karvas Patiro,,
レ・カルバス・サルトー,Le Karvas Salto,,
リーザ,Liesa,,
レント,Lent,,
レオ,Leo,,
レオのアジト,Leo's Hideout,,
レスタニア,Lestania,,
レウェラ,Revela,,
リアム,Liam,,
解放軍戦士,Liberation Army Soldier,,
息絶えた覚者,Lifeless Arisen,,
息絶えた騎士,Lifeless Knight,,
息絶えた村人,Lifeless Villager,,
灯台守の家,Lighthouse Keeper's House,,
灯台下の古井戸,Lighthouse Old Well,,
灯台の地下倉庫,Lighthouse Cellar,,
軽装の女戦士,Lightly-Equipped Female Soldier,,
軽装の戦士,Lightly-Equipped Soldier,,
たたずむスケルトン,Lingering Skeleton,,
ライナス,Linus,,
リサ,Lisa,,
リズ,Lise,,
リビアン,Livian,,
ルヴィア,Lluvia,,
ロイグ,Loeg,,
ローガン,Logan,,
森の一軒家,Lone House in the Forest,,
渓谷の一軒家,Lone House in the Valley,,
展望城,Lookout Castle,,
展望城城外,Lookout Castle Exterior,,
展望城城外 ソネルキャンプ,Lookout Castle Exterior: Sonel's Camp,,
展望城 城門前,Lookout Castle: Castle Gate Exterior,,
展望城 中庭,Lookout Castle: Courtyard,,
展望城 地下牢,Lookout Castle: Dungeon,,
展望城 大広間,Lookout Castle: Great Hall,,
展望城 港,Lookout Castle: Harbor,,
展望城 中層,Lookout Castle: Middle Level,,
展望城 王宮層,Lookout Castle: Royal Stratum,,
展望城 上層,Lookout Castle: Upper Level,,
ロルカン,Lorcan,,
ローナ,Lorna,,
ロッタ,Lotta,,
ローラ,Loura,,
ルーカス,Lucas,,
ルキーノ,Luchino,,
リュシアン,Lucien,,
ルチーナ,Lucina,,
ルシンダ,Lucinda,,
ルーシー,Lucy,,
ルドヴィカ,Ludovika,,
木こり,Lumberjack,,
ライアム,Lyam,,
リュカ,Luca,,
リンウッド,Lynwood,,
リンウッド地下水路,Lynwood Underground Waterway,,
ライオネット,Lyonnet,,
マデリーン,Madeline,,
メーヴ,Maeve,,
マグサス古水路,Magusas Ancient Canal,,
マグサス古水路　入り口,Magusas Ancient Canal Entrance,,
マグサス古水路　隠し通路,Magusas Ancient Canal: Hidden Passage,,
マグサス古水路　排水処理場,Magusas Ancient Canal: Treatment Site,,
マハル,Mahal,,
マイア,Maia,,
マジョリー,Majori,,
魔界村地下墓地,Ghosts 'n Goblins Catacombs,,
雄シカ,Male Deer,,
男,Man,,
男性,Man,,
助けを求める男,Man Seeking Help,,
ボロをまとった男,Man in rags,,
マヌンの集落,Manun Village,,
マルコ,Marco,,
マルクス,Marcus,,
マーガレット,Margaret,,
マーホン,Mahon,,
マリオ,Mario,,
マリサ,Marisa,,
マルキス,Marquis,,
クルト侯爵邸,Marquise Kurt's residence,,
マルテン,Marten,,
メアリー,Mary,,
マヴェイル,Mavail,,
メイリーフ,Mayleaf,,
メイリーフの寝室,Mayleaf's Bedroom,,
マコーミック,McCormick,,
マクマホン,McMahon,,
集会場,Assembly Hall,,
メガド大聖堂,Megado Cathedral,,
メガド回廊,Megado Corridor,,
闇に覆われる前のメガド回廊,"Megado Corridor, Unshrouded",,
メガド離宮,Megado Detached Palace,,
メガド護衛兵,Megado Guard,,
メガド上水網,Megado Water Supply Network,,
メガド上水網 深層部,Megado Water Supply Network Depths,,
メガド上水網 通路,Megado Water Supply Network: Passage,,
メガドシス古道,Megadosys Old Road,,
メガドシス古道 フェルヤナ方面,Megadosys Old Road: Feryana Direction,,
メガドシス古道 メガドシス方面,Megadosys Old Road: Megadosys Direction,,
メガドシス古道 中腹,Megadosys Old Road: Mountainside,,
メガドシス高地,Megadosys Plateau,,
メイロワ,Meirova,,
メル,Mel,,
メリッサ,Melissa,,
大地の記憶 聖炎の参竜道,Memories of the Earth: Sacred Flame Path,,
大地の記憶 火垂れ山野営地,Memory of Firefall Mountain Campsite,,
メガドシスの記憶,Memory of Megadosys,,
大地の記憶 メガドシス古道,Memory of Megadosys Old Road,,
大地の記憶 メガドシス古道 脇道,Memory of Megadosys Old Road: Byway,,
大地の記憶 メガドシス古道 フェルヤナ方面,Mem. of Megadosys Road: Feryana Direction,,
大地の記憶 メガドシス古道 メガドシス方面,Mem. of Megadosys Road: Megadosys Direction,,
大地の記憶 メガドシス古道 中腹,Mem. of Megadosys Old Road: Mountainside,,
メガドシスの記憶 武神の間,Memory of Megadosys: War God Room,,
大地の記憶 王家の墓,Memory of Royal Family Mausoleum,,
ウルテカの記憶,Memory of Urteca,,
ウルテカの記憶 東部 入口,Memory of Urteca: Eastern Entrance,,
ウルテカの記憶 北部 入口,Memory of Urteca: Northern Entrance,,
ウルテカの記憶 武神の間,Memory of Urteca: War God Room,,
ウルテカの記憶 西部 入口,Memory of Urteca: Western Entrance,,
メフィス,Mephis,,
メフィテ,Mephite,,
メフィテ旅人宿,Mephite Traveler's Inn,,
商人,Merchant,,
メルガン・アルケミデア,Mergan Alchemium,,
メルゴダ大水網,Mergoda Waterway,,
メルゴダ・黄金宮,Mergoda Golden Palace,,
メルゴダ下層,Mergoda Lower Level,,
メルゴダ下層　廃墟群,Mergoda: Cluster of Ruins,,
メルゴダ下層　礎前,Mergoda Outer Portcrystal,,
メルゴダ居住区,Mergoda Residential Area,,
メルゴダ王宮層,Mergoda Royal Palace Level,,
メルゴダ王宮層　空庭,Mergodan Palace Terrace,,
亡都メルゴダ,Mergoda Ruins,,
亡都メルゴダ　下層,Mergoda Ruins: Lower Level,,
亡都メルゴダ　王宮層,Mergoda Ruins: Royal Palace Level,,
メルゴダ護政区,Mergoda Security District,,
メルゴダ民の住居,Mergodan Residence,,
メルテム,Meltem,,
メリエム,Meriem,,
不在伝言係,Messenger,,
メトロファネス,Metrophanes,,
ミーア,Mia,,
ミカエラ,Michaela,,
ミラン,Milan,,
ミルバーン,Milburn,,
マイルズ,Miles,,
憲兵,Military Police,,
鉱員,Miner,,
採掘師の隠れ道,Miners' Secret Route,,
鉱山の大踊り場,Mines' Large Landing,,
ミランダ,Miranda,,
ミリヤム,Miriam,,
霧幻のテラス,Misty Illusion Terrace,,
霧幻のテラス　危険区域,Misty Illusion Terrace: Dangerous Area,,
霧幻のテラス　深層,Mistveil Terrace Depths,,
霧幻のテラス　中層,Mistveil Terrace: Middle Level,,
霧幻のテラス　浅層,Mistveil Terrace: Surface Level,,
モアナ,Moana,,
モゴック,Mogok,,
モル,Mole,,
モルトバ灯台,Moltova Lighthouse,,
モルトバ遺跡,Moltova Ruins,,
モルトバ遺跡　危険区域,Moltova Ruins: Dangerous Area,,
モルトバ遺跡　左路,Moltova Ruins: Left Path,,
モルトバ遺跡　右路,Moltova Ruins: Right Path,,
モナ,Mona,,
月影のテラス,Moonlight Terrace,,
モードレッド,Mordred,,
モルフォール,Morfaul,,
モルフォール・セントラム,Morfaul Centrum,,
モルフォール族長の家,Morfaul Chief's Home,,
モーガン,Morgan,,
モルガーナ,Morgana,,
モーリス,Morris,,
モローケイヴァン,Morrow Cavern,,
モローケイヴァン　深部,Morrow Cavern Depths,,
モローケイヴァン　最深部,Morrow Cavern Innermost Depths,,
モローケイヴァン　危険区域,Morrow Cavern: Dangerous Area,,
モロー樹林,Morrow Forest,,
モロー樹林 深層,Morrow Forest Depths,,
モロー古跡,Morrow Old Ruins,,
モルテン,Morten,,
山腹の野戦場,Mountainside Battlefield,,
ムバラク,Mubarak,,
ミュゲ,Muge,,
ムラト,Murad,,
ミューセル,Mucel,,
音楽家,Musician,,
ムスタファ,Mustafa,,
マイラ,Myra,,
ミシアル,Mysial,,
ミスリウ森林,Mysree Forest,,
ミスリウ森林深部,Mysree Grove,,
標の祠　ミスリウ森林深部,Mysree Grove Shrine,,
ミスリウ鍾乳洞,Mysree Limestone Cave,,
ミステラ,Mystera,,
謎のお化け,Mysterious Ghost,,
不思議な少女,Mysterious Girl,,
謎の礎,Mysterious Portcrystal,,
幽玄の霊堂,Mysterious Mausoleum,,
幽玄の霊堂　危険区域,Mysterious Mausoleum: Dangerous Area,,
幽玄の霊堂　深層,Mysterious Mausoleum Depths,,
幽玄の霊堂　中層,Mysterious Mausoleum: Middle Level,,
ナバル,Nabal,,
ナディア,Nadia,,
名もなき廃村,Nameless Deserted Village,,
ナンシー,Nancy,,
ナタリア,Natalia,,
ネイト,Nate,,
ナサニエル,Nathaniel,,
自然洞窟＋坑道（カスタム）00,Natural Cave + Tunnel (custom) 00,,
ナーヴ,Nave,,
ナヴィド,Navid,,
ナヤジーク,Nazik,,
ネビュラ小神殿,Nebula Temple,,
ネビュラ小神殿　回廊,Nebula Temple Corridor,,
ネビュラ小神殿　深部,Nebula Temple Depths,,
ネビュラ小神殿　中央部,Nebula Temple: Center,,
骸の将,Necro Master,,
ネド,Nedo,,
ネイア,Neia,,
ネルソン,Nelson,,
術師の地下泉,Arcane Font,,
ネストーレ,Nestor,,
ニュートの巣穴,Newt Den,,
ニコラス,Nicholas,,
ニコラ,Nicola,,
ニキ,Nikki,,
ニルビリス大橋関所,Nilviris Bridge Checkpoint,,
ニルヴァーナ,Nirvana,,
貴族,Nobleman,,
ノーラ,Nora,,
ポーン会話用ノーマル,Normal Pawn,,
ノーマン,Norman,,
ノーメル,Normel,,
北側排水路,North Drainage Channel,,
暗黒の統べる地　北端,North Land of Darkness,,
ラスニテ山麓 北側,North Rathnite Foothills,,
ボルド鉱山 北側,North Volden Mines,,
北の盗賊のアジト,Northern Bandit Hideout,,
バートランド平原北部,Northern Betland Plains,,
ウルテカ山岳 北部,Northern Urteca Mountains,,
ノーザナス侵林,Northerners Infected Woods,,
ノーザナス侵林　危険区域,Infected Woods: Dangerous Area,,
オニール,O'Neill,,
オブリン,Oberlin,,
奇岩谷,Odd Rock Valley,,
オイングス,Oengus,,
オフタイムのガルドリン,Off-time Gurdolin,,
オジナの支配圏,Ogina's Domain,,
廃都の住居跡,Old Capital Ruins,,
旧船頭寄合所,Old Ferryman's Haunt,,
旧船頭寄合所　最深部,Old Ferryman's Haunt Innermost Depths,,
旧船頭寄合所　中央広場,Old Ferryman's Haunt: Central Plaza,,
旧船頭寄合所　危険区域,Old Ferryman's Haunt: Dangerous Area,,
旧船頭寄合所　深部通路,Old Ferryman's Haunt: Depths Passage,,
旧英霊廟,Old Hero's Rest Shrine,,
古住居遺跡,Old Residence Ruins,,
旧鉱泉湧き口,Old Spring,,
古テキア洞窟,Old Tekia Grotto,,
古テキア洞窟　中心部,Old Tekia Grotto: Central Part,,
旧地下実験所,Old Underground Laboratory,,
旧水汲み場,Old Waterhole,,
老婦,Old Woman,,
オリバー,Oliver,,
ウーナ,Oona,,
オフィリア,Ophelia,,
オーク,Orc,,
オーク残党宿営地,Orc Remnants Camp,,
オルハン,Orhan,,
オリア,Orla,,
オズワルド,Oswald,,
オズワルドの武具店,Oswald's Armor Shop,,
外に出る,Outside,,
オーウェン,Owen,,
牛,Ox,,
オズギュル,Ozgur,,
宮殿前広場,Palace Plaza,,
パメラ,Pamela,,
パリスハルト,Parishard,,
掘削中の井戸,Half-finished Well,,
パートナーポーン,Partner Pawn,,
パスカル,Pascal,,
通りすがりの旅人,Passing Traveler,,
モローへの小路,Path to Morrow,,
モローへの小路 船着き場,Path to Morrow Wharf,,
パトリシア,Patricia,,
ポール,Paul,,
ポーラ,Paula,,
ポーン郷,Pawn Cathedral,,
ペコ,Peco,,
行商人,Peddler,,
行商人の難所,Peddler's Peril,,
ペドロ,Pedro,,
ペドロ雑貨店,Pedro's General Store,,
ペール,Pehr,,
罪人の修獄,Penitentiary,,
罪人の修獄　危険区域,Penitentiary: Dangerous Area,,
亡都の民,People of the Dead City,,
パーシー,Percy,,
パーシモン,Persimmon,,
淀みし大竜力,Phantasmic Great Dragon,,
フィンダム,Phindym,,
群像の岩屋,Statuary Hollow,,
ピエリ,Pieri,,
ブタ,Pig,,
ピレモス旅人宿,Piremoth Traveler's Inn,,
ピサル,Pisarr,,
叫びの竪穴,Pit of Screams,,
叫びの竪穴　危険区域,Pit of Screams: Dangerous Area,,
ピット,Pitt,,
ピクシーズキャンプ,Pixies' Camp,,
平原の廃墟地下室,Plains House Abandoned Cellar,,
高地のあばら屋,Plateau Shack,,
プラム,Plum,,
密猟者のキャンプ,Poachers' Camp,,
ポー,Poe,,
詩人,Poet,,
還れぬ炎の吹き溜まり,Pool of Inextinguishable Flames,,
捕食者たちの低地,Predators' Lowland,,
プリースト,Priest,,
神官,Priest,,
原初の集落,Primitive Settlement,,
守り人の庵,Protector's Retreat,,
パブ用ステージ,Pubs' Stage,,
ポーン会話用ピュア,Pure Pawn,,
浄水区,Purified Water Section,,
紫花の園,Purple Flower Garden,,
サラマンダーコロニー,Pyre Saurian Colony,,
静穏の隠れ洞,Quiet Concealed Cave,,
静穏の隠れ洞 洞窟通路,Quiet Concealed Cave: Cave Passage,,
クインタス,Quintus,,
ウサギ,Rabbit,,
ガクシャ,Raksha,,
腐臭の溜まり場,Rancid Haunt,,
ランドル,Randolf,,
ラスニテ納骨廟,Rathnite Columbarium,,
ラスニテ納骨廟 深層部,Rathnite Columbarium Inner Depths,,
ラスニテ納骨廟 中央広場,Rathnite Columbarium: Central Plaza,,
ラスニテ山麓,Rathnite Foothills,,
ラスニテ山麓　湖畔部,Rathnite Foothills Lakeside,,
ラスニテ地下水路,Rathnite Underground Waterway,,
ラスニテ地下水路 通路,Rathnite Underground Waterway: Aisle,,
ラウル,Raul,,
ラウル武具工房,Raul's Arms and Armor Workshop,,
レイベン,Raven,,
レイ,Ray,,
レヤ,Ray,,
レイモンド,Raymond,,
ラザネイル,Razanailt,,
再帰の浜辺,Recrudescent Beach,,
キノザ組合宿　紅水晶亭,Red Crystal Inn,,
レジーナ,Regina,,
ライシュ,Reich,,
宿場区,Relay Station,,
レンテン,Renton,,
水源へ続く地下道,Reservoir Underground Tunnel,,
安息無き地下水道,Restless Water Channel,,
安息無き地下水道 深層部,Restless Water Channel Inner Depths,,
レヴェント,Levente,,
リアガン,Riagan,,
リキャルド,Ricardo,,
リック,Rick,,
リドリー,Ridley,,
リングディール,Ringdeel,,
木漏れ日の川辺,Riverside of Dappled Sunlight,,
鬼鳴き橋,Roaring Demon Bridge,,
潮騒洞窟,Roaring Tide Cave,,
潮騒の隠れ部屋,Tidewhisper Vault,,
ローシェ,Rocher,,
ロルフ,Rolf,,
ロンドジール,Rondejeel,,
ローザ,Rosa,,
ロス,Ross,,
ローテス,Rotes,,
ロスギル,Rothgill,,
ロスギル兵士,Rothgill Soldier,,
ロスギル旅人宿,Rothgill Traveler's Inn,,
ロイ,Roy,,
王家の隠れ部屋 メガドシス高地,Royal's Hidden Chamber (Megadosys Plat.),,
王家の隠れ部屋 ウルテカ山岳,Royal's Hidden Chamber (Urteca Mts.),,
王家の隠れ道,Royal Family's Secret Path,,
王家の隠れ道 秘密の扉前,Royal Family's Secret Path: Hidden Door,,
王家の隠れ道 書庫,Royal Family's Secret Path: Library,,
王家の隠れ道 聖堂,Royal Family's Secret Path: Shrine,,
王家の隠れ道 宝物庫,Royal Family's Secret Path: Treasury,,
ルドルフォ,Rudolfo,,
廃墟の地下室,Ruins Cellar,,
遺跡の地下室,Ruins Site Cellar,,
聖炎の参竜道,Sacred Flame Path,,
聖炎の参竜道 上層,Sacred Flame Path: Upper Level,,
聖域,Sacred Grounds,,
聖河の遺跡,Sacred River Ruins,,
聖河の遺跡　中央通路,Sacred River Ruins Center Passage,,
聖河の遺跡 船着き場,Sacred River Ruins Wharf,,
聖河の遺跡　中心部,Sacred River Ruins: Central Part,,
霊泉のテラス,Sacred Spring Terrace,,
聖樹のテラス,Sacred Tree Terrace,,
セイディ,Sadie,,
聖遺の塔,Sage Tower Ruins,,
賢者の墓標,Sage's Gravestone,,
賢者の古井戸,Sage's Old Well,,
サゴー,Sago,,
サラミス,Salamis,,
サリー,Sally,,
救出ポーン1,Salvage pawn,,
サマンサ,Samantha,,
サムエル,Samuel,,
サーニャ,Sanya,,
サーラ,Sara,,
サウザネル侵林,Sauzanel Infected Woods,,
サーズ・ディナン,Sazu Deenan,,
怯えた男,Scared Man,,
おびえた様子の女性,Scared Woman,,
大地の傷跡,Scarred Earth,,
スケルツォ,Scherzo,,
灼熱の封鎖道,Scorching Blocked Passage,,
灼熱の封鎖道　脇道,Scorching Blocked Passage: Byway,,
灼熱の封鎖道　危険区域,Scorching Passage: Dangerous Area,,
シラ,Scylla,,
ローテス組合宿　海竜亭,Sea Dragon Inn,,
シーベル,Seabell,,
閉ざされた古井戸,Old Sealed Well,,
封じの玄室,Sealed Sepulcher,,
ショーン,Sean,,
海辺の地下室,Seaside Cellar,,
セバスチャン,Sebastian,,
第二防衛区画,Second Defense Area,,
第二の門,Second Gate,,
セカンドポーン,Second Pawn,,
第二捕虜収容所,Second Prison Camp,,
秘弓師の住居,Bowmaster's Secret Lodge,,
秘匿の実験場,Hidden Observatory,,
秘匿の実験場　危険区域,Hidden Observatory: Dangerous Area,,
秘匿の実験場　深層,Hidden Observatory Depths,,
秘匿の実験場　中層,Hidden Observatory: Middle Level,,
セダ,Seda,,
シーカー,Seeker,,
セリム,Selim,,
セルマ,Selma,,
セマ,Sema,,
セネカ,Seneka,,
老夫婦,Senior Couple,,
古参の騎士,Senior Knight,,
セラ,Sera,,
セレア,Serea,,
セリク,Serik,,
セリン,Selin,,
シェドレアン大神殿,Shadolean Great Temple,,
闇に覆われる前のシェドレアン大神殿,"Shadolean Great Temple, Unshrouded",,
シェドレアン大神殿　最奥前,Shadolean Great Temple: Before Depths,,
シェドレアン大神殿　中央部,Shadolean Great Temple: Center,,
シェドレアン大神殿　宝物庫,Shadolean Great Temple: Treasury,,
闇の将,Shadow Master,,
シャロム,Shalom,,
シーラ,Sira,,
シェケル,Shekel,,
甲竜の湿原,Shell Dragon's Bog,,
シェリー,Shelly,,
セム,Shem,,
シェナ,Shena,,
シェナイ,Shenay,,
シェリン,Sheryn,,
シールドセージ,Shield Sage,,
彩光の滝,Shimmering Waterfall,,
商店区,Shopping District,,
商店区 裏通り,Shopping District Alley,,
戦練の社,Shrine of Combat,,
戦練の社 最奥,Shrine of Combat: Deepest Depths,,
戦練の社 不死の路,Shrine of Combat: Immortal Path,,
戦練の社 自然の路,Shrine of Combat: Nature's Path,,
戦練の社 霊の路,Shrine of Combat: Spirit Path,,
怨嗟の祠,Shrine of Resentment,,
劫炎の祠堂,Shrine of the Eternal Blaze,,
劫炎の祠堂 脇道,Shrine of the Eternal Blaze: Byway,,
ポーン会話用シャイ,Shy Pawn,,
シディカ,Sidika,,
静かな抗戦跡,Silent Resistance Battle Site,,
銀隠者の根城,Silver Hermit's Stronghold,,
ジンゲン組合宿　風啼き亭,Singing Winds Inn,,
シスレー,Sisley,,
スケルトン,Skeleton,,
空望広場,Skygazing Spot,,
ドラワン組合宿　眠り狼亭,Sleeping Wolf Inn,,
スライ,Sly,,
死者の小窟,Small Cave Tombs,,
知恵の小塔,Small Tower of Wisdom,,
ポーン会話用スマート,Smart Pawn,,
鍛冶職人,Smith,,
戦士,Soldier,,
兵士詰所,Guardroom,,
ソネル,Sonel,,
ソニア,Sonia,,
ソーニャ,Sonya,,
ソーサラー,Sorcerer,,
魔術師,Sorcerer,,
スーレ,Sule,,
ブリア海岸 南側,South Breya Coast,,
南ハイデル大橋,South Hidell Bridge,,
暗黒の統べる地　南端,South Land of Darkness,,
南メルゴダ遺跡群,South Mergoda Ruins,,
南壁のひび,Southern Wall Fissure,,
南壁谷の道,Southern Wall Gorge,,
術師の取引所,Specialist Trading Post,,
武霊の庵,Spirit Arts Hut,,
精霊竜セシリー,Spirit Dragon Cecily,,
精霊竜ウィルミア,Spirit Dragon Willmia,,
精霊竜のねぐら,Spirit Dragon's Roost,,
スピリットランサー,Spirit Lancer,,
豊穣の泉,Spring of Abundance,,
癒しの泉,Spring of Healing,,
活力の泉,Spring of Vitality,,
隊将ドワーフオーク,Squad Leader Dwarf Orc,,
スターク,Stark,,
不気味な男,Strange Man,,
野良ポーン1,Stray pawn,,
流水の小路,Stream Alley,,
立ち病みの森,Suffering Forest,,
スレイマン,Suleiman,,
サリヴァン,Sullivan,,
山頂の小堂,Summit Chapel,,
スニーカー,Sunika,,
陽射す地下洞,Skylight Tunnel,,
サニー,Sunny,,
斜陽のテラス,Sunset Terrace,,
食糧庫,Supply Store,,
廃墟の食糧庫,Supply Store Ruins,,
スラボ,Slab,,
スローニャ,Sloane,,
スザンナ,Susanna,,
怪しいゴブリン,Suspicious Goblin,,
スヴェン,Sven,,
タバサ,Tabitha,,
タルコット,Talcott,,
タネル,Tanel,,
タリーエの小塔,Tarie Small Tower,,
酒場,Tavern,,
酒場の女,Tavern Woman,,
テッド,Ted,,
テゴル治水路,Tegor Floodway,,
テゴル川,Tegor River,,
テル,Tel,,
テルの枯れ井戸,Tel's Withered Well,,
神殿女：予備枠,Temple Bystander,,
禊の神殿,Temple of Purification,,
禊の神殿 湖畔,Temple of Purification Lakeside,,
禊の神殿　離殿,Temple of Purification: South Chamber,,
テントの抜け道,Tent Escape Route,,
ターグ,Tadhg,,
タラーテ集水路,Thalati Waterway,,
タラーテ集水路　中央通路,Thalati Waterway Central Passage,,
タラーテ集水路　最深部,Thalati Waterway Innermost Depths,,
タラーテ集水路　危険区域,Thalati Waterway: Dangerous Area,,
ターレス,Thales,,
アーク,The Ark,,
アーク　裏層,The Ark's Lower Level,,
アーク　裏層　危険区域,The Ark's Lower Level: Dangerous Area,,
アーク　裏層　貯蔵所,The Ark's Lower Level: Storage,,
アーク　裏層　宝物庫,The Ark's Lower Level: Treasury,,
黒狼団のアジト,The Black Wolves' Hideout,,
悼まれぬ者の葬室,The Burial Chamber of the Unmourned,,
悼まれぬ者の葬室 最深部,The Burial Chamber of the Unmourned Innermost Depths,,
悼まれぬ者の葬室 不死者の房,The Burial Chamber of the Unmourned: Cell of the Immortals,,
悼まれぬ者の葬室　火炎体の巣窟,Tomb of the Unmourned: Funeral Pyre,,
悪しき竜,The Evil Dragon,,
異人の洞窟,The Foreigner's Cave,,
異人の遺跡,The Foreigner's Remains,,
異人の塔,The Foreigner's Tower,,
異人の地下墓所,The Foreigner's Underground Tomb,,
巨鷲の宝物溜め,The Giant Eagle's Treasure Hoard,,
巨人の寝床,The Giant's Bed,,
黄金宮,The Golden Palace,,
遠吠えの前線,The Howling Front,,
隠匿の王間,The King's Hidden Chamber,,
豚喰いのねぐら,The Pig-Eater's Den,,
異界の狭間,The Rift,,
異界の狭間　深層部,The Rift's Inner Depths,,
異界の狭間・深層部　左淵,The Rift's Inner Depths: Left Pool,,
異界の狭間・深層部　右淵,The Rift's Inner Depths: Right Pool,,
唸り猿の縄張り,Roaring Ape's Territory,,
王家の墓,The Royal Family Mausoleum,,
第二のアーク,The Second Ark,,
歌姫の崖座,The Songstress' Cliff Perch,,
囚われし戦徒の間,Myrmidons' Prison,,
第三のアーク,The Third Ark,,
橋向かいの坑道,Bridgeside Tunnel,,
橋向かいの坑道　危険区域,Bridgeside Tunnel: Dangerous Area,,
橋向かいの坑道　広間,Bridgeside Tunnel: Hall,,
橋向かいの坑道　鍾乳洞,Bridgeside Tunnel: Limestone Cave,,
橋向かいの坑道　鉱石路,Bridgeside Tunnel: Ore Bed,,
白竜,The White Dragon,,
白竜神殿レーゼ,The White Dragon Temple,,
白竜神殿,The White Dragon Temple,,
白竜神殿レーゼ（中央広場）,The White Dragon Temple (Central Plaza),,
白竜神殿レーゼ（大門前）,The White Dragon Temple (Front Gate),,
テア,Thea,,
テオドール,Theodor,,
テオドール錬金工房,Theodor's Alchemy Workshop,,
トマス,Thomas,,
トマソン,Thomason,,
トリン,Thorin,,
ゴロツキ,Thug,,
ゴロツキリーダー,Thug Leader,,
轟咆洞,Thundering Roar Cave,,
轟咆洞 深層部,Thundering Roar Cave Inner Depths,,
轟咆洞 脇道,Thundering Roar Cave: Byway,,
ティメル,Timur,,
トビアス,Tobias,,
トビー,Toby,,
トニオ,Tonio,,
トレアサ,Treasa,,
トロッガ,Troggh,,
イヴァノスの塔,Tower of Ivanos,,
トユガル,Toyugaru,,
エルセン商会,Trading Company,,
修練の祠,Training Chapel,,
鍛練の小部屋,Training Room,,
旅人,Traveler,,
旅の女性ハンター,Traveling Female Hunter,,
トラバース,Travers,,
眺樹の丘,Treeview Hill,,
喧噪の跡地,Tumult Site,,
双輪の谷,Twin Wheel Valley,,
ウガウ,Ugau,,
ウルタ古水路,Ulta Ancient Watercourse,,
ウルタ古水路 通路,Ulta Ancient Watercourse: Passage,,
ウルタン,Ultan,,
地下納骨堂,Underground Crypt,,
地下通用口,Underground Side Entrance,,
地下倉庫,Underground Stores,,
ウルダ,Urda,,
ウルテカ山岳,Urteca Mountains,,
欠緑の林,Blighted Woods,,
渓谷の小堂,Valley Chapel,,
ヴァルテブル・ホール,Valtable Hall,,
ヴァルテブル・ホール　地下深部,Valtable Hall Deep Underground,,
ヴァルテブル・ホール　地下最深部,Valtable Hall Deepest Underground,,
ヴァルテブル・ホール　地下,Valtable Hall Underground,,
ヴァルテブル・ホール　上部,Valtable Hall Upper Area,,
ヴァネッサ,Vanessa,,
ヴァネッサの私室,Vanessa's Private Room,,
ヴェイガサス回廊,Vegasa Corridor,,
ヴェイガサス回廊　中央通路,Vegasa Corridor Center Passage,,
ヴェイガサス回廊　左通路,Vegasa Corridor Left Passage,,
ヴェイガサス回廊　右通路,Vegasa Corridor Right Passage,,
バーノン,Vernon,,
バーサ,Versa,,
古参の覚者,Veteran Arisen,,
歴戦の戦士,Veteran Knight,,
ヴァイスロット,Vicelot,,
ヴィクトル,Victor,,
ビデリア,Videlia,,
助けを求める村人男,Village male seeking help,,
助けを求める村人女,Village woman seeking help,,
村の枯れ井戸,Village's Abandoned Well,,
村人,Villager,,
訪いの広場,Visiting Square,,
ボルドー,Volden,,
ボルド大鉱山,Volden Great Mines,,
ボルド大坑道,Volden Large Tunnels,,
ボルド鉱山,Volden Mines,,
ボルド小坑道,Volden Narrow Tunnels,,
ヴォーラ,Vora,,
淀みの渦,Vortex of Stagnation,,
嘆きの湿原,Wailing Wetland,,
ウォルト,Walt,,
ウォルター,Walter,,
流浪の探究者,Wandering Seeker,,
ワンゴ,Vango,,
戦鬼の陣屋,War Demons' Encampment,,
戦鬼の影穴,War Demons' Hideout,,
戦の将,War Master,,
歪みの樹冠,Warped Canopy,,
ウォリアー,Warrior,,
水獣の棲み処,Water Beasts' Habitat,,
取水場跡,Water Channel Ruins,,
水竜の王,Water Dragon King,,
水流制御室,Flow Control Room,,
滝鳴洞穴,Echo Cascade Cavern
,,
滝鳴洞穴　東,Echo Cascade Cavern
 East,,
滝鳴洞穴　北,Echo Cascade Cavern
 North,,
滝鳴洞穴　南,Echo Cascade Cavern
 South,,
滝鳴洞穴　西,Echo Cascade Cavern
 West,,
瀑布の大岩窟,Cataract Cavern,,
水底の古道,Watersdeep Old Road,,
物憂げなハーピー,Weary Harpy,,
屍のすすり泣く地,Weeping Corpse Ground,,
ダウ渓谷 西側,West Dowe Valley,,
フェルヤナ荒原 西側,West Feryana Wilderness,,
暗黒の統べる地　西端,West Land of Darkness,,
西ミスリウ橋,West Mysree Bridge,,
ザンドラ禁域 西側,West Zandora Wastelands,,
ウルテカ山岳 西部,Western Urteca Mountains,,
船着き場,Wharf,,
リンウッド組合宿　白鹿亭,White Deer Inn,,
白衛騎士団員,Knight of the White Guard Order,,
白衛騎士団3,Knight of the White Guard Order 3,,
白砂河原,White Sands Riverbank,,
ポーン会話用ワイルド,Wild Pawn,,
ウィルソン,Wilson,,
ワイニ,Wine,,
崩れかけたワイン庫,Wine Cellar Ruins,,
翼風高原,Galewing Plateau,,
ウィニー,Winnie,,
薄煙の荒れ地,Wispy Wasteland,,
藤棚の枯井戸,Dead Blooms' Well,,
藤棚の枯井戸　中央通路,Dead Blooms' Well Center Passage,,
藤棚の枯井戸　最深部,Dead Blooms' Well: Depths,,
予備枠,Witness,,
女,Woman,,
女性,Woman,,
子供連れの女性,Woman with children,,
傷付いた戦士,Wounded Warrior,,
ヤンクス,Yanks,,
ヤンクスの武器屋,Yanks' Weapon Shop,,
イミズディット遺跡,Yimidhitt Ruins,,
イミズディット遺跡 深層部,Yimidhitt Ruins Inner Depths,,
イミズディット遺跡 通路,Yimidhitt Ruins: Passage,,
ヨナス,Jonas,,
ユーイン,Eoin,,
ユセフ,Youssef,,
ユイアト,Yuiato,,
ユーミット,Umit,,
ユニ,Yuni,,
ユーリ,Yuri,,
ザカリー,Zachary,,
ザンドラ礼拝堂,Zandora Chapel,,
ザンドラ灯台,Zandora Lighthouse,,
ザンドラ禁域,Zandora Wastelands,,
標の祠　ザンドラ禁域,Zandora Wastelands Shrine,,
ゼフ,Zef,,
ゼキ,Zeki,,
ツエッペリ,Zeppeli,,
ゼルキン,Zerkin,,
ゾルタ,Zolta,,
ゾマ,Zoma,,
ズール,Zuhl,,
ズタン,Thud,,
【紡ぎし望み】悪しき竜のねぐら,【Spun Hope】 Evil Dragon's Roost,,
修練用, Training ,,
捕囚サイクロプス, Captive Cyclops ,,
さまようポーン, Lost Pawn ,,
要警戒, Vigilant ,,
凶悪, Brutal ,,
危機的, Dangerous ,,
伝説級, Legendary ,,
八騎喰らい, Yakki Gourmet ,,
百騎喰らい, Hyakki Gourmet ,,
万騎喰らい, Knight Eater ,,
亡都巨人兵, Ruins Giant Warrior ,,
ゴブリンの尖兵, Goblin Vanguard ,,
ゴブリンの哨戒兵, Goblin Patrol ,,
ゴブリンの補給兵, Goblin Reinforcement ,,
オーク侵略兵, Orc Invader ,,
キラービー進攻種, Invasive Killer Bee ,,
5本角のガルゴ, Galugo the Pentagram ,,
ガルゴの手下, Galugo's Minion ,,
集いし, Flocking ,,
森乱のエイプ, Disturbed Forest Ape ,,
囚われし, Captive ,,
さまよえるポーン, Wandering Pawn ,,
異形の大スケルトン, Large Deformed Skeleton ,,
精錬, Refined ,,
人喰い, Man-Eating ,,
猛る, Fierce ,,
縄張り荒らしの巨人, Territorial Giant ,,
縄張り荒らしの妖鳥, Territorial Demon Bird ,,
砦破り, Fort-Breaker ,,
強襲の, Assault ,,
召喚されし牙竜, Summoned Fanged Dragon ,,
異形のオオカミ, Deformed Wolf ,,
異形のゴブリン, Deformed Goblin ,,
オーク尖兵, Orc Vanguard ,,
軍狼, Wolf Unit ,,
オーク軍指揮官, Orc Commander ,,
オーク突撃兵, Orc Assailant ,,
軍竜, Dragon Unit ,,
オーク追撃兵, Orc Pursuer ,,
オーク投撃兵, Orc Thrower ,,
オーク軍少将, Orc Major General ,,
番兵, Guard ,,
オーク兵, Orc Soldier ,,
オーク精鋭兵, Orc Elite ,,
黒鉄の巨人兵, Black Iron Giant Warrior ,,
錬魔スケルトン, Alchemized Skeleton ,,
氷竜, Ice Dragon ,,
オーク残存兵, Orc Remnant ,,
錬魔ゴブリン, Alchemized Goblin ,,
紫銅の巨人兵, Copper Giant Warrior ,,
炎練, Flame training ,,
錬成強化グリフィン, Reinforcement Griffin ,,
錬魔ハーピー, Alchemized Harpy ,,
時番, Time Bonus ,,
鍵守り, Key Keeper ,,
兎喰らいの, Rabbit-Eating ,,
ビンシャの手下, Binsha's Henchman ,,
橋守のビンシャ, Binsha the Bridge-Keeper ,,
変種, Variant ,,
大喰いのラージリザード, Gluttonous Giant Saurian ,,
黒狼団のローグ, Black Wolf Rogue ,,
黒狼団の首領, Black Wolf Leader ,,
隠れ浜のならず者, Hidden Beach Rogue ,,
マーテル・ハーピー, Mother Harpy ,,
棘角のギョームル, Gyumul the Spiked Horn ,,
ギョームルの手下, Gyumul's Minion ,,
ルフローの亡霊, Specter of Ruflow ,,
村民の成れの果て, Former Villager ,,
青爪浜の, Blueclaw Beach ,,
グリッガの手下, Gurigga's Minion ,,
緑鬼グリッガ, Gurigga the Green Demon ,,
唸り猿, Howler Ape ,,
裂き猿, Ripper Ape ,,
豚喰い猿, Pig-Eating Ape ,,
オールドグロウ・エント, Old Grown Ent ,,
古代種, Ancient ,,
坑道荒らし, Tunnel Thief ,,
宝狩りのグリフィン, Treasure Seeking Griffin ,,
盗掘種, Grave Robber ,,
奇種, Strange ,,
タイガーテール・サルファー, Sulfur Tiger-Tail ,,
スノーグーラー・ハーピー, Snow Gura Harpy ,,
妖歌のローレライ, Demon Songstress Lorelei ,,
剛腕のコロッサス, Gowan the Colossus ,,
オッドの精鋭, Odd's Elite ,,
盾破りのオッド, Odd the Shield-Breaker ,,
レイクニュート, Lake Newt ,,
セラー湖の水竜, Water Dragon of Cera Lake ,,
葉影の密猟者, Shadow Poacher ,,
密猟者の護衛, Poacher Guard ,,
忘れられた亡霊, Forgotten Specter ,,
目覚めし亡者, Enlightened Undead ,,
さまよう亡者, Wandering Undead ,,
帰還のヨトン, Jotun the Returned ,,
コバルトニュート, Cobalt Newt ,,
遠征準備の小隊長, Battle-Ready Platoon Leader ,,
オーク遊撃兵, Orc Spy ,,
オーク偵察兵, Orc Spy ,,
強化養成ワーグ, Strength Training Warg ,,
魔犬飼育担当兵長, Kennel Keeper ,,
魔犬飼育担当兵, Dog Catcher ,,
双牙の軍竜ベヘモット, Bifang Military Dragon Behemoth ,,
淀みの泥人形, Clay Doll of Stagnation ,,
淀みの水精, Crystal of Stagnation ,,
泉の徘徊霊, Wandering Spirit of the Spring ,,
エルフイーター・, Elf Eater ,,
錆鉄の巨人兵, Rusted Iron Giant Warrior ,,
錆鉄の錬魔ゴブリン, Rusted Alchemized Goblin ,,
メルゴダ巡視兵団, Mergoda Patrol Corps ,,
メルゴダ女守官, Mergoda Female Officer ,,
ザンドラ・バルバロイ, Zandora Barbarian ,,
大将級オーク残党頭, Orc General Remnant ,,
オーク残党兵, Orc Remnants ,,
嘆きのモーラ, Wailing Mora ,,
白獅子アルバス, White Lion Albus ,,
斥候のコロッサス, Colossus Patrol ,,
強襲用コロッサス, Assault Colossus ,,
不浄の土人形, Foul Earth Figure ,,
不浄の肉塊虫, Foul Meat Lump ,,
炎熱のジオゴーレム, Torrid Geo Golem ,,
テイムド・, Tamed ,,
テイマー・バルバロイ, Tamer Barbarian ,,
虚ろの処刑人, Hollow Executioner ,,
祠の守兵, Shrine Guard ,,
合成用ゴブリンアルケミー, Synthetic Alchemized Goblin ,,
合成用アイ, Synthetic Eye ,,
メルガン・エンジニア, Mergan Engineer ,,
ギガン・マキナ・カスタム, Giga Machina Custom ,,
クローン・ズール, Clone Zuhl ,,
先発隊長, Vanguard Commander ,,
切込隊長, Raid Commander ,,
先発兵, Vanguard Soldier ,,
呪われた骸, Cursed Skeleton ,,
呪われた魔女, Cursed Witch ,,
呪われた女帝, Cursed Empress ,,
討伐対象, Suppression Target ,,
レイド・, Raid ,,
路番の, Path-Guard ,,
穢れの助神官, Defiled Assistant Priest ,,
穢れの土人形, Defiled Earth Figure ,,
穢れの信徒, Defiled Follower ,,
亡者司祭メンヴィル, Menvili the Undead Priest ,,
疫呪の使徒, Plague Apostle ,,
ムジナ団狼使い, Badger Wolf Tamer ,,
テイムド・ダイアウルフ, Tamed Direwolf ,,
ブリア宝奪団, Breya Treasure Bandit ,,
財宝守りの海竜, Sea Dragon the Treasure Guardian ,,
水路の大猿, Dread Ape of the Aqueduct ,,
魔獅子シンガ, Magic Lion Singa ,,
ピット・, Pit ,,
ボルドバンガー・, Volden Vanguard ,,
強炭性, Charcoal ,,
ムジナ団頭領, Badger Chieftain ,,
ムジナ団員, Badger Member ,,
ケイブ・, Cave ,,
カタコンベ・プリースト, Catacombs Priest ,,
カタコンベの守兵, Catacombs Guard ,,
いびき鳴り, Snoring ,,
魔女の従僕, Witch's Servant ,,
魔女マリヴェラ, Maribel the Witch ,,
死体齧りの, Corpse-Eating ,,
グレイブワーグ, Gravewarg ,,
戦鬼ゲソム, Gesomu the War Demon ,,
戦鬼の副官, War Demon's Lieutenant ,,
蒼葉の, Greenleaf ,,
"""白い災厄""エルダーアングルス","  ""White Calamity"" Elder Angules  ",,
影穴の軍狼, Wolf of Shadows ,,
影穴の部隊兵, Troop of Shadows ,,
神花の, Divine Blossom ,,
テゴル不死兵, Tegor Immortal Soldier ,,
納骨堂の屍食鬼, Ossuary Ghoul ,,
ドラワン不死兵, Drawan Immortal Soldier ,,
魔女ノシュギア, Witch Noshgear ,,
分隊, Squad ,,
封呪の, Runed ,,
高輝度, Bright ,,
冥土の黒騎士, Black Knight of the Underworld ,,
呪われし番兵, Accursed Guard ,,
呪われし女官, Accursed Court Lady ,,
不死薬被検者, Immortal Drug Test Subject ,,
セラーケイブ・, Cellar Cave ,,
錬魔士ヒエニムス, Hieronymus the Alchemist ,,
高純度ストーンアイ, High Purity Stone Eye ,,
霊薬師セルギウス, Sergius the Apothecary ,,
キーテイカー・, Key Bearer ,,
さまよえる戦徒, Corrupted Myrmidon ,,
ポーンクラッシャー, Pawn Crusher ,,
はぐれ, Stray ,,
侵攻兵, Invader ,,
精鋭兵, Elite ,,
総大将, Supreme Commander ,,
大隊長, Battalion Commander ,,
強襲兵, Assault Soldier ,,
？？？, ？？？ ,,
破砦用, Wall-Breaker ,,
召喚されし, Summoned ,,
部隊長, Commanding Officer ,,
小隊長, Platoon Leader ,,
急襲の, Raid ,,
瘴気の魔獣, Miasmic Demon ,,
第１守備隊, 1st Garrison ,,
第２守備隊, 2nd Garrison ,,
第３守備隊, 3rd Garrison ,,
第５守備隊, 5th Garrison ,,
第６守備隊, 6th Garrison ,,
幻影牙竜, Phantom Tusk Dragon ,,
幻影魔竜, Phantom Devil Dragon ,,
製造番号1017 ゴリアテ改, Serial No. 1017 Goliath ,,
リターン・ズール, Return Zuhl ,,
天上の幽姫, Heavenly Ghost Princess ,,
虚無の騎士, Noble Knight ,,
無より生み出されし, From Nothingness ,,
製造番号1020 ゴリアテ改, Serial No. 1020 Goliath ,,
・デスペアー, (Despair) ,,
黄金竜, The Golden Dragon ,,
特攻の, Kamikaze ,,
血珠の, Blood Orb ,,
珍種, Rare ,,
,  ,,
穢れの術師, Corrupter ,,
異界の邪霊, Wraith of the Underworld ,,
骨噛み, Bone-Eating ,,
ゴブリンイーター・, Goblin-Eating ,,
賞金首, Bounty ,,
ヤング・, Young ,,
ララバイ・クイーン, Lullaby Queen ,,
魔壁の時番, Time Bonus Magic-Shell ,,
鉄壁の時番, Time Bonus Iron-Clad ,,
強激の時番, Time Bonus Herculean ,,
魔激の時番, Time Bonus Mystical ,,
竜族？, Dragon Race? ,,
ディナン・ピアサー, Deenan Piercer ,,
金装のスケルトン, Gold Clothed Skeleton ,,
錬術の女守官, Alchemized Amazon ,,
穢れの大魔像, Impure Giant Demon ,,
ケイブレイダー, Cave Raider ,,
大騒音の主, Lord of Rock ,,
錬魔グリフィンNo.04, Alchemized Griffin No.04 ,,
煉獄の幽姫, Ghost Princess of Purgatory ,,
ブラックウィング, Black Wing ,,
ディープレイク・リンドブルム, Deep Lake Lindwurm ,,
烈翼の禽獅子, Fierce Winged Lion ,,
猛牙の銀獅子, Fierce Silver Lion ,,
幽姫の従士, Ghost Princess' Squire ,,
幽姫の騎士, Ghost Princess' Squire ,,
石呪を振りまく魔, Petrification-Spreading Demon ,,
闇呪をもたらす魔, Darkness-Cursing Demon ,,
強装巨人兵-Ⅱ型, Titan Soldier - Type II ,,
強装巨人兵-試作型, Titan Soldier - Prototype ,,
ララバイ・クィーン, Lullaby Queen ,,
ラウドネス・, Loudness ,,
呪われた魔鳥, Cursed Demon Bird ,,
総大将・鬼神, Demon General ,,
呪われた巨鳥, Cursed Large Bird ,,
呪われた騎士, Cursed Knight ,,
魔壁の護衛隊, Devil's Wall Guard ,,
鉄壁の護衛隊, Devil's Wall Guard ,,
ダンジョンキーボス, Dungeon Key Boss ,,
レスタライト・確率大,  ,,
ハイレスタライト・確率大,  ,,
鱗砂・確率大,  ,,
大粒の鱗砂・確率大,  ,,
輸送番, Transport ,,
Cダンジョンボスドロップ, C dungeon boss drop ,,
・ブレイズ, (Blaze) ,,
護衛隊, Convoy ,,
レスタライト・確率小,  ,,
ハイレスタライト・確率小,  ,,
侵食アイテム確定ドロップ, Corruption item guaranteed drop ,,
獄炎の大魔像, Great Demon Statue of Hellfire ,,
汚泥の傀儡, Sludge Puppet ,,
頑鋼の, Stubborn ,,
ディープミスト・ウィルム, Deep Mist Wyrm ,,
ディープニュート, Deep Newt ,,
艶羽根, Plume ,,
太牙の, Big Fang ,,
虹眼の, Rainbow-eyed Alchemy Eye ,,
剛皮の, Hardy ,,
ケイブレイダー・ドレイク, Cave Raider Drake ,,
ケイブレイダー・エンプレス, Cave Raider Empress ,,
光角の, Angules of Light ,,
ブラックウィドウ, Black Widow ,,
エントアンガー, Entanger ,,
活枝の, Live Branch Ent ,,
威容の, Majestic Chimera ,,
蒼氷のウィルム, Pale Ice Wyrm ,,
赤熱のギガン・マキナ, Red-Hot Giga Machina ,,
石影の, Stone Shadow ,,
恐声の, Fearful Voice ,,
黒艶の, Glossy Black Griffin ,,
業火の, Hellfire ,,
朱炎の, Vermilion Flame ,,
白亜の, Chalk ,,
グリフィン・ノワール, Griffin Noir ,,
デスナイト・ノワール, Death Knight Noir ,,
暗鉄の, Dark Iron ,,
石呪をもたらす魔鶏, Petrifying Demon Cockerel ,,
暴虐の一つ目, One-Eyed Tyrant ,,
凶牙の霧竜, Sharp Fang Mist Dragon ,,
凶爪の白獅子, Wicked Clawed White Lion ,,
氷結の, Frozen Wyrm ,,
強装巨人兵-Ⅲ型, Titan Soldier - Type 3 ,,
炎装造魔兵-実戦型, Fire-armed Magickal Construct - Combat Type ,,
冥き深奥の主, Master of Dark Depths ,,
ディアマンテスの影, Shadow of Diamantes ,,
灼けつく竜力, Scorching Dragon Force ,,
凍てつく竜力, Freezing Dragon Force ,,
ダムドデストロイヤー, Damned Destroyer ,,
ギガンブレイカー, Giga Breaker ,,
デモリッションファング, Demolition Fang ,,
死を呼ぶ闇騎士, Death Calling Dark Knight ,,
カラミティコーラ, Calamity Caller ,,
死を招く魔姫, Death Courting Demon Princess ,,
霜竜フロストウィルム, Frost Wyrm ,,
灼竜ファイアドレイク, Fire Drake ,,
大角の戦鬼将, Great Horned War Demon ,,
オーク軍精鋭隊, Orc Elite Force ,,
戦鬼覇王モゴック,"  Mogok, the Supreme Warrior  ",,
軍獣サヴェッジキメラ, War Beast Savage Chimera ,,
オーク軍近衛隊, Orcish Kingsguard ,,
スカルサージェント, Skill Sergeant ,,
メイルサージェント, Mail Sergeant ,,
大鴉ハーピー, The Crow Harpy ,,
復讐の戦鬼, Vengeful Warrior ,,
孤高の凶獣,"  Solitary beast, Mistwyrm  ",,
モゴック親衛隊長, Mogok Elite Guard Captain ,,
力に魅かれし, Enchanted by Power ,,
霊炎の, Ghost Flame ,,
霊氷の, Ghost Ice ,,
白の獅子王, The White Lion King ,,
百戦鬼将, Lord of a Hundred Battles ,,
深奥の従者, Servant of the Deep ,,
深奥の魔女, The Witch of the Deep ,,
虚無の追跡者, Chaser of Emptiness ,,
対の紅竜, Paired Red Dragon ,,
対の蒼竜, Paired Blue Dragon ,,
練習, Practice ,,
ダークビショップ, Dark Bishop ,,
（仮）封印の, (Tentative) Seal ,,
最終練磨, Final Test ,,
残党, Remnant ,,
徘徊, Wandering ,,
スパーク・ブルー, Spark Blue ,,
子攫いのメリーティア, Maritia the Kidnapper ,,
坑道の骸骨騎士, Skeleton Knight of the Tunnel ,,
霧に揺らぐ人影, Figure Fluctuating in the Mist ,,
ディスターブ・, Disturbed ,,
木立の石像鬼, Grove Statue Demon ,,
異端の, Heretic ,,
侵食に抗う戦鬼, Infection Resisting War Demon ,,
虚ろの騎士, Hollow Knight ,,
跡地荒らしの黒大鷲, Black Sea Eagle of the Ruined Site ,,
蝕まれし狂鷲, Corrupted and Berserk Eagle ,,
目覚めし氷騎士, Awakening Ice Knight ,,
製造番号1056 強襲型ゴリアテ, Assault-Type Goliath #1056 ,,
ルインズ・, Ruins ,,
墓守の獣, Gravekeep's Beast ,,
ボルディック・, Voldic ,,
忘却の, Oblivion ,,
怨姫ヴィルヘルミーナ, Malice Princess Wilhelmina ,,
ディープウェル・ミストレス, Deep Well Mistress ,,
テラス・ガーディアン, Terrace Guardian ,,
廃水路の奇獣, Strange Beast of the Abandoned Waterway ,,
眠らずの冥騎士, Restless Death Knight ,,
魔獣喰いの, Beast Devourer ,,
異形化, Variant ,,
墓所の, Tomb ,,
哀惜の幽鬼, Specter of Lament ,,
未知の魔物？, Unknown Beast? ,,
巣窟の主, Den Master ,,
手負いの, Wounded ,,
牙剥く, Bare Fangs ,,
襲来, Invading ,,
侵食されし有翼, Infected Wings ,,
強襲, Assault ,,
嗅ぎつけた, Sniffing Manticore ,,
囁き惑わす魔女, Luring Witch ,,
招き寄せる魔女, Beckoning Witch ,,
石息吹きの魔女, The Stone-Breathing Witch ,,
行く手をはばむ傀儡, Obstructing Puppet ,,
淀みの衛士人形, Guard Doll of Stagnation ,,
淀みの衛士傀儡, Guard Puppet of Stagnation ,,
宝魔主, Treasure Guardian Lord ,,
マイセリウム・ベヘモット, Mycelium Behemoth ,,
宝守, Treasure Guard ,,
・エクストラ, (Extra) ,,
昌石を秘めた, Hidden Gemstones ,,
財宝を秘めた, Hidden Treasures ,,
竜力を秘めた, Hidden Dragon Force ,,
宝飾を秘めた, Hidden Jewelry ,,
召喚士, Summoner ,,
甦生した, Revived ,,
黒闇より甦りし, Raised from the Darkness ,,
異界の, Otherworldly ,,
狭間の, Threshold ,,
隷下部隊, Subordinate Troop ,,
隷下部隊長, Subordinate Commanding Officer ,,
隷下部大隊長, Subordinate Commanding Officer ,,
甦生したボルドバンガー・, Resurrected Lindwurm ,,
第一練磨, First Test ,,
第二練磨, Second Test ,,
礎の番人, Foundation Guardian ,,
淀みの戦徒, Myrmidon of Stagnation ,,
ストレングス・, [Strength] ,,
テンパランス・, [Temperance] ,,
ハイエロファント・, [The Hierophant] ,,
マジシャン・, [The Magician] ,,
大竜力の精兵, Great Dragon Force Elite Soldier ,,
ＨＰ２倍だよ！, Double HP! ,,
のけぞりぶっとび２倍だよ！, Double Stagger/Knockback! ,,
ゆさぶり２倍だよ！, Double Shaking! ,,
のけぶ＆ゆさ２倍だよ！, Double Knockback/Shaking! ,,
検証用, Verification ,,
ラヴァーズ・, [The Lovers] ,,
ハーミット・, [The Hermit] ,,
ハングドマン・, [The Hanged Man] ,,
ジャスティス・, [Justice] ,,
エンペラー・, [The Emperor] ,,
デビル・, [The Devil] ,,
フォーチュン・, [Fortune] ,,
ジャッジメント・, [Judgement] ,,
謎の魔物, Mysterious Beast ,,
廃村に巣食う, Deserted Village Haunting ,,
試練の魔物, Trial Beast ,,
ロイグの家畜, Loeg's Tamed ,,
樹内に蔓延る, Tree-Dwelling ,,
キャニオンガードエント, Canyon Guard ,,
黒騎士ロイグ, Black Knight Loeg ,,
獣の主, Beastlord ,,
鍵を奪った墓守, Grave Keeper who stole the key ,,
鳴動の甲竜, Rumbling Shell Dragon ,,
妨害, Interfering ,,
急襲する石魔, Stone Golem Ambusher ,,
招かれざる白鷲, Unbidden White Eagle ,,
群れる, Flock ,,
同胞, Fellow ,,
荒れ崩す, Demolishing ,,
川辺の, Riverside ,,
命屠る, Life Slaughtering ,,
神殿に巣食う, Nesting in the Temple ,,
目覚めし, Awakened ,,
怒り狂う大甲竜, Raging Great Shell Dragon ,,
緑の森護獣, Green Forest Guardian Beast ,,
村潰しの, the Village Crusher ,,
さまよう, Wandering ,,
蝕み散らす大鷲, Corruption Spreading Eagle ,,
忘れ去られた, Forgotten ,,
災厄を呼ぶ, Disaster Bringer ,,
変異, Mutated ,,
大変異, Highly Mutated ,,
鍵番, Key Guardian ,,
歪みの執行人, Agent of Corruption ,,
試練, Trial ,,
行く手を阻む, Obstructing ,,
瘴気を纏う, Miasmatic ,,
神殿に棲む, Temple Nesting ,,
魔を呼ぶ, Demon Calling ,,
呼び寄せられた, Called ,,
泉の番人, Fountain Guardian ,,
宝の番人, Treasure Guardian ,,
甲竜に怯える, frightened of the Shell Dragon ,,
襲撃, Raid ,,
竜力に引かれた, Drawn by Dragon Force ,,
集いし者たち, The Gathered Ones ,,
淀みの影, Shadow of Stagnation ,,
傷ついた, Wounded ,,
対の大竜力・天, Pair of Great Dragon Force - Heaven ,,
対の大竜力・地, Pair of Great Dragon Force - Earth ,,
蒼甲竜, Pale Shell Dragon ,,
お化け, Ghost ,,
樹内の記憶, Memory Within the Tree ,,
うめきの記憶, Memory of Sighs ,,
祈りの記憶, Memory of Prayer ,,
魔封の竜晶, Dragon Crystal of Evil Sealing ,,
力滅の竜晶, Dragon Crystal of Power Sapping ,,
呪符に保護されし, Protected by an Amulet ,,
呪符の番人, Guardian of the Amulet ,,
召喚されし邪悪の眷属, Summoned Servant of Evil ,,
怪しい盗賊団, Suspicious Bandit ,,
森の怒り, Forest's Fury ,,
モゴックの部下, Mogok's Subordinate ,,
帰ってきたモゴック, Mogok who came back ,,
薬草を守りし, Protected by medicinal herbs. ,,
襲撃の, Raid ,,
時番群, Time Bonus Group ,,
黒騎士の配下, Underling of the Black Knight. ,,
子飼いの, Hand-raised ,,
植物に誘われし魔物, Enemy lured by plants. ,,
突然変異の, Mutant. ,,
怪しいオーク, Suspicious Orc ,,
スカージ, Scourge ,,
見たことのない感じのスライム,"  Slime that looks like nothing I've ever seen
before.  ",,
ブルータルハーミット, Brutal Hermit ,,
先遣隊, Vanguard ,,
悪しき竜軍甲兵, Evil Dragon Army Armored Soldiers ,,
第一悪しき竜軍本隊, Main force of the First Evil Dragon Army ,,
第一増援部隊, First Reinforcement Unit ,,
第二悪しき竜軍本隊, The Second Evil Dragon Army Main Unit ,,
第二増援部隊, Second Reinforcement Unit ,,
第三悪しき竜軍本隊, Third Evil Dragon Army Main Unit ,,
第三増援部隊, Third Reinforcement Unit ,,
謎のオーク, Mysterious Orc ,,
捕虜の見張り, Prisoner's Guard ,,
村を襲撃する, Village Raiding ,,
占領軍の大将, Occupation Army Leader ,,
砦を占拠する, Fort Occupying ,,
ロスギルを狙うオーク, Orc Aiming For Rothgill ,,
洞窟の主, Master of the Grotto ,,
獣の将, Beast Commander ,,
将の腰巾着, Warlord's Lackey ,,
進軍の, Marching ,,
ジフール城の門番, Jifule Castle Gatekeeper ,,
古の扉の番兵, Old Door Guard ,,
居残り番兵, Detainee Guard ,,
骸の腰巾着, Necro Follower ,,
展望城の見張り兵, Lookout Castle Guard Troop ,,
砦外雑兵, Troop outside the Fort ,,
正門の番人, Main Gate Guard ,,
砦内雑兵, Troop inside the Fort ,,
敵陣旗に集う雑兵, Troop Gathering at Enemy Flags ,,
兵器・補強隊, Weapon Reinforcement Unit ,,
陣地防衛隊長, Encampment Defense Commander ,,
陣地防衛兵, Encampment Defense Troop ,,
敵陣守護隊長, Enemy Camp Guard Commander ,,
敵陣守護兵, Enemy Camp Guard Troop ,,
砲撃場兵, Bombardment Location Troop ,,
魔領進攻軍雑兵, Invasion Force Grunt ,,
魔領進攻軍一等兵, Invasion Force Soldier ,,
魔領進攻軍特攻兵, Invasion Force Assault Trooper ,,
泉の守護者, Guardian of the Spring ,,
伝令士官, Aide-de-camp ,,
ロスギル襲撃部隊, Rothgill Raid Force ,,
試練を与えし竜, Dragon That Bestows Trials ,,
拠点防衛, Base Defense ,,
防衛士官, Defense Officer ,,
トリンの家畜, Thorin's Livestock ,,
処刑官, Execution Officer ,,
処刑長, Execution Head ,,
大砲士官, Artillery Officer ,,
メダルコレクター, Medal Collector ,,
従属, Subordinate ,,
関所の番兵, Gatekeeper ,,
魔領進攻軍二等兵, Invasion Force Private ,,
魔領進攻軍兵長, Invasion Force Battalion Commander ,,
占領軍の, Occupation Army ,,
ロスギルを狙うマンティコア, Manticore Aiming For Rothgill ,,
砦を占拠する戦甲マンティコア, Fort Occupying War-Ready Manticore ,,
砦の番兵, Fort Guard ,,
10ｍ級, 10m grade ,,
7ｍ級, 7m grade ,,
超大型, Colossal ,,
強勢, Powerful ,,
未使用, Unused ,,
砦内残党兵, Remnant Soldier within The Fort ,,
メダルオーナー, Medal Owner ,,
脱走した白い, Escaped White ,,
ゴブリン一家のボス, Goblin Family Boss ,,
ゴブリン一家の下っ端, Goblin Family Underling ,,
不完全な, Defective ,,
王家用4, Royal Family 4 ,,
王家用5, Royal Family 5 ,,
王家用6, Royal Family 6 ,,
王家用7, Royal Family 7 ,,
王家用8, Royal Family 8 ,,
彷徨う, Wandering ,,
不死の眷属, Undead Follower ,,
地底の遺壁, Underground Ruins Wall ,,
氷獄の番人, Ice Prison Guard ,,
深森の落胤, Deep Woods Bastard ,,
紅蓮の魔将, Lord of Crimson ,,
不死の眷属ゾンビ, Undead Follower Zombie ,,
不死の眷属スクワイア・ゾンビ, Undead Follower Squire Zombie ,,
不死の眷属プレイグ・ボンバー, Undead Follower Plague Bomber ,,
深森の落胤ムーンウルフ, Bastard Moon Wolf of the Deep Woods ,,
お菓子大好き魔女, Candy-loving Witch ,,
レベルキャップ白竜（仮）, The White Dragon Level Cap (tentative) ,,
レベルキャップ白竜そに２（仮）, The White Dragon Level Cap 2 (tentative) ,,
宵闇より出でし翼, Wing Emerging at Twilight ,,
揺籃鳥, Cradle Bird ,,
迷いエント, Lost Ent ,,
堅牢無比な門番長, Matchless Gatekeeper Leader ,,
堅牢無比な, Matchless ,,
必死な門番長, Desperate Gatekeeper Leader ,,
必死な, Desperate ,,
弱った門番長, Weakened Gatekeeper Leader ,,
弱った, Weakened ,,
魔軍残党の将, Demon Army Remnant Leader ,,
魔軍残党の哨戒兵, Demon Army Remnant Patrol ,,
魔軍残党の, Demon Army Remnant ,,
隔離された, Isolated ,,
怒りの働きバチ, Worker Bee of Rage ,,
塔を占領する, Tower Occupying ,,
追跡, Pursuit ,,
占領する, Occupying ,,
淀みを乱す, Stagnation Disturbing ,,
淀みの混沌, Chaos of Stagnation ,,
眠りから覚めた, Awoken ,,
古精霊竜の守獣, Old Spirit Dragon Guard Beast ,,
行方を阻む, Obstructing ,,
黒き戦士の家畜, Black Warrior's Tamed ,,
城を占拠する, Castle Occupying ,,
白竜黒騎士, White Dragon Black Knight ,,
メガド護衛兵？, Megado Guard? ,,
メガドの狂犬, Megado's Mad Dog ,,
侵入したオーク, Invasion Orc ,,
憲兵隊小隊長, Military Police Captain ,,
憲兵隊兵士, Military Police Soldier ,,
憲兵隊警邏小隊長, Captain of the Military Police Patrol Unit ,,
侵入した, Invasion ,,
侵略する, Invading ,,
冥府の使い魔, Netherworld Familiar ,,
冥府の獄吏, Netherworld Gaoler ,,
冥府の悪魔, Netherworld Fiend ,,
奈落の王, King of the Netherworld ,,
壊滅させるもの, The Devastator ,,
冥府の番人, Netherworld Guardian ,,
死を約束するもの, One That Promises Death ,,
屋敷の鍵番, Mansion Gatekeeper ,,
使役獣, Enslaved Beast ,,
フラッグブレイカー, Flag Breaker ,,
野盗, Bandit ,,
朽ちた騎士の残魂, Remnant Soul of a Decayed Knight ,,
朽ちた兵士の残魂, Remnant Soul of a Decayed Soldier ,,
朽ちた魔女の残魂, Remnant Soul of a Decayed Witch ,,
離宮の番人, Detached Palace Guard ,,
戦の将部隊, War Master Unit ,,
戦の将の子飼い, War Master's Pet ,,
火垂れ山に巣食う炎獣, Firefall Mountain Haunting Flame Beast ,,
古代の亡霊, Ancient Ghost ,,
古代の亡者, Ancient Undead ,,
離宮を徘徊する, Detached Palace Roaming ,,
百人長の亡霊, Centurion's Spirit ,,
初代王の亡霊, The Ghost of the First King ,,
魔炎の竜晶, Dragon Crystal of Flame ,,
魔岩の竜晶, Dragon Crystal of Earth ,,
魔風の竜晶, Dragon Crystal of Wind ,,
魔領進攻軍特殊兵, Invasion Force First Class Soldier ,,
騎士団の仇敵, The Knights' Bitter Enemy ,,
偉大なる錬金術師, The Great Alchemist ,,
火焔の竜晶, Flame Dragon Crystal ,,
ミュータント・, Mutant ,,
大輪の, Large-flowered ,,
グレート・, Great ,,
リトル・, Little ,,
ヒュージ・, Huge ,,
ロイグの元家畜, Loeg's Former Tamed ,,
黒き戦士, Black Warrior ,,
甘い香りのする, Sweet scent of ,,
甘党の, Sweet Tooth ,,
若木の, Sapling ,,
怒りの親玉エント, Angry Ent Chieftain ,,
至って普通の, Extremely Ordinary ,,
ズールの亡霊, Ghost of Zuhl ,,
悪しき竜に仕える, Evil Dragon Servant ,,
脚の速い, Fleet-footed ,,
黄泉がえりし泉の守護者, Guardian of the Underworld Spring ,,
黄泉がえりし戦の将の子飼い, The Reincarnated Warlord's Pet ,,
黄泉がえりし古の扉の番兵, Guardian of the Ancient Gate of the Underworld ,,
黄泉がえりし古代の亡霊, Ancient Spirit of the Underworld ,,
冥府の徘徊魔, Prowler of the Underworld ,,
冥府の拷問者, Torturer of the Underworld ,,
饗宴の主, Lord of the Feast ,,
死滅都市の悪魔, Devil in a Dead City ,,
忌まわしき首領, Accursed Lord ,,
堕ちたる者, The Fallen ,,
封印から目覚めし指輪の守護者, Guardian of the Ring ,,
危険な（仮）, Dangerous (temporary) ,,
とっても危険な（仮）, Very dangerous (temporary) ,,
突然変異（仮）, Mutation (tentative) ,,
蝕まれた, Corrupted ,,
魔軍戦車・, Demon Army Tanks ,,
いにしえの邪眼・, Ancient Evil Eye ,,
力に呑まれし王者・, The Ruler Overwhelmed by Power ,,
賢竜・,  ,,
対の幻影・天, Duality Illusion: Heaven ,,
対の幻影・地, Duality Illusion: Earth ,,
闇に呑まれ硬化した, Hardened by Darkness ,,
闇に呑まれ強暴化した, Ravaged by Darkness ,,
弱化した賢竜・,  ,,
弱化した, Weakened ,,
黒剣を護る, Protecting the Black Sword ,,
闇の渦に巣食う, Nestled in the Vortex of Darkness ,,
MQ(仮）, MQ (temporary) ,,
満開メガトンマンドラゴラ, Full Bloom Megaton Mandragora ,,
満開メガトンハバネロ, Full Bloom Megaton Habanero ,,
アトロポス・クイーンビー,"  Atropos, Queen Bee  ",,
炎の傀儡ギガン・マキナ, Flame Puppet Gigant Machina ,,
氷の傀儡フロスト・マキナ, Ice Puppet Frost Machina ,,
マリオネットマスターウィッチ, Marionette Master Witch ,,
暴食フットバイター, Gluttonous Foot-Biter ,,
暴食フットバイター？, Gluttonous Foot-Biter? ,,
虹の輝きリトルビフレスト, Rainbow Glitter Little Bifrost ,,
変異型狂侵グリフィン, Mutated Severely Infected Griffin ,,
ヒュージフリージングスライム, Huge Freezing Slime ,,
谷の賢者ノーム・エント,  ,,
未完の魔眼パイモンルビーアイ, Incomplete Magic Eye: Ruby-Eye Paimon ,,
ヒュージディープスライム, Huge Deep Slime ,,
目覚めた石像ヘルガーゴイル, Awakened Stone Statue: Hell Gargoyle ,,
スモールリザード, Small Lizard ,,
狼王ダイアウルフ, Wolf King Direwolf ,,
300年永らえたマッドマン, 300-year-old Mudman ,,
ムーンライズ・シャドーキメラ, Moonrise Shadow Chimera ,,
大罪・嫉妬のデスナイト, Sin of Envy Death Knight ,,
マウンテン・サイクロプス, Mountain Cyclops ,,
夜の訪れリトルブラックグリフィン,"  The arrival of night, Little Black Griffin  ",,
太古の処刑人, The Ancient Executioner ,,
霧をさまようリトルミストウィルム, Little Mist Wyrm Wandering through the Mist ,,
【ネームドハント】ワイルドボア, [Named Hunt] Wild Boar ,,
古代の巨兵ジオゴーレム, Ancient Giant Soldier Geo Golem ,,
潜入部隊キャプテンアンセスター, Ancestral Infiltration Unit Captain ,,
サンライズ・ブレイズキメラ, Sunrise Blaze Chimera ,,
未完の魔眼パイモンラピスアイ, Incomplete Magic Eye: Lapis-Eye Paimon ,,
300年永らえたスラッジマン, 300-year-old Sludgeman ,,
魔法暗殺部隊, Magic Assassination Unit ,,
さまよう小さき魂, Wandering Little Soul ,,
灼熱ラージサラマンダー, Scorching-hot Giant Pyre Saurian ,,
奇襲のエキスパートリーダー, Ambush Expert Leader ,,
同志の集いロールスパインバック,"  Gathering of Comrades, Roll Spineback  ",,
大罪・憤怒のエリミネーター・スレイ,"  Mortal Sin of Wrath, Eliminator Slayer  ",,
ヒュージパイロスライム, Huge Pyro Slime ,,
八眼の怪物アラクネー, Eight-Eyed Monster Arachne ,,
欲望喰らいのエンシェントマンイーター, Ancient Maneater of Desire ,,
レッドズール・ザ・デビル, Red Zuhl the Devil ,,
潜入部隊アンセスターオーク, Infiltration Team Ancestor Orc ,,
奇襲のエキスパートトルーパー, Ambush Expert Trooper ,,
魔法暗殺部隊の目眩まし, Dazzle of the Magic Assassination Unit ,,
漲る力を秘めた, Overflowing Force ,,
黒騎士の戦徒, The Black Knight's Myrmidon ,,
白竜黒騎士の影, Shadow of the White Dragon Black Knight ,,
白竜の覚者・レオ,"  Arisen of the White Dragon, Leo  ",,
異界の, of the Other World ,,
激昂, enraged ,,
激昂スパインバック, Severely Infected Spineback ,,
ゴブリンファイター,Goblin Fighter,,
シールドゴブリン,Shield Goblin,,
スリングゴブリン,Sling Goblin,,
ゴブリンリーダー,Goblin Leader,,
ホブゴブリン,Hobgoblin,,
ホブゴブリンファイター,Hobgoblin Fighter,,
スリングホブゴブリン,Sling Hobgoblin,,
ホブゴブリンリーダー,Hobgoblin Leader,,
ギガン・マキナ,Gigant Machina,,
オークバトラー,Orc Battler,,
オークソルジャー,Orc Soldier,,
スライム,Slime,,
ディープスライム,Deep Slime,,
ブロブ,Blob,,
グラトンウーズ,Glutton Ooze,,
ウーズ,Ooze,,
ミストウィルム,Mist Wyrm,,
ミストドレイク,Mist Drake,,
ベヘモット,Behemoth,,
アングルス,Angules,,
リンドブルム,Lindwurm,,
ウィルム,Wyrm,,
ドレイク,Drake,,
ウルフアルケミー,Alchemized Wolf,,
シャドーウルフ,Shadow Wolf,,
グリムワーグ,Grimwarg,,
ダイアウルフ,Direwolf,,
オオカミ,Wolf,,
スケルトンアルケミー,Alchemized Skeleton,,
ゴーストメイル,Ghost Mail,,
デスナイト,Death Knight,,
スケルトンソーサラー,Skeleton Sorcerer,,
スケルトンメイジ,Skeleton Mage,,
スケルトンウォリアー,Skeleton Warrior,,
スケルトンナイト,Skeleton Knight,,
ブルーニュート,Blue Newt,,
ロックリザード,Rock Saurian,,
ラージサルファー,Giant Sulfur Saurian,,
サルファーリザード,Sulfur Saurian,,
ラージリザード,Giant Saurian,,
リザードマン,Saurian,,
コープストーチャー・フロスト,Frost Corpse Torturer,,
コープスパニッシャー・フロスト,Frost Corpse Punisher,,
スラッジマン,Sludgeman,,
マッドマン,Mudman,,
ウォリアーアンデッド,Warrior Undead,,
ソードアンデッド,Sword Undead,,
ファットアンデッド,Stout Undead,,
アンデッド,Undead,,
シャドーハーピー,Shadow Harpy,,
ハーピーアルケミー,Alchemized Harpy,,
スノーハーピー,Snow Harpy,,
ハーピー,Harpy,,
ミストアルケミスト,Mist Alchemist,,
ミストウォリアー,Mist Warrior,,
ミストソーサラー,Mist Sorcerer,,
ミストプリースト,Mist Priest,,
ミストハンター,Mist Hunter,,
ミストファイター,Mist Fighter,,
メルガンシーカー,Mergan Seeker,,
バンデッドファイター,Banded Fighter,,
ローグファイター,Rogue Fighter,,
リーチ,Leech,,
ワーム,Worm,,
サイクロプス,Cyclops,,
モルトロール,Mole Troll,,
トロール,Troll,,
エント,Ent,,
コロッサス,Colossus,,
アーマーサイクロプス,Armored Cyclops,,
シャドーキメラ,Shadow Chimera,,
ホワイトキメラ,White Chimera,,
キメラ,Chimera,,
ジオゴーレム,Geo Golem,,
ダムドゴーレム,Damned Golem,,
ゴリアテ,Goliath,,
ゴーレム,Golem,,
グリフィン,Griffin,,
コカトリス,Cockatrice,,
ナイトメア,Nightmare,,
グリフィンアルケミー,Alchemized Griffin,,
ブラックグリフィン,Black Griffin,,
スフィンクス,Sphinx,,
アルケミーアイ,Alchemy Eye,,
エメラルドアイ,Emerald Eye,,
ラピスアイ,Lapis Eye,,
ルビーアイ,Ruby Eye,,
クリスタルアイ,Crystal Eye,,
ブルトエイプ,Brute Ape,,
グール,Ghoul,,
ドレッドエイプ,Dread Ape,,
オーガ,Ogre,,
エンプレスゴースト,Empress Ghost,,
ウィッチ,Witch,,
ワイト,Wight,,
エルダードラゴン,Elder Dragon,,
カブトグモ,Spider,,
野ブタ,Boar,,
雌ジカ,Doe,,
雄ジカ,Buck,,
スカルロード,Skull Lord,,
ゴブリンアルケミーファイター,Alchemized Goblin Fighter,,
ポーンファイター,Pawn Fighter,,
ポーンシーカー,Pawn Seeker,,
ポーンハンター,Pawn Hunter,,
ポーンヒーラー,Pawn Healer,,
ポーンガーダー,Pawn Defender,,
ポーンメイジ,Pawn Mage,,
ポーンウォリアー,Pawn Warrior,,
ポーンエレメンター,Pawn Element Archer,,
ポーンアルケミスト,Pawn Alchemist,,
フォレストゴブリン,Forest Goblin,,
フォレストゴブリンファイター,Forest Goblin Fighter,,
スリングフォレストゴブリン,Sling Forest Goblin,,
レッドキャップ,Redcap,,
レッドキャップファイター,Redcap Fighter,,
スリングレッドキャップ,Sling Redcap,,
ゴブリンアルケミー,Alchemized Goblin,,
メルガンアルケミスト,Mergan Alchemist,,
ローグシーカー,Rogue Seeker,,
ローグハンター,Rogue Hunter,,
ローグヒーラー,Rogue Healer,,
ローグガーダー,Rogue Defender,,
ローグメイジ,Rogue Mage,,
ローグウォリアー,Rogue Warrior,,
バンデッドシーカー,Banded Seeker,,
バンデッドハンター,Banded Hunter,,
バンデッドヒーラー,Banded Healer,,
バンデッドガーダー,Banded Defender,,
バンデッドメイジ,Banded Mage,,
バンデッドウォリアー,Banded Warrior,,
メルガンハンター,Mergan Hunter,,
メルガンヒーラー,Mergan Healer,,
メルガンガーダー,Mergan Defender,,
メルガンメイジ,Mergan Mage,,
メルガンウォリアー,Mergan Warrior,,
メルガンエレメンター,Mergan Element Archer,,
リビングアーマー,Living Armor,,
オークエイマー,Orc Tosser,,
オークバンガー,Orc Vanguard,,
オークブリンガー,Orc Blitzer,,
オークトルーパー,Orc Trooper,,
キラービー,Killer Bee,,
シャドーゴブリンリーダー,Shadow Goblin Leader,,
ゴブリンボマー,Goblin Bomber,,
ゴブリンキング,Goblin King,,
スリングシャドーゴブリン,Shadow Sling Goblin,,
シャドーゴブリンファイター,Shadow Goblin Fighter,,
シャドーゴブリン,Shadow Goblin,,
ダムドゴブリンファイター,Damned Goblin Fighter,,
ダムドスリングゴブリン,Damned Sling Goblin,,
ダムドゴブリン,Damned Goblin,,
スリングゴブリンアルケミー,Alchemized Sling Goblin,,
シルバーロア,Silver Roar,,
ロックリザードスピネル,Rock Saurian Spinel,,
子ブタ,Piglet,,
巨大な謎の肉塊,Giant Unspeakable Meat,,
謎の肉塊,Unspeakable Meat,,
メルガンファイター,Mergan Fighter,,
ダムドウルフ,Damned Wolf,,
ピクシージャバー,Pixie Jabber,,
侵食ホブゴブリン,Infected Hobgoblin,,
ワーグ,Warg,,
侵食ダイアウルフ,Infected Direwolf,,
グリーンガーディアン,Green Guardian,,
ボルトグリムワーグ,Bolt Grimwarg,,
狂侵ワーグ,Severely Infected Warg,,
スケルトンブルート,Skeleton Brute,,
スケルトン・フレイム,Flame Skeleton,,
スケルトン・フロスト,Frost Skeleton,,
スケルトン・ボルト,Bolt Skeleton,,
スケルトン・ルクス,Lux Skeleton,,
スケルトン・ダーク,Dark Skeleton,,
スケルトンブルート・フレイム,Flame Skeleton Brute,,
スケルトンブルート・フロスト,Frost Skeleton Brute,,
スケルトンブルート・ボルト,Bolt Skeleton Brute,,
スケルトンブルート・ルクス,Lux Skeleton Brute,,
スケルトンブルート・ダーク,Dark Skeleton Brute,,
ラージニュート,Large Newt,,
フットバイター,Foot-Biter,,
エリミネーター,Eliminator,,
コープスパニッシャー・フレイム,Flame Corpse Punisher,,
コープスパニッシャー・ボルト,Bolt Corpse Punisher,,
コープスパニッシャー・ルクス,Lux Corpse Punisher,,
コープスパニッシャー・ダーク,Dark Corpse Punisher,,
コープストーチャー・フレイム,Flame Corpse Torturer,,
コープストーチャー・ボルト,Bolt Corpse Torturer,,
コープストーチャー・ルクス,Lux Corpse Torturer,,
コープストーチャー・ダーク,Dark Corpse Torturer,,
ガーゴイル,Gargoyle,,
セイレーン,Siren,,
スチュパリデス,Stymphalídes,,
ストリクス,Strix,,
侵食スノーハーピー,Infected Snow Harpy,,
狂侵スチュパリデス,Severely Infected Stymphalídes,,
ヨロイムシ,Armored Insect,,
アクアジェリー,Aqua Jelly,,
パイロスライム,Pyro Slime,,
フリージングスライム,Freezing Slime,,
エレキスライム,Electric Slime,,
フォトンスライム,Photon Slime,,
ディムスライム,Dim Slime,,
フィンドファイター,Phindymian Fighter,,
フィンドシーカー,Phindymian Seeker,,
フィンドハンター,Phindymian Hunter,,
フィンドプリースト,Phindymian Priest,,
フィンドガーダー,Phindymian Defender,,
フィンドウォリアー,Phindymian Warrior,,
フィンドソーサラー,Phindymian Sorcerer,,
フィンドエレメンター,Phindymian Element Archer,,
モス,Moth,,
マンドラゴラ,Mandragora,,
ゴアサイクロプス,Gorecyclops,,
侵食ゴアサイクロプス,Infected Gorecyclops,,
狂侵ゴアサイクロプス,Severely Infected Gorecyclops,,
マンティコア,Manticore,,
ゴアキメラ,Gorechimera,,
狂侵グリフィン,Severely Infected Griffin,,
侵食グリフィン,Infected Griffin,,
バイルアイ,Vile Eye,,
イービルアイ,Evil Eye,,
マンイーター,Maneater,,
スパインバック,Spineback,,
メドゥーサ,Medusa,,
ゴースト,Ghost,,
カースドラゴン,Cursed Dragon,,
侵食ベヘモット,Infected Behemoth,,
狂侵ベヘモット,Severely Infected Behemoth,,
侵食オークソルジャー,Infected Orc Soldier,,
タラスク,Tarasque,,
フロスト・マキナ,Frost Machina,,
グリゴリ,Grigori,,
狂侵デーモン,Severely Infected Demon,,
ニワトリ,Chicken,,
ヤギ,Goat,,
カエル,Frog,,
ワイルド・ボア,Wild Boar,,
リザードマンセージ,Saurian Sage,,
侵食ホブゴブリンファイター,Infected Hobgoblin Fighter,,
侵食スリングホブゴブリン,Infected Sling Hobgoblin,,
フィンダーエント,Phindymian Ent,,
ホワイトグリフィン,White Griffin,,
ビフレスト,Bifrest,,
触手,Tentacle,,
侵食オークエイマー,Infected Orc Tosser,,
侵食オークバンガー,Infected Orc Vanguard,,
アドタラスク,Wisened Tarasque,,
グリゴリベアード,Bearded Grigori,,
ピクシービフ,Pixie Biff,,
ピクシーディン,Pixie Din,,
ピクシーポウ,Pixie Pow,,
狂侵ピクシー,Severely Infected Pixie,,
ピクシー,Pixie,,
ハイピクシービフ,High Pixie Biff,,
ハイピクシーゾルダ,High Pixie Zolda,,
ハイピクシーポウ,High Pixie Pow,,
ピクシーキング,Pixie King,,
オークに進化したゴブリン,Goblin Orc,,
アシッドブロブ,Acid Blob,,
オイルジェリー,Oil Jelly,,
スカーレットファイター,Scarlet Fighter,,
スカーレットシーカー,Scarlet Seeker,,
スカーレットハンター,Scarlet Hunter,,
スカーレットヒーラー,Scarlet Healer,,
スカーレットガーダー,Scarlet Defender,,
スカーレットメイジ,Scarlet Mage,,
スカーレットウォリアー,Scarlet Warrior,,
ラージリザードセージ,Giant Saurian Sage,,
リトルスパイン,Little Spine,,
祈りの竜晶,Dragon Crystal of Praying,,
うめきの竜晶,Dragon Crystal of Groaning,,
エリミネーター・スレイ,Eliminator Slayer,,
黒騎士・幻影,Black Knight Phantom,,
グリムゴブリン,Grim Goblin,,
グリムゴブリンファイター,Grim Goblin Fighter,,
スリンググリムゴブリン,Sling Grim Goblin,,
グレーターゴブリン,Greater Goblin,,
ゴブリンシャーマン,Goblin Shaman,,
ゴブリンエイドシャーマン,Goblin Aid Shaman,,
ヘルハウンド,Hellhound,,
ブレイズウルフ,Blaze Wolf,,
スケルトンワーグ,Skeleton Warg,,
戦甲グリムワーグ,War-Ready Grimwarg,,
スケルトンロード・アビス,Skeleton Lord (Abyss),,
ジオリザードマン,Geo Saurian,,
ラージジオリザード,Giant Geo Saurian,,
戦甲リザードマン,War-Ready Saurian,,
戦甲ラージリザード,War-Ready Giant Saurian,,
ブレイズハーピー,Blaze Harpy,,
ストーンブロブ,Stone Blob,,
ブレイズゴブリン,Blaze Goblin,,
ハバネロ,Habanero,,
バーンドエント,Burned Ent,,
フォッデン,Fodden,,
スケルトンサイクロプス,Skeleton Cyclops,,
戦甲ゴアサイクロプス,War-Ready Gorecyclops,,
ブレイズキメラ,Blaze Chimera,,
ゴアマンティコア,Goremanticore,,
戦甲ゴアマンティコア,War-Ready Goremanticore,,
戦甲ナイトメア,War-Ready Nightmare,,
クラッガー,Cragger,,
リトルクラッグ,Little Crag,,
戦甲オーガ,War-Ready Ogre,,
ミザリーゴースト,Misery Ghost,,
グラッジゴースト,Grudge Ghost,,
ロータスフィン,Lotus Fin,,
ホワイトタラスク,White Tarasque,,
カトブレパス,Catoblepas,,
斬兵ドワーフオーク,Sword Soldier Dwarf Orc,,
アンセスターオーク,Ancestor Orc,,
キャプテンアンセスターオーク,Ancestor Orc Captain,,
アンセスターオリジン,Progenitor,,
ブレイズグリゴリ,Blaze Grigori,,
バフォメット,Baphomet,,
イフリート,Ifrit,,
ウシュムガル,Ushumgal,,
打兵ドワーフオーク,Blunt Soldier Dwarf Orc,,
重兵ドワーフオーク,Heavy Soldier Dwarf Orc,,
投兵ドワーフオーク,Ranged Soldier Dwarf Orc,,
グリムゴブリンリーダー,Grim Goblin Leader,,
サラマンダー,Pyre Saurian,,
狂侵スカージ,Severely Infected Scourge,,
レッドズール,Red Zuhl,,
ブレイズゴブリンリーダー,Blaze Goblin Leader,,
ボルトアイ,Volt Eye,,
烈火岩,Blazing Boulder,,
悪しき竜用OM,Evil Dragon Test,,
怨塊,Grudge,,
ヘイト管理用透明敵,Invisible aggro enemy,,
デス,Death,,
アバドーン,Abaddon,,
蟲塚,Insect Mound,,
スケルトンサイクロプス・フロスト,Frost Skeleton Cyclops,,
レギオン,Legion,,
レギオンリーダー,Legion Leader,,
シャドーグリゴリ,Shadow Grigori,,
マーマン,Merman,,
ポイズンマーマン,Poison Merman,,
ダゴン,Dagon,,
スケルトンサイクロプス・ボルト,Bolt Skeleton Cyclops,,
ウコバク,Ukobach,,
黒竜の覚者,Arisen of the Black Dragon,,
ゴルゴーン,Gorgon,,
スケルトンサイクロプス・フレイム,Flame Skeleton Cyclops,,
ウァレフォル,Valefar,,
元覚者隊統率レオ,Former Arisen Corps Leader Leo,,
ボルト・マキナ,Bolt Machina,,
レイジゴースト,Rage Ghost,,
ギガン・マキナトリニティ,Gigant Machina Trinity,,
フロスト・マキナトリニティ,Frost Machina Trinity,,
ボルト・マキナトリニティ,Bolt Machina Trinity,,
暗黒の竜晶,Dragon Crystal of Darkness,,
祝福の結晶,Crystal of Blessing,,
強い闇を放つ暗黒竜晶,Darkness Emitting Dragon Crystal,,
シェムハザ,Samyaza,,
理を破壊する力,That Which Destroys Order,,
黒竜イベント用,Black Dragon (Event),,
破滅の竜晶,Dragon Crystal of Destruction,,
黒剣,Black Sword,,
束縛の竜晶,Dragon Crystal of Binding,,
