158,MANDRAGORA_SPECIES_INFO_501,"産まれたばかりの鎧亜種マンドラゴラ
亜種はレスタニアで相次いで発見されているが
警戒心の強い個体が遺棄物を身に纏ったもので
生態自体に既存種との明確な差は見られない
鎧亜種の他にも亜種は多数存在すると思われる",,ui\00_message\mandragora\mandragora_species_info.gmd,\ui\uGUIEncyclopedia.arc,uGUIEncyclopedia.arc,158,
159,MANDRAGORA_SPECIES_INFO_502,"最も基本的な成長を遂げた鎧亜種マンドラゴラ
銅は一般鉱石の中でも特に堅固で武具に
適しているが、腐食しやすいのが難点である
住処を定めず放浪する姿が観測されているが
より良い貴金属鎧を探すためという見方もある",,ui\00_message\mandragora\mandragora_species_info.gmd,\ui\uGUIEncyclopedia.arc,uGUIEncyclopedia.arc,159,
160,MANDRAGORA_SPECIES_INFO_503,"固有種の花を咲かせた鎧亜種マンドラゴラ
鎧亜種は体を鎧で覆っているため成長度合いに
合わせて補強用金属を与えてやる必要がある
また、通常種への肥料に金属を混ぜることで
突如鎧亜種化する事例も確認されている",,ui\00_message\mandragora\mandragora_species_info.gmd,\ui\uGUIEncyclopedia.arc,uGUIEncyclopedia.arc,160,
161,MANDRAGORA_SPECIES_INFO_504,"固有種の花を咲かせた鎧亜種マンドラゴラ
鎧亜種の身体構造は原種と差異がないため
新米養根家でも育てやすく新種発見しやすい
しかし芯なる樹の樹液を強く受けた本種は
個体差はあるが野性が強くあまり人に慣れない",,ui\00_message\mandragora\mandragora_species_info.gmd,\ui\uGUIEncyclopedia.arc,uGUIEncyclopedia.arc,161,
162,MANDRAGORA_SPECIES_INFO_505,"固有種の花を咲かせた鎧亜種マンドラゴラ
花を摘もうと不用意に近づいた男女が
地中から現れたマンドラゴラの被害を受ける
という事件はフィンダムでも少なくない
特に警戒心が強く硬い鎧亜種は危険性が高い",,ui\00_message\mandragora\mandragora_species_info.gmd,\ui\uGUIEncyclopedia.arc,uGUIEncyclopedia.arc,162,
163,MANDRAGORA_SPECIES_INFO_506,"固有種の花を咲かせた鎧亜種マンドラゴラ
マンドラゴラは一般的な植物同様暑さに弱いが
鎧亜種は特に熱を持ちやすい性質があるため
原種などに比べると寿命は短い
特に黄花種は日光を好むため致死事故も多い",,ui\00_message\mandragora\mandragora_species_info.gmd,\ui\uGUIEncyclopedia.arc,uGUIEncyclopedia.arc,163,
164,MANDRAGORA_SPECIES_INFO_507,"固有種の花を咲かせた鎧亜種マンドラゴラ
与える養分を絞ることで、小さく成長する
また与える肥料を工夫することで鎧亜種以外の
様々な亜種へ派生することがあり
愛玩用として注目されている",,ui\00_message\mandragora\mandragora_species_info.gmd,\ui\uGUIEncyclopedia.arc,uGUIEncyclopedia.arc,164,
165,MANDRAGORA_SPECIES_INFO_508,"固有種の花が群生した鎧亜種マンドラゴラ
銅系の鎧亜種への進化は比較的難度が低いが
育成中に衣替えを行い上位種へ進化したり
熱により枯死することが多い
結実まで生存する事例はあまり多くない",,ui\00_message\mandragora\mandragora_species_info.gmd,\ui\uGUIEncyclopedia.arc,uGUIEncyclopedia.arc,165,
166,MANDRAGORA_SPECIES_INFO_509,"固有種の花が群生した鎧亜種マンドラゴラ
頭部が発達した個体は鎧の着脱ができないため
鎧を破壊して鎧替えを行うことになる
鎧亜種は根部が鎧に適応しているため
鎧の無い状態では非常に脆弱で生存できない",,ui\00_message\mandragora\mandragora_species_info.gmd,\ui\uGUIEncyclopedia.arc,uGUIEncyclopedia.arc,166,
167,MANDRAGORA_SPECIES_INFO_510,"固有種の花が群生した鎧亜種マンドラゴラ
金属の鎧を負う鎧亜種はマンドラゴラ科の中で
特に動きが鈍いとされている
マンドラゴラの黄花は野生の魔物も好んで食し
捕食者の気を逸らすため自らむしることもある",,ui\00_message\mandragora\mandragora_species_info.gmd,\ui\uGUIEncyclopedia.arc,uGUIEncyclopedia.arc,167,
168,MANDRAGORA_SPECIES_INFO_511,"固有種の花が群生した鎧亜種マンドラゴラ
亜種は知能が高いことが判明しており
どの素材の外衣がより頑強で腐食しづらいのか
自ら学習できると考えられているため
鎧替えにはより上位の鉱石を与える必要がある",,ui\00_message\mandragora\mandragora_species_info.gmd,\ui\uGUIEncyclopedia.arc,uGUIEncyclopedia.arc,168,
169,MANDRAGORA_SPECIES_INFO_512,"キノコを成した鎧亜種マンドラゴラ
フィンドブルーのマッシュルームを育てるには
フィンダム産肥料投与と適切な水分管理が必須
だが、鎧亜種の頭部は天然の温室になっており
原種より育てやすいため栽培に利用されている",,ui\00_message\mandragora\mandragora_species_info.gmd,\ui\uGUIEncyclopedia.arc,uGUIEncyclopedia.arc,169,
170,MANDRAGORA_SPECIES_INFO_513,"キノコを成した鎧亜種マンドラゴラ
鎧を纏ったマンドラゴラの愛くるしい姿と
鮮やかな赤いキノコの組み合わせがまるで
おとぎ話のようだと、レスタニアの女性の間で
密かに人気が上昇し始めている種である",,ui\00_message\mandragora\mandragora_species_info.gmd,\ui\uGUIEncyclopedia.arc,uGUIEncyclopedia.arc,170,
171,MANDRAGORA_SPECIES_INFO_514,"キノコを成した鎧亜種マンドラゴラ
マンドラゴラは環境によりストレスが溜まると
自らの頭部をむしって口にすることがある
黄キノコを食したマンドラゴラは幻覚により
凶暴化するが、白キノコで鎮静化できる",,ui\00_message\mandragora\mandragora_species_info.gmd,\ui\uGUIEncyclopedia.arc,uGUIEncyclopedia.arc,171,
172,MANDRAGORA_SPECIES_INFO_515,"キノコを成した鎧亜種マンドラゴラ
菌の付着した個体が鎧亜化し、成長した個体
鎧亜種の頭部は鎧により湿気がこもりやすく
菌類が育ちやすい環境となっている
観賞用に飼育する場合はこまめな換気が必須",,ui\00_message\mandragora\mandragora_species_info.gmd,\ui\uGUIEncyclopedia.arc,uGUIEncyclopedia.arc,172,
173,MANDRAGORA_SPECIES_INFO_516,"キノコを群生させた鎧亜種マンドラゴラ
銅鎧の鎧亜種はキノコ奇病に罹らないため
マンドラマッシュルーム栽培に利用されやすい
既に覚者輸送によるフィンダム肥料の輸入網も
整備されているため、市場は拡大必至である",,ui\00_message\mandragora\mandragora_species_info.gmd,\ui\uGUIEncyclopedia.arc,uGUIEncyclopedia.arc,173,
174,MANDRAGORA_SPECIES_INFO_517,"キノコを群生させた鎧亜種マンドラゴラ
マンドラゴラは近年発見された生物であるため
はっきりした寿命は判明していない
根部を輪切りにすると、断面には年輪があり
その数が生存年数とされているが未検証である",,ui\00_message\mandragora\mandragora_species_info.gmd,\ui\uGUIEncyclopedia.arc,uGUIEncyclopedia.arc,174,
175,MANDRAGORA_SPECIES_INFO_518,"キノコを群生させた鎧亜種マンドラゴラ
マンドラゴラは種子を持つことから
一般植物同様に種から生育すると考えられるが
レスタニアでは種子育成の成功例は未だに無く
フィンダムからの輸入幼生体が流通の主である",,ui\00_message\mandragora\mandragora_species_info.gmd,\ui\uGUIEncyclopedia.arc,uGUIEncyclopedia.arc,175,
176,MANDRAGORA_SPECIES_INFO_519,"キノコを群生させた鎧亜種マンドラゴラ
弱ったマンドラゴラに菌が付着し成長すると
急激にキノコが根部まで覆う病にかかりやすい
しかし銅鎧の鎧亜種にはその病が発見されない
ことから、銅の殺菌作用に注目が集まっている",,ui\00_message\mandragora\mandragora_species_info.gmd,\ui\uGUIEncyclopedia.arc,uGUIEncyclopedia.arc,176,
177,MANDRAGORA_SPECIES_INFO_520,"異国の落葉樹が生えた鎧亜種マンドラゴラ
熱管理の難しい鎧亜種でこの樹花を育てる際は
布などで手厚く保温する必要がある
温め、有機養分を十分に与えることで花芽が
増えやすく多くの花を咲かせることができる",,ui\00_message\mandragora\mandragora_species_info.gmd,\ui\uGUIEncyclopedia.arc,uGUIEncyclopedia.arc,177,
178,MANDRAGORA_SPECIES_INFO_521,"異国の樹花を咲かせた鎧亜種マンドラゴラ
この樹花を大地に根付かせた場合は
冬の寒気に晒されたのち、温かくなる春頃に
一斉に蕾が花開くことが分かっている
銅は冷えやすく管理を怠ると凍結の危険もある",,ui\00_message\mandragora\mandragora_species_info.gmd,\ui\uGUIEncyclopedia.arc,uGUIEncyclopedia.arc,178,
179,MANDRAGORA_SPECIES_INFO_522,"異国の樹花が満開に咲いた鎧亜種マンドラゴラ
金属を纏う鎧亜種とノーマル種の生育状態を
比較すると、鎧亜種の方が成長不良である
中でも、銅は特に成長に影響が見られ
錆の発生はマンドラゴラ自体にも悪影響がある",,ui\00_message\mandragora\mandragora_species_info.gmd,\ui\uGUIEncyclopedia.arc,uGUIEncyclopedia.arc,179,
180,MANDRAGORA_SPECIES_INFO_531,"固有種の花を咲かせた鎧亜種マンドラゴラ
銀鎧の鎧亜種は非常に熱を持ちやすいため
こまめな世話が必要となるが
青花の個体だけは熱の自己排出が見られる
原因不明だが芯なる樹に関係があると思われる",,ui\00_message\mandragora\mandragora_species_info.gmd,\ui\uGUIEncyclopedia.arc,uGUIEncyclopedia.arc,180,
181,MANDRAGORA_SPECIES_INFO_532,"固有種の花を咲かせた鎧亜種マンドラゴラ
鎧亜種の縄張り争いは、お互い体当たりして
鎧の硬度で序列をつけることが分かっているが
人間の飼育下では基本的には新参が下位となり
年功序列制へと変化することが観察されている",,ui\00_message\mandragora\mandragora_species_info.gmd,\ui\uGUIEncyclopedia.arc,uGUIEncyclopedia.arc,181,
182,MANDRAGORA_SPECIES_INFO_533,"固有種の花を咲かせた鎧亜種マンドラゴラ
マンドラゴラは徘徊した地を縄張りとするが
縄張り争いに敗れても追い出されることはなく
そもそも正確な縄張りをどの個体も
覚えていないのではないかという見解もある",,ui\00_message\mandragora\mandragora_species_info.gmd,\ui\uGUIEncyclopedia.arc,uGUIEncyclopedia.arc,182,
183,MANDRAGORA_SPECIES_INFO_534,"固有種の花を咲かせた鎧亜種マンドラゴラ
銀鎧は熱が伝わりやすく熱くなりやすいため
水などをこまめに与え冷ましてやる必要がある
また、銀鎧は銅鎧よりも重く、銀の鎧亜種が
成長するためには有機エネルギーが多く必要",,ui\00_message\mandragora\mandragora_species_info.gmd,\ui\uGUIEncyclopedia.arc,uGUIEncyclopedia.arc,183,
184,MANDRAGORA_SPECIES_INFO_535,"固有種の花が群生した鎧亜種マンドラゴラ
原生地フィンダムにも銀系鉱物は存在し
霊的な美しさからお守りとして用いられていた
芯なる樹の樹液の力を併せ持つこの種は
将来的には侵食浄化の効果も期待されている",,ui\00_message\mandragora\mandragora_species_info.gmd,\ui\uGUIEncyclopedia.arc,uGUIEncyclopedia.arc,184,
185,MANDRAGORA_SPECIES_INFO_536,"固有種の花が群生した鎧亜種マンドラゴラ
銀鎧は磨くと強い光沢を発するため反射により
まるで花柄の鎧を纏っているかのように見える
しかし、花の群生も鎧の手入れも非常に手間が
かかるため容易に見ることはかなわない",,ui\00_message\mandragora\mandragora_species_info.gmd,\ui\uGUIEncyclopedia.arc,uGUIEncyclopedia.arc,185,
186,MANDRAGORA_SPECIES_INFO_537,"固有種の花が群生した鎧亜種マンドラゴラ
銀鎧は数分でも日光に当たると熱が集まり
湯気を発し始めるほど熱されてしまうため
暑さに弱い植物の特性を持つマンドラゴラとは
相性が悪く、非常に高い致死率となっている",,ui\00_message\mandragora\mandragora_species_info.gmd,\ui\uGUIEncyclopedia.arc,uGUIEncyclopedia.arc,186,
187,MANDRAGORA_SPECIES_INFO_538,"固有種の花が群生した鎧亜種マンドラゴラ
白い花は日照時間が短くても咲くため
銀鎧特有の育て辛さもあまり無い
銀鎧と白い花は気高い純潔さの象徴として
発見後すぐ、神殿にて飼育されることとなった",,ui\00_message\mandragora\mandragora_species_info.gmd,\ui\uGUIEncyclopedia.arc,uGUIEncyclopedia.arc,187,
188,MANDRAGORA_SPECIES_INFO_539,"キノコを成した鎧亜種マンドラゴラ
マンドラマッシュルームは冷暗所を好み
特に青はフィンダムの涼しい気候を好むため
銀鎧は最も相性の悪い鎧亜種の一つである
非常に乾きやすいので水分補給が重要",,ui\00_message\mandragora\mandragora_species_info.gmd,\ui\uGUIEncyclopedia.arc,uGUIEncyclopedia.arc,188,
189,MANDRAGORA_SPECIES_INFO_540,"キノコを成した鎧亜種マンドラゴラ
鎧亜種のマンドラマッシュルームは根元が割け
複数に枝分かれすることで群生体になるが
これは集まる光熱を逃がすためであり布や草で
遮光すれば太い一本キノコに成長する例もある",,ui\00_message\mandragora\mandragora_species_info.gmd,\ui\uGUIEncyclopedia.arc,uGUIEncyclopedia.arc,189,
190,MANDRAGORA_SPECIES_INFO_541,"キノコを成した鎧亜種マンドラゴラ
銀鎧マンドラゴラは冷暗所を好むマンドラ
マッシュルームとの相性が非常に悪く
直射日光を布や草などで遮ってやらなければ
根部に籠った熱でキノコは色褪せ乾いてしまう",,ui\00_message\mandragora\mandragora_species_info.gmd,\ui\uGUIEncyclopedia.arc,uGUIEncyclopedia.arc,190,
191,MANDRAGORA_SPECIES_INFO_542,"キノコを成した鎧亜種マンドラゴラ
銀鎧は大人しく繊細な性格の傾向があるが
マンドラマッシュルーム種は特に内気とされ
日陰を好み、草木の陰からあまり動かない
野生下での生態に関係していると思われる",,ui\00_message\mandragora\mandragora_species_info.gmd,\ui\uGUIEncyclopedia.arc,uGUIEncyclopedia.arc,191,
192,MANDRAGORA_SPECIES_INFO_543,"キノコを群生させた鎧亜種マンドラゴラ
銀鎧の群生種は野生下では未発見である
そもそも青キノコは、生育する環境として本来
マンドラゴラの頭部はあまり良いとは言えず
人の手がなければ存在していなかった種である",,ui\00_message\mandragora\mandragora_species_info.gmd,\ui\uGUIEncyclopedia.arc,uGUIEncyclopedia.arc,192,
193,MANDRAGORA_SPECIES_INFO_544,"キノコを群生させた鎧亜種マンドラゴラ
マンドラマッシュルームは多くに毒があり
無毒のものも食用としては一般的ではないが
ある美食家が鎧亜種の赤キノコを口にした
ところ、ガラキノコの味がしたという話もある",,ui\00_message\mandragora\mandragora_species_info.gmd,\ui\uGUIEncyclopedia.arc,uGUIEncyclopedia.arc,193,
194,MANDRAGORA_SPECIES_INFO_545,"キノコを群生させた鎧亜種マンドラゴラ
マンドラマッシュルームの自生はどの地でも
未発見であり、人工栽培も未だ成功していない
吸収した水が頭部に循環する際、キノコが好む
形への成分変化が起こるのだと考えられている",,ui\00_message\mandragora\mandragora_species_info.gmd,\ui\uGUIEncyclopedia.arc,uGUIEncyclopedia.arc,194,
195,MANDRAGORA_SPECIES_INFO_546,"キノコを群生させた鎧亜種マンドラゴラ
銀鎧の鎧亜種は日光による養分自給の能力が
他種と比べて弱く、キノコが大きく育つ際には
根部の養分まで吸収されてしまうため
有機肥料で補ってやる必要がある",,ui\00_message\mandragora\mandragora_species_info.gmd,\ui\uGUIEncyclopedia.arc,uGUIEncyclopedia.arc,195,
196,MANDRAGORA_SPECIES_INFO_547,"異国の落葉樹が生えた鎧亜種マンドラゴラ
熱管理の難しい鎧亜種でこの樹花を育てる際は
布などで手厚く保温する必要がある
銅鎧よりもさらに扱いにくい銀鎧系の鎧亜種は
より多くの肥料と手間をかける必要がある",,ui\00_message\mandragora\mandragora_species_info.gmd,\ui\uGUIEncyclopedia.arc,uGUIEncyclopedia.arc,196,
197,MANDRAGORA_SPECIES_INFO_548,"異国の樹花を咲かせた鎧亜種マンドラゴラ
この樹花を大地に根付かせた場合は
冬の寒気に晒されたのち、温かくなる春頃に
一斉に蕾が花開くことが分かっている
開花を増やすためには温度管理が重要である",,ui\00_message\mandragora\mandragora_species_info.gmd,\ui\uGUIEncyclopedia.arc,uGUIEncyclopedia.arc,197,
198,MANDRAGORA_SPECIES_INFO_549,"異国の樹花が満開に咲いた鎧亜種マンドラゴラ
金属を纏う鎧亜種とノーマル種の生育状態を
比較すると、鎧亜種の方が成長不良である
銀は比較的影響は少ないが、何らかの
金属の物質が成長を阻害していると考えられる",,ui\00_message\mandragora\mandragora_species_info.gmd,\ui\uGUIEncyclopedia.arc,uGUIEncyclopedia.arc,198,
199,MANDRAGORA_SPECIES_INFO_561,"固有種の花が群生した鎧亜種マンドラゴラ
野生下では生息が確認されていない
金鎧の中でも飛びぬけて珍しく価値があり
気まぐれかつ我儘で個人では飼育の難しい種
エランの純水しか口にしない個体もいるという",,ui\00_message\mandragora\mandragora_species_info.gmd,\ui\uGUIEncyclopedia.arc,uGUIEncyclopedia.arc,199,
200,MANDRAGORA_SPECIES_INFO_562,"固有種の花が群生した鎧亜種マンドラゴラ
鎧亜種は人間などの生物が落とした既成の鎧を
転用する場合が多いため、金鎧は合金である
それを知らない盗賊の手で盗難マンドラゴラが
大量に鎧を剥がされ死んだ凄惨な事件もあった",,ui\00_message\mandragora\mandragora_species_info.gmd,\ui\uGUIEncyclopedia.arc,uGUIEncyclopedia.arc,200,
201,MANDRAGORA_SPECIES_INFO_563,"固有種の花が群生した鎧亜種マンドラゴラ
金鎧の鎧亜種は非常に発育が良いため
生育途中で金属質を補強する必要がある
小さい鎧のまま育つと発育不良を起こしたり
むき出しになった根部が乾燥してしまうことも",,ui\00_message\mandragora\mandragora_species_info.gmd,\ui\uGUIEncyclopedia.arc,uGUIEncyclopedia.arc,201,
202,MANDRAGORA_SPECIES_INFO_564,"固有種の花が群生した鎧亜種マンドラゴラ
金鎧のマンドラゴラは非常にプライドが高い
また鎧の反射により日光を何倍も浴びており
体格は大柄で頭部に育つ植物も格段に美しい
美術品・工芸品としての価値が高い品種",,ui\00_message\mandragora\mandragora_species_info.gmd,\ui\uGUIEncyclopedia.arc,uGUIEncyclopedia.arc,202,
203,MANDRAGORA_SPECIES_INFO_565,"キノコを群生させた鎧亜種マンドラゴラ
キノコは暗所を好むため金鎧とは相性が悪く
さらに青いキノコは環境を保つためにも
フィンダム産高濃度純水が必要となり
飼育費用が倍以上かかることも分かっている",,ui\00_message\mandragora\mandragora_species_info.gmd,\ui\uGUIEncyclopedia.arc,uGUIEncyclopedia.arc,203,
204,MANDRAGORA_SPECIES_INFO_566,"キノコを群生させた鎧亜種マンドラゴラ
金鎧は元来活動的で縄張り意識が強いが
本種は赤キノコの精強作用により特に我が強い
2匹以上の生育時には喧嘩の際に
鎧を剥がし合わないよう注意が必要である",,ui\00_message\mandragora\mandragora_species_info.gmd,\ui\uGUIEncyclopedia.arc,uGUIEncyclopedia.arc,204,
205,MANDRAGORA_SPECIES_INFO_567,"キノコを群生させた鎧亜種マンドラゴラ
マンドラゴラの姿は度々祀る対象となるが
なかでもこの種の黄金の輝きには多くの商人が
魅了され豪商の新しいステータスとなっている
剥製が作られ高額で取引されている唯一の種",,ui\00_message\mandragora\mandragora_species_info.gmd,\ui\uGUIEncyclopedia.arc,uGUIEncyclopedia.arc,205,
206,MANDRAGORA_SPECIES_INFO_568,"キノコを群生させた鎧亜種マンドラゴラ
金鎧は鎧亜種の中で最も強く希少な種であり
頂点であるため縄張り争いになることが少ない
しかし、希少故に人の欲望に振り回されやすく
いま最も保護が叫ばれている種の一つである",,ui\00_message\mandragora\mandragora_species_info.gmd,\ui\uGUIEncyclopedia.arc,uGUIEncyclopedia.arc,206,
207,MANDRAGORA_SPECIES_INFO_569,"異国の落葉樹が生えた鎧亜種マンドラゴラ
冷えやすい鎧亜種でこの樹花を育てる場合は
布などで手厚く保温する必要がある
温め、有機養分を十分に与えることで花芽が
増えやすく多くの花を咲かせることができる",,ui\00_message\mandragora\mandragora_species_info.gmd,\ui\uGUIEncyclopedia.arc,uGUIEncyclopedia.arc,207,
208,MANDRAGORA_SPECIES_INFO_570,"異国の樹花を咲かせた鎧亜種マンドラゴラ
この樹花を大地に根付かせた場合は
冬の寒気に晒されたのち、温かくなる春頃に
一斉に蕾が花開くことが分かっている
満開の金鎧亜種は、絢爛さが巷で評判である",,ui\00_message\mandragora\mandragora_species_info.gmd,\ui\uGUIEncyclopedia.arc,uGUIEncyclopedia.arc,208,
209,MANDRAGORA_SPECIES_INFO_571,"異国の樹花が満開に咲いた鎧亜種マンドラゴラ
金属を纏う鎧亜種とノーマル種の生育状態を
比較すると、鎧亜種の方が成長不良である
鎧亜種から採取した花弁を食した養根家が
中毒死する事件も発生し、関連が疑われている",,ui\00_message\mandragora\mandragora_species_info.gmd,\ui\uGUIEncyclopedia.arc,uGUIEncyclopedia.arc,209,
210,MANDRAGORA_SPECIES_INFO_591,"固有種の花を群生させた鎧亜種マンドラゴラ
いつしか悪しき黒騎士に憧れを抱くように
なっていたマンドラゴラは、黒鋼を使い
大喜びで黒鋼鎧亜種になった
しかしそれもすぐに飽きて忘れるだろう",,ui\00_message\mandragora\mandragora_species_info.gmd,\ui\uGUIEncyclopedia.arc,uGUIEncyclopedia.arc,210,
211,MANDRAGORA_SPECIES_INFO_592,"キノコを群生させた鎧亜種マンドラゴラ
黒騎士に憧れたマンドラゴラは、孤独で
奇異であることを良しと考える
しかし炭系肥料ばかりでは健康に障るため
期を見て目を覚ましてやることも大切である",,ui\00_message\mandragora\mandragora_species_info.gmd,\ui\uGUIEncyclopedia.arc,uGUIEncyclopedia.arc,211,
212,MANDRAGORA_SPECIES_INFO_601,"産まれたばかりの衣亜種マンドラゴラ
十人十色な人間のファッションに憧れを抱き
人間の古着から自身の服を仕立てあげ
その完成度の高さから亜種として登録された
クールなアイスブルーが最近のマイブーム",,ui\00_message\mandragora\mandragora_species_info.gmd,\ui\uGUIEncyclopedia.arc,uGUIEncyclopedia.arc,212,
213,MANDRAGORA_SPECIES_INFO_602,"基本的な成長を遂げた衣亜種マンドラゴラ
成長で生じる衣の綻びの修繕用に、布と糸を
定期的に与えないと癇癪をおこし、暴れ出す
青色には強いこだわりがあり、成長過程で
その意志を曲げるようなことはなさそうだ",,ui\00_message\mandragora\mandragora_species_info.gmd,\ui\uGUIEncyclopedia.arc,uGUIEncyclopedia.arc,213,
214,MANDRAGORA_SPECIES_INFO_603,"固有種の花を咲かせた衣亜種マンドラゴラ
色にこだわりのある衣亜種は、自身の頭部が
好んでいる色で無いことに対し強いストレスを
感じやすいため、特定の進化が抑制される
青色素の多く含まれる肥料を好むようだ",,ui\00_message\mandragora\mandragora_species_info.gmd,\ui\uGUIEncyclopedia.arc,uGUIEncyclopedia.arc,214,
215,MANDRAGORA_SPECIES_INFO_604,"固有種の花を咲かせた衣亜種マンドラゴラ
最も好んだ色の花を咲かせた衣亜種は
非常に気性も穏やかで色艶も良くなる
青を好む衣亜種は、非常に知能が高く
人間の食物の味を味わい分けられるという",,ui\00_message\mandragora\mandragora_species_info.gmd,\ui\uGUIEncyclopedia.arc,uGUIEncyclopedia.arc,215,
216,MANDRAGORA_SPECIES_INFO_605,"固有種の花を群生させた衣亜種マンドラゴラ
大輪の花を豊かに咲かせた衣亜種は
手に届きやすいステータスシンボルである
青色のブーケ種の知能は、5歳児にも相当し
人間用の栄養価の高い料理を与えると良く育つ",,ui\00_message\mandragora\mandragora_species_info.gmd,\ui\uGUIEncyclopedia.arc,uGUIEncyclopedia.arc,216,
217,MANDRAGORA_SPECIES_INFO_606,"異国の落葉樹が生えた衣亜種マンドラゴラ
この落葉樹は寒さに弱いことが判明しており
保温性の高い衣亜種での育成は最適である
十分な有機肥料を与えることで、花芽が増え
美しい開花をもたらすことができる",,ui\00_message\mandragora\mandragora_species_info.gmd,\ui\uGUIEncyclopedia.arc,uGUIEncyclopedia.arc,217,
218,MANDRAGORA_SPECIES_INFO_607,"異国の樹花を咲かせた衣亜種マンドラゴラ
衣亜種での樹花育成は容易で、花芽発生後は
バランス良く十分に肥料を与える必要がある
ノーマル種同様ある程度の剪定が必要であり
手入れ不足のストレスは想像を超える",,ui\00_message\mandragora\mandragora_species_info.gmd,\ui\uGUIEncyclopedia.arc,uGUIEncyclopedia.arc,218,
219,MANDRAGORA_SPECIES_INFO_608,"異国の樹花が満開に咲いた衣亜種マンドラゴラ
散った大量の花弁が衣服に付着するため
見応えがある上に掃除の手間がかからない点が
レスタニアの家事従事者に人気な種である
当人たちは、服が汚れるため不服なようだ",,ui\00_message\mandragora\mandragora_species_info.gmd,\ui\uGUIEncyclopedia.arc,uGUIEncyclopedia.arc,219,
220,MANDRAGORA_SPECIES_INFO_609,"侵食キノコを成した衣亜種マンドラゴラ
青い衣類を身に着けたマンドラゴラには
青い植物しか育たなくなりキノコも例外でない
それはマンドラゴラの強い意志によるものか
衣類の成分によるものかはっきりしていない",,ui\00_message\mandragora\mandragora_species_info.gmd,\ui\uGUIEncyclopedia.arc,uGUIEncyclopedia.arc,220,
221,MANDRAGORA_SPECIES_INFO_610,"侵食キノコを群生させた衣亜種マンドラゴラ
ふさふさと多数のキノコを生やしたその姿は
レスタニアの新たなトレンドヘアになっている
キノコから抽出される青色素は落ちにくく
近年美容院でも染料として利用され始めている",,ui\00_message\mandragora\mandragora_species_info.gmd,\ui\uGUIEncyclopedia.arc,uGUIEncyclopedia.arc,221,
222,MANDRAGORA_SPECIES_INFO_611,"雨季に咲く植物を生やした衣亜種マンドラゴラ
衣亜種にもマンドレインジアを咲かせることは
できるが、マンドラゴラ自身で色味を勝手に
青色に調節してしまうため、色変化を
楽しみたい養根家には勧められない",,ui\00_message\mandragora\mandragora_species_info.gmd,\ui\uGUIEncyclopedia.arc,uGUIEncyclopedia.arc,222,
223,MANDRAGORA_SPECIES_INFO_612,"美しい一輪花を咲かせた衣亜種マンドラゴラ
澄んだ青を愛する衣亜種はマンドラローズの
存在を知ると、すぐさま咲かし頭を彩った
彼らは頭部のコントロールを自分で行うため
開花用肥料と衣服の素材を与えておけばよい",,ui\00_message\mandragora\mandragora_species_info.gmd,\ui\uGUIEncyclopedia.arc,uGUIEncyclopedia.arc,223,
224,MANDRAGORA_SPECIES_INFO_613,"希少な植物の花を咲かせた衣亜種マンドラゴラ
青を愛するマンドラゴラは、自らの頭部を
彩るに相応しい新たな植物を決めきれずにいた
その時、偶然芽吹いた巨大花の、キッチュかつ
革新的なデザインはまさに求めていた物だった",,ui\00_message\mandragora\mandragora_species_info.gmd,\ui\uGUIEncyclopedia.arc,uGUIEncyclopedia.arc,224,
225,MANDRAGORA_SPECIES_INFO_621,"産まれたばかりの衣亜種マンドラゴラ
十人十色な人間のファッションに憧れを抱き
人間の古着から自身の服を仕立てあげ
その完成度の高さから亜種として登録された
ホットなベリーレッドが最近のマイブーム",,ui\00_message\mandragora\mandragora_species_info.gmd,\ui\uGUIEncyclopedia.arc,uGUIEncyclopedia.arc,225,
226,MANDRAGORA_SPECIES_INFO_622,"基本的な成長を遂げた衣亜種マンドラゴラ
成長で生じる衣の綻びの修繕用に、布と糸を
定期的に与えないと癇癪をおこし、暴れ出す
赤色には強いこだわりがあり、成長過程で
その意志を曲げるようなことはなさそうだ",,ui\00_message\mandragora\mandragora_species_info.gmd,\ui\uGUIEncyclopedia.arc,uGUIEncyclopedia.arc,226,
227,MANDRAGORA_SPECIES_INFO_623,"固有種の花を咲かせた衣亜種マンドラゴラ
色にこだわりのある衣亜種は、自身の頭部が
好んでいる色で無いことに対し強いストレスを
感じやすいため、特定の進化が抑制される
赤色素の多く含まれる肥料を好むようだ",,ui\00_message\mandragora\mandragora_species_info.gmd,\ui\uGUIEncyclopedia.arc,uGUIEncyclopedia.arc,227,
228,MANDRAGORA_SPECIES_INFO_624,"固有種の花を咲かせた衣亜種マンドラゴラ
最も好んだ色の花を咲かせた衣亜種は
非常に気性も穏やかで色艶も良くなる
赤を好む衣亜種は、力が強く身体も丈夫なため
マンドラゴラビジネスに利用されることが多い",,ui\00_message\mandragora\mandragora_species_info.gmd,\ui\uGUIEncyclopedia.arc,uGUIEncyclopedia.arc,228,
229,MANDRAGORA_SPECIES_INFO_625,"固有種の花を群生させた衣亜種マンドラゴラ
大輪の花を豊かに咲かせた衣亜種は
手に届きやすいステータスシンボルである
消費エネルギーの大きいベリー系衣亜種には
高カロリーな肥料を多く与えることで強く育つ",,ui\00_message\mandragora\mandragora_species_info.gmd,\ui\uGUIEncyclopedia.arc,uGUIEncyclopedia.arc,229,
230,MANDRAGORA_SPECIES_INFO_626,"異国の落葉樹が生えた衣亜種マンドラゴラ
この落葉樹には寒さに弱いことが判明しており
保温性の高い衣亜種での育成は最適である
十分な有機肥料を与えることで、花芽が増え
美しい開花をもたらすことができる",,ui\00_message\mandragora\mandragora_species_info.gmd,\ui\uGUIEncyclopedia.arc,uGUIEncyclopedia.arc,230,
231,MANDRAGORA_SPECIES_INFO_627,"異国の樹花を咲かせた衣亜種マンドラゴラ
衣亜種での樹花育成は容易で、花芽発生後は
バランス良く十分に肥料を与える必要がある
ノーマル種同様ある程度の選定が必要であり
有機肥料によりスタミナをつけることが重要",,ui\00_message\mandragora\mandragora_species_info.gmd,\ui\uGUIEncyclopedia.arc,uGUIEncyclopedia.arc,231,
232,MANDRAGORA_SPECIES_INFO_628,"異国の樹花が満開に咲いた衣亜種マンドラゴラ
赤い衣服と薄紅色の花が人気な種であり
一部のブリーダーの間では、樹花が散る様を
庭で見ながら、気の置けない仲間と共に
酒を飲む楽しみ方が広まりつつある",,ui\00_message\mandragora\mandragora_species_info.gmd,\ui\uGUIEncyclopedia.arc,uGUIEncyclopedia.arc,232,
233,MANDRAGORA_SPECIES_INFO_629,"侵食キノコを成した衣亜種マンドラゴラ
赤い衣類を身に着けたマンドラゴラには
赤い植物しか育たなくなりキノコも例外でない
それはマンドラゴラの強い意志によるものか
衣類の成分によるものかはっきりしていない",,ui\00_message\mandragora\mandragora_species_info.gmd,\ui\uGUIEncyclopedia.arc,uGUIEncyclopedia.arc,233,
234,MANDRAGORA_SPECIES_INFO_630,"侵食キノコを群生させた衣亜種マンドラゴラ
ふさふさと多数のキノコを生やしたその姿は
レスタニアの新たなトレンドヘアになっている
キノコから抽出される赤色素は落ちにくく
近年美容院でも染料として利用され始めている",,ui\00_message\mandragora\mandragora_species_info.gmd,\ui\uGUIEncyclopedia.arc,uGUIEncyclopedia.arc,234,
235,MANDRAGORA_SPECIES_INFO_631,"雨季に咲く植物を生やした衣亜種マンドラゴラ
衣亜種にもマンドレインジアを咲かせることは
できるが、マンドラゴラ自身で色味を勝手に
赤色に調節してしまうため、色変化を
楽しみたい養根家には勧められない",,ui\00_message\mandragora\mandragora_species_info.gmd,\ui\uGUIEncyclopedia.arc,uGUIEncyclopedia.arc,235,
236,MANDRAGORA_SPECIES_INFO_632,"美しい一輪花を咲かせた衣亜種マンドラゴラ
情熱的な赤を愛する衣亜種はマンドラローズの
存在を知ると、すぐさま咲かし頭を彩った
彼らは頭部のコントロールを自分で行うため
開花用肥料と衣服の素材を与えておけばよい",,ui\00_message\mandragora\mandragora_species_info.gmd,\ui\uGUIEncyclopedia.arc,uGUIEncyclopedia.arc,236,
237,MANDRAGORA_SPECIES_INFO_633,"希少な植物の花を咲かせた衣亜種マンドラゴラ
赤を愛するマンドラゴラは、自らの頭部を
彩るに相応しい新たな植物を決めきれずにいた
その時、偶然芽吹いた巨大花の、キッチュかつ
革新的なデザインはまさに求めていた物だった",,ui\00_message\mandragora\mandragora_species_info.gmd,\ui\uGUIEncyclopedia.arc,uGUIEncyclopedia.arc,237,
238,MANDRAGORA_SPECIES_INFO_641,"産まれたばかりの衣亜種マンドラゴラ
十人十色な人間のファッションに憧れを抱き
人間の古着から自身の服を仕立てあげ
その完成度の高さから亜種として登録された
キュートなハニーイエローが最近のマイブーム",,ui\00_message\mandragora\mandragora_species_info.gmd,\ui\uGUIEncyclopedia.arc,uGUIEncyclopedia.arc,238,
239,MANDRAGORA_SPECIES_INFO_642,"基本的な成長を遂げた衣亜種マンドラゴラ
成長で生じる衣の綻びの修繕用に、布と糸を
定期的に与えないと癇癪をおこし、暴れ出す
黄色には強いこだわりがあり、成長過程で
その意志を曲げるようなことはなさそうだ",,ui\00_message\mandragora\mandragora_species_info.gmd,\ui\uGUIEncyclopedia.arc,uGUIEncyclopedia.arc,239,
240,MANDRAGORA_SPECIES_INFO_643,"固有種の花を咲かせた衣亜種マンドラゴラ
色にこだわりのある衣亜種は、自身の頭部が
好んでいる色で無いことに対し強いストレスを
感じやすいため、特定の進化が抑制される
黄色素の多く含まれる肥料を好むようだ",,ui\00_message\mandragora\mandragora_species_info.gmd,\ui\uGUIEncyclopedia.arc,uGUIEncyclopedia.arc,240,
241,MANDRAGORA_SPECIES_INFO_644,"固有種の花を咲かせた衣亜種マンドラゴラ
最も好んだ色の花を咲かせた衣亜種は
非常に気性も穏やかで色艶も良くなる
黄色を好む衣亜種は、非常に陽気で穏やかかつ
外見も華があるためペットとして人気がある",,ui\00_message\mandragora\mandragora_species_info.gmd,\ui\uGUIEncyclopedia.arc,uGUIEncyclopedia.arc,241,
242,MANDRAGORA_SPECIES_INFO_645,"固有種の花を群生させた衣亜種マンドラゴラ
大輪の花を豊かに咲かせた衣亜種は
手に届きやすいステータスシンボルである
黄色のブーケは、定期的に間引いて形を整える
必要があり、それを専業にするトリマーもいる",,ui\00_message\mandragora\mandragora_species_info.gmd,\ui\uGUIEncyclopedia.arc,uGUIEncyclopedia.arc,242,
243,MANDRAGORA_SPECIES_INFO_646,"異国の落葉樹が生えた衣亜種マンドラゴラ
この落葉樹には寒さに弱いことが判明しており
保温性の高い衣亜種での育成は最適である
十分な有機肥料を与えることで、花芽が増え
美しい開花をもたらすことができる",,ui\00_message\mandragora\mandragora_species_info.gmd,\ui\uGUIEncyclopedia.arc,uGUIEncyclopedia.arc,243,
244,MANDRAGORA_SPECIES_INFO_647,"異国の樹花を咲かせた衣亜種マンドラゴラ
衣亜種での樹花育成は容易で、花芽発生後は
バランス良く十分に肥料を与える必要がある
ノーマル種同様ある程度の選定が必要であり
大切な衣の補強材も与え続けることが重要",,ui\00_message\mandragora\mandragora_species_info.gmd,\ui\uGUIEncyclopedia.arc,uGUIEncyclopedia.arc,244,
245,MANDRAGORA_SPECIES_INFO_648,"異国の樹花が満開に咲いた衣亜種マンドラゴラ
ハニー系衣亜種は非常に活発なため
他種より花弁が激しく舞い散る様を観察できる
その姿から発想を得た踊りが、今レスタニアの
踊り子たちの間に広まりつつある",,ui\00_message\mandragora\mandragora_species_info.gmd,\ui\uGUIEncyclopedia.arc,uGUIEncyclopedia.arc,245,
246,MANDRAGORA_SPECIES_INFO_649,"侵食キノコを成した衣亜種マンドラゴラ
黄色い衣類を身に着けたマンドラゴラには
黄の植物しか育たなくなりキノコも例外でない
それはマンドラゴラの強い意志によるものか
衣類の成分によるものかはっきりしていない",,ui\00_message\mandragora\mandragora_species_info.gmd,\ui\uGUIEncyclopedia.arc,uGUIEncyclopedia.arc,246,
247,MANDRAGORA_SPECIES_INFO_650,"侵食キノコを群生させた衣亜種マンドラゴラ
ふさふさと多数のキノコを生やしたその姿は
レスタニアの新たなトレンドヘアになっている
キノコから抽出される黄色素は落ちにくく
近年美容院でも染料として利用され始めている",,ui\00_message\mandragora\mandragora_species_info.gmd,\ui\uGUIEncyclopedia.arc,uGUIEncyclopedia.arc,247,
248,MANDRAGORA_SPECIES_INFO_651,"雨季に咲く植物を生やした衣亜種マンドラゴラ
衣亜種にもマンドレインジアを咲かせることは
できるが、マンドラゴラ自身で色味を勝手に
黄色に調節してしまうため、色変化を
楽しみたい養根家には勧められない",,ui\00_message\mandragora\mandragora_species_info.gmd,\ui\uGUIEncyclopedia.arc,uGUIEncyclopedia.arc,248,
249,MANDRAGORA_SPECIES_INFO_652,"美しい一輪花を咲かせた衣亜種マンドラゴラ
明るい黄色を愛する衣亜種はマンドラローズの
存在を知ると、すぐさま咲かし頭を彩った
彼らは頭部のコントロールを自分で行うため
開花用肥料と衣服の素材を与えておけばよい",,ui\00_message\mandragora\mandragora_species_info.gmd,\ui\uGUIEncyclopedia.arc,uGUIEncyclopedia.arc,249,
250,MANDRAGORA_SPECIES_INFO_653,"希少な植物の花を咲かせた衣亜種マンドラゴラ
黄を愛するマンドラゴラは、自らの頭部を
彩るに相応しい新たな植物を決めきれずにいた
その時、偶然芽吹いた巨大花の、キッチュかつ
革新的なデザインはまさに求めていた物だった",,ui\00_message\mandragora\mandragora_species_info.gmd,\ui\uGUIEncyclopedia.arc,uGUIEncyclopedia.arc,250,
251,MANDRAGORA_SPECIES_INFO_661,"産まれたばかりの衣亜種マンドラゴラ
フレッシュなミントカラーを愛する衣亜種
として新たに発見された種類である
身に着けたミント色の衣は植物の汁で染め
られており、高い防虫効果が注目されている",,ui\00_message\mandragora\mandragora_species_info.gmd,\ui\uGUIEncyclopedia.arc,uGUIEncyclopedia.arc,251,
252,MANDRAGORA_SPECIES_INFO_662,"基本的な成長を遂げた衣亜種マンドラゴラ
緑色の衣は植物の繊維で編まれており
成長と共に拡張が必要になっていく
緑色には強いこだわりがあり、成長過程で
その意志を曲げるようなことはなさそうだ",,ui\00_message\mandragora\mandragora_species_info.gmd,\ui\uGUIEncyclopedia.arc,uGUIEncyclopedia.arc,252,
253,MANDRAGORA_SPECIES_INFO_663,"最も大きく成長した衣亜種マンドラゴラ
発見されている中で最大成長したものがこの種
多くの養根家たちが数多の肥料を試したが
1つとして花が咲くことがなく、ミント系の
衣亜種には花が咲かないという結論に至った",,ui\00_message\mandragora\mandragora_species_info.gmd,\ui\uGUIEncyclopedia.arc,uGUIEncyclopedia.arc,253,
254,MANDRAGORA_SPECIES_INFO_664,"南方の樹木の若木が生えた衣亜種マンドラゴラ
火山地帯の温暖肥料が市場に出回るように
なってから発見された完全なる新種だが
マンドラココナッツ種の育て方との違いは
メローな緑にこだわりがあることのみである",,ui\00_message\mandragora\mandragora_species_info.gmd,\ui\uGUIEncyclopedia.arc,uGUIEncyclopedia.arc,254,
255,MANDRAGORA_SPECIES_INFO_665,"南方の樹木を生やした衣亜種マンドラゴラ
衣亜種マンドラゴラとしては完全な新種であり
その生態は謎に溢れているが、特徴としては
穏やかかつ謙虚な性格を持ち、緑色を愛し
花などの華美な装飾を嫌っていることである",,ui\00_message\mandragora\mandragora_species_info.gmd,\ui\uGUIEncyclopedia.arc,uGUIEncyclopedia.arc,255,
256,MANDRAGORA_SPECIES_INFO_666,"南方の樹木の果実を成した衣亜種マンドラゴラ
緑色への愛は誰よりも強く、美しい緑でない
実は自らもいで捨ててしまう習性がある
衣亜種だからといって必須養分がノーマル種と
大きく異なりはしないが、衣の修繕素材が必要",,ui\00_message\mandragora\mandragora_species_info.gmd,\ui\uGUIEncyclopedia.arc,uGUIEncyclopedia.arc,256,
257,MANDRAGORA_SPECIES_INFO_701,"自作の花冠をつけた青色の成体マンドラゴラ
花亜種は自然回帰思想の強い種であり
過剰な肥料摂取を嫌がるため低燃費である
また、人の手による進化をあまり良しとせず
同種と群れを作りたがる性質がある",,ui\00_message\mandragora\mandragora_species_info.gmd,\ui\uGUIEncyclopedia.arc,uGUIEncyclopedia.arc,257,
258,MANDRAGORA_SPECIES_INFO_702,"自作の花冠をつけた赤色の成体マンドラゴラ
花亜種は自然回帰思想の強い種であり
過剰な肥料摂取を嫌がるため低燃費である
また、この新たな新種は決まった進化法則を
持たず、肥料の好き嫌いで気まぐれに進化する",,ui\00_message\mandragora\mandragora_species_info.gmd,\ui\uGUIEncyclopedia.arc,uGUIEncyclopedia.arc,258,
259,MANDRAGORA_SPECIES_INFO_703,"自作の花冠をつけた黄色の成体マンドラゴラ
花亜種は自然回帰思想の強い種であり
過剰な肥料摂取を嫌がるため低燃費である
この非常に気まぐれな亜種の進化の鍵は未だ
解明されていないが、植物性肥料を好むようだ",,ui\00_message\mandragora\mandragora_species_info.gmd,\ui\uGUIEncyclopedia.arc,uGUIEncyclopedia.arc,259,
260,MANDRAGORA_SPECIES_INFO_704,"自作の花冠をつけた白色の成体マンドラゴラ
花亜種は自然回帰思想の強い種であり
過剰な肥料摂取を嫌がるため低燃費である
花輪は根部に生える苔類を毟って作っており
与えた肥料の色が反映されやすいと言われる",,ui\00_message\mandragora\mandragora_species_info.gmd,\ui\uGUIEncyclopedia.arc,uGUIEncyclopedia.arc,260,
261,MANDRAGORA_SPECIES_INFO_705,"自作の花冠をつけた黒色の成体マンドラゴラ
花亜種は自然回帰思想の強い種であり
過剰な肥料摂取を嫌がるため低燃費である
マンドラゴラに自らの飼育能力はないため
疑似集落を作っていても放置しないように注意",,ui\00_message\mandragora\mandragora_species_info.gmd,\ui\uGUIEncyclopedia.arc,uGUIEncyclopedia.arc,261,
262,MANDRAGORA_SPECIES_INFO_706,"自作の花冠をつけた青色マンドラゴラフラワー
自然回帰思想をより強めた花亜種がこの花を
咲かせると言われているが、科学的根拠は無い
頭部の花の分類はマンドラフラワーと同じだが
マンドラゴラ自身の表現としての意義は大きい",,ui\00_message\mandragora\mandragora_species_info.gmd,\ui\uGUIEncyclopedia.arc,uGUIEncyclopedia.arc,262,
263,MANDRAGORA_SPECIES_INFO_707,"自作の花冠をつけた赤色マンドラゴラフラワー
自然回帰思想をより強めた花亜種がこの花を
咲かせると言われているが、科学的根拠は無い
マンドラゴラが植物性肥料を好むのは自然に
反すとの意見もあるが彼らには関係ないようだ",,ui\00_message\mandragora\mandragora_species_info.gmd,\ui\uGUIEncyclopedia.arc,uGUIEncyclopedia.arc,263,
264,MANDRAGORA_SPECIES_INFO_708,"自作の花冠をつけた黄色マンドラゴラフラワー
自然回帰思想をより強めた花亜種がこの花を
咲かせると言われているが、科学的根拠は無い
植物性肥料を特に好む本種は、肉食を好む
アルビノ種とは非常に相性が悪いので注意",,ui\00_message\mandragora\mandragora_species_info.gmd,\ui\uGUIEncyclopedia.arc,uGUIEncyclopedia.arc,264,
265,MANDRAGORA_SPECIES_INFO_709,"自作の花冠をつけた白色マンドラゴラフラワー
自然回帰思想をより強めた花亜種がこの花を
咲かせると言われているが、科学的根拠は無い
気まぐれではあるが、一度進化時に気に入った
肥料は、一生愛す一途な面も持っている",,ui\00_message\mandragora\mandragora_species_info.gmd,\ui\uGUIEncyclopedia.arc,uGUIEncyclopedia.arc,265,
266,MANDRAGORA_SPECIES_INFO_710,"自作の花冠をつけた黒色マンドラゴラフラワー
自然回帰思想をより強めた花亜種がこの花を
咲かせると言われているが、科学的根拠は無い
花亜種は衣亜種の次に自らの花色にこだわりを
持つと言われ、成長中に色が変わることはない",,ui\00_message\mandragora\mandragora_species_info.gmd,\ui\uGUIEncyclopedia.arc,uGUIEncyclopedia.arc,266,
267,MANDRAGORA_SPECIES_INFO_711,"自作の花冠をつけた青色マンドラブーケ
ブルーム種が健康に成長し、生命力を蓄えて
開花させた姿がブロッサム種である
また、人間や魔物関係なくフレンドリーなため
野性動物などに捕食されないよう注意が必要",,ui\00_message\mandragora\mandragora_species_info.gmd,\ui\uGUIEncyclopedia.arc,uGUIEncyclopedia.arc,267,
268,MANDRAGORA_SPECIES_INFO_712,"自作の花冠をつけた赤色マンドラブーケ
ブルーム種が健康に成長し、生命力を蓄えて
開花させた姿がブロッサム種である
また、人間や魔物関係なくフレンドリーなため
野性動物などに捕食されないよう注意が必要",,ui\00_message\mandragora\mandragora_species_info.gmd,\ui\uGUIEncyclopedia.arc,uGUIEncyclopedia.arc,268,
269,MANDRAGORA_SPECIES_INFO_713,"自作の花冠をつけた黄色マンドラブーケ
ブルーム種が健康に成長し、生命力を蓄えて
開花させた姿がブロッサム種である
また、人間や魔物関係なくフレンドリーなため
野性動物などに捕食されないよう注意が必要",,ui\00_message\mandragora\mandragora_species_info.gmd,\ui\uGUIEncyclopedia.arc,uGUIEncyclopedia.arc,269,
270,MANDRAGORA_SPECIES_INFO_714,"自作の花冠をつけた白色マンドラブーケ
ブルーム種が健康に成長し、生命力を蓄えて
開花させた姿がブロッサム種である
また、人間や魔物関係なくフレンドリーなため
野性動物などに捕食されないよう注意が必要",,ui\00_message\mandragora\mandragora_species_info.gmd,\ui\uGUIEncyclopedia.arc,uGUIEncyclopedia.arc,270,
271,MANDRAGORA_SPECIES_INFO_715,"自作の花冠をつけた黒色マンドラブーケ
ブルーム種が健康に成長し、生命力を蓄えて
開花させた姿がブロッサム種である
また、人間や魔物関係なくフレンドリーなため
野性動物などに捕食されないよう注意が必要",,ui\00_message\mandragora\mandragora_species_info.gmd,\ui\uGUIEncyclopedia.arc,uGUIEncyclopedia.arc,271,
272,MANDRAGORA_SPECIES_INFO_716,"美しい一輪花を咲かせた花亜種マンドラゴラ
本来マンドラローズのような人の手の痕跡を
感じさせる美しさを花亜種は好まない
しかしこの青海原を思わせるような深く濃厚な
香りは、彼らの琴線にも触れたようだ",,ui\00_message\mandragora\mandragora_species_info.gmd,\ui\uGUIEncyclopedia.arc,uGUIEncyclopedia.arc,272,
273,MANDRAGORA_SPECIES_INFO_717,"美しい一輪花を咲かせた花亜種マンドラゴラ
本来マンドラローズのような人の手の痕跡を
感じさせる美しさを花亜種は好まない
しかしこの血を思わせる情熱的で鮮やかな
紅色は、彼らの琴線にも触れたようだ",,ui\00_message\mandragora\mandragora_species_info.gmd,\ui\uGUIEncyclopedia.arc,uGUIEncyclopedia.arc,273,
274,MANDRAGORA_SPECIES_INFO_718,"美しい一輪花を咲かせた花亜種マンドラゴラ
本来マンドラローズのような人の手の痕跡を
感じさせる美しさを花亜種は好まない
しかしこの太陽の様に明るく可憐かつ繊細な
花の形は、彼らの琴線にも触れたようだ",,ui\00_message\mandragora\mandragora_species_info.gmd,\ui\uGUIEncyclopedia.arc,uGUIEncyclopedia.arc,274,
275,MANDRAGORA_SPECIES_INFO_719,"美しい一輪花を咲かせた花亜種マンドラゴラ
本来マンドラローズのような人の手の痕跡を
感じさせる美しさを花亜種は好まない
しかしこの滑らかで優雅かつ、ミルクのような
瑞々しさは、彼らの琴線にも触れたようだ",,ui\00_message\mandragora\mandragora_species_info.gmd,\ui\uGUIEncyclopedia.arc,uGUIEncyclopedia.arc,275,
276,MANDRAGORA_SPECIES_INFO_720,"美しい一輪花を咲かせた花亜種マンドラゴラ
本来マンドラローズのような人の手の痕跡を
感じさせる美しさを花亜種は好まない
しかしこの荒々しくも優しさを拒むかのような
儚さのある棘は、彼らの琴線にも触れたようだ",,ui\00_message\mandragora\mandragora_species_info.gmd,\ui\uGUIEncyclopedia.arc,uGUIEncyclopedia.arc,276,
277,MANDRAGORA_SPECIES_INFO_751,"美しい一輪花を咲かせた巻亜種マンドラゴラ
巻亜種は衣亜種の派生系で、衣を繕い続ける
ことを放棄したものぐさな個体のことである
だが青色や生地の質感には未だこだわりがあり
肥料は衣亜種同様上質な物を与える必要がある",,ui\00_message\mandragora\mandragora_species_info.gmd,\ui\uGUIEncyclopedia.arc,uGUIEncyclopedia.arc,277,
278,MANDRAGORA_SPECIES_INFO_752,"希少な植物の花を咲かせた巻亜種マンドラゴラ
目を惹く新種の花マンドラフレシアの流行に
巻亜種も乗ろうとしたが、強烈な臭いと面倒な
手入れに、ずぼらな彼らはさっさと匙を投げた
人の手で青い花の管理を行ってやる必要がある",,ui\00_message\mandragora\mandragora_species_info.gmd,\ui\uGUIEncyclopedia.arc,uGUIEncyclopedia.arc,278,
279,MANDRAGORA_SPECIES_INFO_755,"美しい一輪花を咲かせた巻亜種マンドラゴラ
巻亜種は衣亜種の派生系で、衣を繕い続ける
ことを放棄したものぐさな個体のことである
だが赤色や生地の質感には未だこだわりがあり
肥料は衣亜種同様上質な物を与える必要がある",,ui\00_message\mandragora\mandragora_species_info.gmd,\ui\uGUIEncyclopedia.arc,uGUIEncyclopedia.arc,279,
280,MANDRAGORA_SPECIES_INFO_756,"希少な植物の花を咲かせた巻亜種マンドラゴラ
目を惹く新種の花マンドラフレシアの流行に
巻亜種も乗ろうとしたが、強烈な臭いと面倒な
手入れに、ずぼらな彼らはさっさと匙を投げた
人の手で赤い花の管理を行ってやる必要がある",,ui\00_message\mandragora\mandragora_species_info.gmd,\ui\uGUIEncyclopedia.arc,uGUIEncyclopedia.arc,280,
281,MANDRAGORA_SPECIES_INFO_761,"美しい一輪花を咲かせた巻亜種マンドラゴラ
巻亜種は衣亜種の派生系で、衣を繕い続ける
ことを放棄したものぐさな個体のことである
だが黄色や生地の質感には未だこだわりがあり
肥料は衣亜種同様上質な物を与える必要がある",,ui\00_message\mandragora\mandragora_species_info.gmd,\ui\uGUIEncyclopedia.arc,uGUIEncyclopedia.arc,281,
282,MANDRAGORA_SPECIES_INFO_762,"希少な植物の花を咲かせた巻亜種マンドラゴラ
目を惹く新種の花マンドラフレシアの流行に
巻亜種も乗ろうとしたが、強烈な臭いと面倒な
手入れに、ずぼらな彼らはさっさと匙を投げた
人の手で花の管理を行ってやる必要がある",,ui\00_message\mandragora\mandragora_species_info.gmd,\ui\uGUIEncyclopedia.arc,uGUIEncyclopedia.arc,282,
283,MANDRAGORA_SPECIES_INFO_765,"美しい一輪花を咲かせた巻亜種マンドラゴラ
巻亜種は衣亜種の派生系で、衣を繕い続ける
ことを放棄したものぐさな個体のことである
だが白色や生地の質感には未だこだわりがあり
肥料は衣亜種同様上質な物を与える必要がある",,ui\00_message\mandragora\mandragora_species_info.gmd,\ui\uGUIEncyclopedia.arc,uGUIEncyclopedia.arc,283,
284,MANDRAGORA_SPECIES_INFO_766,"希少な植物の花を咲かせた巻亜種マンドラゴラ
白いマンドラフレシアが咲くのは、チリ種と
本種のみのため非常に貴重だが
なぜこの種なのか原因は判明していない
養根家による早急なサンプルの収集が待たれる",,ui\00_message\mandragora\mandragora_species_info.gmd,\ui\uGUIEncyclopedia.arc,uGUIEncyclopedia.arc,284,
285,MANDRAGORA_SPECIES_INFO_771,"美しい一輪花を咲かせた巻亜種マンドラゴラ
巻亜種は衣亜種の派生系で、衣を繕い続ける
ことを放棄したものぐさな個体のことである
だが黒色や生地の質感には未だこだわりがあり
肥料は衣亜種同様上質な物を与える必要がある",,ui\00_message\mandragora\mandragora_species_info.gmd,\ui\uGUIEncyclopedia.arc,uGUIEncyclopedia.arc,285,
286,MANDRAGORA_SPECIES_INFO_772,"希少な植物の花を咲かせた巻亜種マンドラゴラ
黒いマンドラフレシアが咲くのは、チャコ種と
本種のみのため非常に貴重だが、なぜこの種
なのか原因は判明していない
養根家による早急なサンプルの収集が待たれる",,ui\00_message\mandragora\mandragora_species_info.gmd,\ui\uGUIEncyclopedia.arc,uGUIEncyclopedia.arc,286,
287,MANDRAGORA_SPECIES_INFO_801,"青い一つ目鎧を纏ったマンドラフラワー
サイクロプスを思わせるような一つ目の鎧を
纏う姿から鎧亜種が源流だと考えられている
鎧は金属質で堅く、成分を調べると魔物の牙や
爪など硬質部位も混ざっていることが分かった",,ui\00_message\mandragora\mandragora_species_info.gmd,\ui\uGUIEncyclopedia.arc,uGUIEncyclopedia.arc,287,
288,MANDRAGORA_SPECIES_INFO_802,"赤い一つ目鎧を纏ったマンドラフラワー
サイクロプスを思わせるような一つ目の鎧を
纏う姿から鎧亜種が源流だと考えられている
鎧は金属質で堅く、成分を調べると魔物の牙や
爪など硬質部位も混ざっていることが分かった",,ui\00_message\mandragora\mandragora_species_info.gmd,\ui\uGUIEncyclopedia.arc,uGUIEncyclopedia.arc,288,
289,MANDRAGORA_SPECIES_INFO_803,"黄色い一つ目鎧を纏ったマンドラフラワー
サイクロプスを思わせるような一つ目の鎧を
纏う姿から鎧亜種が源流だと考えられている
鎧は金属質で堅く、成分を調べると魔物の牙や
爪など硬質部位も混ざっていることが分かった",,ui\00_message\mandragora\mandragora_species_info.gmd,\ui\uGUIEncyclopedia.arc,uGUIEncyclopedia.arc,289,
290,MANDRAGORA_SPECIES_INFO_804,"白い一つ目鎧を纏ったマンドラフラワー
サイクロプスを思わせるような一つ目の鎧を
纏う姿から鎧亜種が源流だと考えられている
鎧は金属質で堅く、成分を調べると魔物の牙や
爪など硬質部位も混ざっていることが分かった",,ui\00_message\mandragora\mandragora_species_info.gmd,\ui\uGUIEncyclopedia.arc,uGUIEncyclopedia.arc,290,
291,MANDRAGORA_SPECIES_INFO_805,"黒い一つ目鎧を纏ったマンドラフラワー
サイクロプスを思わせるような一つ目の鎧を
纏う姿から鎧亜種が源流だと考えられている
鎧は金属質で堅く、成分を調べると魔物の牙や
爪など硬質部位も混ざっていることが分かった",,ui\00_message\mandragora\mandragora_species_info.gmd,\ui\uGUIEncyclopedia.arc,uGUIEncyclopedia.arc,291,
292,MANDRAGORA_SPECIES_INFO_806,"青い一つ目鎧を纏ったマンドラブーケ
鎧は見た目が優先なのか非常に視界が狭く
ぶつかったり危険な目に遭いやすい種類である
しかし、魔物の硬質部位を使って半永久的に
強化され続ける鎧により、体は傷つきにくい",,ui\00_message\mandragora\mandragora_species_info.gmd,\ui\uGUIEncyclopedia.arc,uGUIEncyclopedia.arc,292,
293,MANDRAGORA_SPECIES_INFO_807,"赤い一つ目鎧を纏ったマンドラブーケ
鎧は見た目が優先なのか非常に視界が狭く
ぶつかったり危険な目に遭いやすい種類である
しかし、魔物の硬質部位を使って半永久的に
強化され続ける鎧により、体は傷つきにくい",,ui\00_message\mandragora\mandragora_species_info.gmd,\ui\uGUIEncyclopedia.arc,uGUIEncyclopedia.arc,293,
294,MANDRAGORA_SPECIES_INFO_808,"黄色い一つ目鎧を纏ったマンドラブーケ
鎧は見た目が優先なのか非常に視界が狭く
ぶつかったり危険な目に遭いやすい種類である
しかし、魔物の硬質部位を使って半永久的に
強化され続ける鎧により、体は傷つきにくい",,ui\00_message\mandragora\mandragora_species_info.gmd,\ui\uGUIEncyclopedia.arc,uGUIEncyclopedia.arc,294,
295,MANDRAGORA_SPECIES_INFO_809,"白い一つ目鎧を纏ったマンドラブーケ
鎧は見た目が優先なのか非常に視界が狭く
ぶつかったり危険な目に遭いやすい種類である
しかし、魔物の硬質部位を使って半永久的に
強化され続ける鎧により、体は傷つきにくい",,ui\00_message\mandragora\mandragora_species_info.gmd,\ui\uGUIEncyclopedia.arc,uGUIEncyclopedia.arc,295,
296,MANDRAGORA_SPECIES_INFO_810,"黒い一つ目鎧を纏ったマンドラブーケ
鎧は見た目が優先なのか非常に視界が狭く
ぶつかったり危険な目に遭いやすい種類である
しかし、魔物の硬質部位を使って半永久的に
強化され続ける鎧により、体は傷つきにくい",,ui\00_message\mandragora\mandragora_species_info.gmd,\ui\uGUIEncyclopedia.arc,uGUIEncyclopedia.arc,296,
297,MANDRAGORA_SPECIES_INFO_851,"固有種の花を咲かせた鉢亜種マンドラゴラ
鉢亜種は憶病で、物に隠れる性質があり
人間にも懐きにくいと一般的に言われている
鉢亜種は自分の頭部を確認できないが、本能的
になのか、青い鉢には青い花が咲くことが多い",,ui\00_message\mandragora\mandragora_species_info.gmd,\ui\uGUIEncyclopedia.arc,uGUIEncyclopedia.arc,297,
298,MANDRAGORA_SPECIES_INFO_852,"固有種の花を咲かせた鉢亜種マンドラゴラ
鉢亜種は憶病で、物に隠れる性質があり
人間にも懐きにくいと一般的に言われている
鉢亜種は自分の頭部を確認できないが、本能的
になのか、赤い鉢には赤い花が咲くことが多い",,ui\00_message\mandragora\mandragora_species_info.gmd,\ui\uGUIEncyclopedia.arc,uGUIEncyclopedia.arc,298,
299,MANDRAGORA_SPECIES_INFO_853,"固有種の花を咲かせた鉢亜種マンドラゴラ
鉢亜種は憶病で、物に隠れる性質があり
人間にも懐きにくいと一般的に言われている
鉢亜種は自分の頭部を確認できないが、本能的
になのか、黄の鉢には黄の花が咲くことが多い",,ui\00_message\mandragora\mandragora_species_info.gmd,\ui\uGUIEncyclopedia.arc,uGUIEncyclopedia.arc,299,
300,MANDRAGORA_SPECIES_INFO_854,"固有種の花を咲かせた鉢亜種マンドラゴラ
鉢亜種は憶病で、物に隠れる性質があり
人間にも懐きにくいと一般的に言われている
鉢亜種は自分の頭部を確認できないが、本能的
になのか、白い鉢には白い花が咲くことが多い",,ui\00_message\mandragora\mandragora_species_info.gmd,\ui\uGUIEncyclopedia.arc,uGUIEncyclopedia.arc,300,
301,MANDRAGORA_SPECIES_INFO_855,"固有種の花を咲かせた鉢亜種マンドラゴラ
鉢亜種は憶病で、物に隠れる性質があり
人間にも懐きにくいと一般的に言われている
鉢亜種は自分の頭部を確認できないが、本能的
になのか、黒い鉢には黒い花が咲くことが多い",,ui\00_message\mandragora\mandragora_species_info.gmd,\ui\uGUIEncyclopedia.arc,uGUIEncyclopedia.arc,301,
302,MANDRAGORA_SPECIES_INFO_856,"固有種の花を群生させた鉢亜種マンドラゴラ
マンドラブーケは隠れるためできるだけ動かず
成長するため、非常に低燃費な種である
そのため、鉢拡張のための土と、最低限の
開花肥料さえあれば大輪の青い花を咲かせる",,ui\00_message\mandragora\mandragora_species_info.gmd,\ui\uGUIEncyclopedia.arc,uGUIEncyclopedia.arc,302,
303,MANDRAGORA_SPECIES_INFO_857,"固有種の花を群生させた鉢亜種マンドラゴラ
マンドラブーケは隠れるためできるだけ動かず
成長するため、非常に低燃費な種である
そのため、鉢拡張のための土と、最低限の
開花肥料さえあれば大輪の赤い花を咲かせる",,ui\00_message\mandragora\mandragora_species_info.gmd,\ui\uGUIEncyclopedia.arc,uGUIEncyclopedia.arc,303,
304,MANDRAGORA_SPECIES_INFO_858,"固有種の花を群生させた鉢亜種マンドラゴラ
マンドラブーケは隠れるためできるだけ動かず
成長するため、非常に低燃費な種である
そのため、鉢拡張のための土と、最低限の
開花肥料さえあれば大輪の黄色い花を咲かせる",,ui\00_message\mandragora\mandragora_species_info.gmd,\ui\uGUIEncyclopedia.arc,uGUIEncyclopedia.arc,304,
305,MANDRAGORA_SPECIES_INFO_859,"固有種の花を群生させた鉢亜種マンドラゴラ
マンドラブーケは隠れるためできるだけ動かず
成長するため、非常に低燃費な種である
そのため、鉢拡張のための土と、最低限の
開花肥料さえあれば大輪の白い花を咲かせる",,ui\00_message\mandragora\mandragora_species_info.gmd,\ui\uGUIEncyclopedia.arc,uGUIEncyclopedia.arc,305,
306,MANDRAGORA_SPECIES_INFO_860,"固有種の花を群生させた鉢亜種マンドラゴラ
マンドラブーケは隠れるためできるだけ動かず
成長するため、非常に低燃費な種である
そのため、鉢拡張のための土と、最低限の
開花肥料さえあれば大輪の黒い花を咲かせる",,ui\00_message\mandragora\mandragora_species_info.gmd,\ui\uGUIEncyclopedia.arc,uGUIEncyclopedia.arc,306,
307,MANDRAGORA_SPECIES_INFO_861,"美しい一輪花を咲かせた鉢亜種マンドラゴラ
鉢亜種の生態では、マンドラローズのように
目立つ植物を生やすことはストレスとなるが
鉢が視界を遮ることでその事実には気付かない
非常に扱いやすく育てやすい亜種である",,ui\00_message\mandragora\mandragora_species_info.gmd,\ui\uGUIEncyclopedia.arc,uGUIEncyclopedia.arc,307,
308,MANDRAGORA_SPECIES_INFO_862,"美しい一輪花を咲かせた鉢亜種マンドラゴラ
鉢亜種は根が土に埋まった状態と近しい状態で
植物を育てられるため、育成環境が非常に良い
さらに頭部植物の収穫に際して抵抗がないため
商業栽培にも適しており注目されている",,ui\00_message\mandragora\mandragora_species_info.gmd,\ui\uGUIEncyclopedia.arc,uGUIEncyclopedia.arc,308,
309,MANDRAGORA_SPECIES_INFO_863,"美しい一輪花を咲かせた鉢亜種マンドラゴラ
鉢亜種は性質上日陰に隠れやすいため
日光に当たりやすいよう気を付ける必要がある
特にマンドラローズの場合、日照不足が
蕾数の減少や発育不良に繋がることも",,ui\00_message\mandragora\mandragora_species_info.gmd,\ui\uGUIEncyclopedia.arc,uGUIEncyclopedia.arc,309,
310,MANDRAGORA_SPECIES_INFO_864,"美しい一輪花を咲かせた鉢亜種マンドラゴラ
白い色は自然の中では目立つ色であり
あえて白を選ぶ鉢亜種は少し風変わりな性格を
持っていると考えられるが、栽培下では個性の
１つとして受け入れられるのが幸いである",,ui\00_message\mandragora\mandragora_species_info.gmd,\ui\uGUIEncyclopedia.arc,uGUIEncyclopedia.arc,310,
311,MANDRAGORA_SPECIES_INFO_865,"美しい一輪花を咲かせた鉢亜種マンドラゴラ
黒い色は暗闇に最も溶け込む色であり
この個体は特に憶病で扱いには苦労するだろう
性格変化は与える鉢土が要因だと考えられ
重い土質か、軽い土質かで分岐するらしい",,ui\00_message\mandragora\mandragora_species_info.gmd,\ui\uGUIEncyclopedia.arc,uGUIEncyclopedia.arc,311,
312,MANDRAGORA_SPECIES_INFO_990,"季節限定のコスチュームマンドラゴラ
防護・偽装のため周囲の物を纏う習性があり
周囲に溢れる装飾用パンプキンに擬態している
この時期に蔓延する異様な熱気と興奮から
身を守ろうとしたのかもしれない",,ui\00_message\mandragora\mandragora_species_info.gmd,\ui\uGUIEncyclopedia.arc,uGUIEncyclopedia.arc,312,
313,MANDRAGORA_SPECIES_INFO_991,"季節限定のコスチュームマンドラゴラ
"ハロウィン"というイベントについて
ポーンから断片的に情報を得たマンドラゴラは
密かに集めていた布きれを使い衣装を仕立て
覚者の驚く顔を想い、胸を弾ませていた",,ui\00_message\mandragora\mandragora_species_info.gmd,\ui\uGUIEncyclopedia.arc,uGUIEncyclopedia.arc,313,
314,MANDRAGORA_SPECIES_INFO_992,"トナカイの扮装をしたマンドラゴラ
ポーンが読み聞かせをしてくれる絵本により
トナカイの存在を知ったマンドラゴラは
絵本に登場する赤い鼻のトナカイの扮装をして
ポーンや覚者を驚かせようと楽しみにしている",,ui\00_message\mandragora\mandragora_species_info.gmd,\ui\uGUIEncyclopedia.arc,uGUIEncyclopedia.arc,314,
315,MANDRAGORA_SPECIES_INFO_993,"サンタクロースの扮装をしたマンドラゴラ
覚者が眠っている枕元にプレゼントが置かれて
いたら、このマンドラゴラの仕業かもしれない
あまり夜中まで起きていられないので
プレゼントに埋もれて眠りこんでしまうことも",,ui\00_message\mandragora\mandragora_species_info.gmd,\ui\uGUIEncyclopedia.arc,uGUIEncyclopedia.arc,315,
316,MANDRAGORA_SPECIES_INFO_994,"白い布を被りおばけになりきったマンドラゴラ
うさぎのような長い耳がチャームポイントで
実は人一倍、驚きやすく怖がりな性格なのだ
ある覚者が発見したところ、多くの養根家から
支持を受け、ついには新種に認定された",,ui\00_message\mandragora\mandragora_species_info.gmd,\ui\uGUIEncyclopedia.arc,uGUIEncyclopedia.arc,316,
317,MANDRAGORA_SPECIES_INFO_995,"モスの様に発光する美しいマンドラゴラ
モス由来の肥料を与えることで進化するが
フィンダム自然下には存在しない謎多き種
ある覚者が発見したところ、多くの養根家から
支持を受け、ついには新種に認定された",,ui\00_message\mandragora\mandragora_species_info.gmd,\ui\uGUIEncyclopedia.arc,uGUIEncyclopedia.arc,317,
318,MANDRAGORA_SPECIES_INFO_996,"王の威厳が溢れるユニークなマンドラゴラ
見た目以上に、仲間のマンドラゴラに対し
思いやり深くお茶目な性格が魅力的な種
ある覚者が発見したところ、多くの養根家から
支持を受け、ついには新種に認定された",,ui\00_message\mandragora\mandragora_species_info.gmd,\ui\uGUIEncyclopedia.arc,uGUIEncyclopedia.arc,318,
319,MANDRAGORA_SPECIES_INFO_997,"夏にのみ見られる浮かれた姿のマンドラゴラ
夏の遊びの話を聞きつけた彼らは、真似をして
自室のお風呂で夏気分を楽しんでいる
いつか自分も自室を飛び出し、ブリアビーチを
満喫するという夢を抱いているようだ",,ui\00_message\mandragora\mandragora_species_info.gmd,\ui\uGUIEncyclopedia.arc,uGUIEncyclopedia.arc,319,
320,MANDRAGORA_SPECIES_INFO_998,"夏のおまつり気分を満喫するマンドラゴラ
東方の"夏祭り"の話をどこからか聞きつけた
彼らは子供が付けるという"お面"を作ったが
ポーンや覚者が褒めてくれるのが嬉しくて
夏の間中付けたまま過ごしてしまいそうだ",,ui\00_message\mandragora\mandragora_species_info.gmd,\ui\uGUIEncyclopedia.arc,uGUIEncyclopedia.arc,320,
