"old",""
"あなたが噂の覚者様ですね
話は聞いております――（仮）","You must be the renowned Arisen, I've heard stories about you"
"この先はとても危険な場所です
武具はある程度揃えてからが良いでしょう――（仮）","This area ahead is very dangerous. It's best to have your equipment at a decent level before proceeding."
"どうやら英霊が力を貸して、
深層に続く道を切り拓いてくれたようです――（仮）","It seems that the spirits of the dead have helped pave the way to the depths--"
"深層に進む際はご注意ください
より強力な魔物が潜んでいるかもしれません――（仮）","Please be careful when delving deeper. There may be more powerful enemies lurking."
"この先は１人で進むにはとても危険です――（仮）","It is very dangerous to go on alone ahead."
"他の仲間が来るまで少々お待ちください――（仮）","Please wait a moment until the rest of the group arrives."
