0,,バランジェネジークロス,Balangingi Clothes,ui\00_message\common\item_name.gmd,\ui\gui_cmn.arc,gui_cmn.arc,13626
0,,バランジェネジークロス,Balangingi Clothes,ui\00_message\common\item_name.gmd,\ui\gui_cmn.arc,gui_cmn.arc,13627
0,,プリママテリアローブ,Prima Materia Robe,ui\00_message\common\item_name.gmd,\ui\gui_cmn.arc,gui_cmn.arc,13628
0,,プリママテリアローブ,Prima Materia Robe,ui\00_message\common\item_name.gmd,\ui\gui_cmn.arc,gui_cmn.arc,13629
0,,プリママテリアローブ,Prima Materia Robe,ui\00_message\common\item_name.gmd,\ui\gui_cmn.arc,gui_cmn.arc,13630
0,,プリママテリアローブ,Prima Materia Robe,ui\00_message\common\item_name.gmd,\ui\gui_cmn.arc,gui_cmn.arc,13631
0,,プリママテリアローブ,Prima Materia Robe,ui\00_message\common\item_name.gmd,\ui\gui_cmn.arc,gui_cmn.arc,13632
0,,誓約のコート,Coat of the Covenant,ui\00_message\common\item_name.gmd,\ui\gui_cmn.arc,gui_cmn.arc,13633
0,,誓約のコート,Coat of the Covenant,ui\00_message\common\item_name.gmd,\ui\gui_cmn.arc,gui_cmn.arc,13634
0,,誓約のコート,Coat of the Covenant,ui\00_message\common\item_name.gmd,\ui\gui_cmn.arc,gui_cmn.arc,13635
0,,誓約のコート,Coat of the Covenant,ui\00_message\common\item_name.gmd,\ui\gui_cmn.arc,gui_cmn.arc,13636
0,,誓約のコート,Coat of the Covenant,ui\00_message\common\item_name.gmd,\ui\gui_cmn.arc,gui_cmn.arc,13637
0,,ヘヴンリーコート,Heavenly Coat,ui\00_message\common\item_name.gmd,\ui\gui_cmn.arc,gui_cmn.arc,13638
0,,ヘヴンリーコート,Heavenly Coat,ui\00_message\common\item_name.gmd,\ui\gui_cmn.arc,gui_cmn.arc,13639
0,,ヘヴンリーコート,Heavenly Coat,ui\00_message\common\item_name.gmd,\ui\gui_cmn.arc,gui_cmn.arc,13640
0,,ヘヴンリーコート,Heavenly Coat,ui\00_message\common\item_name.gmd,\ui\gui_cmn.arc,gui_cmn.arc,13641
0,,ヘヴンリーコート,Heavenly Coat,ui\00_message\common\item_name.gmd,\ui\gui_cmn.arc,gui_cmn.arc,13642
0,,レイダースベスト,Raider's Vest,ui\00_message\common\item_name.gmd,\ui\gui_cmn.arc,gui_cmn.arc,13643
0,,レイダースベスト,Raider's Vest,ui\00_message\common\item_name.gmd,\ui\gui_cmn.arc,gui_cmn.arc,13644
0,,レイダースベスト,Raider's Vest,ui\00_message\common\item_name.gmd,\ui\gui_cmn.arc,gui_cmn.arc,13645
0,,レイダースベスト,Raider's Vest,ui\00_message\common\item_name.gmd,\ui\gui_cmn.arc,gui_cmn.arc,13646
0,,レイダースベスト,Raider's Vest,ui\00_message\common\item_name.gmd,\ui\gui_cmn.arc,gui_cmn.arc,13647
0,,フレアプレート,Freya Plate,ui\00_message\common\item_name.gmd,\ui\gui_cmn.arc,gui_cmn.arc,13648
0,,フレアプレート,Freya Plate,ui\00_message\common\item_name.gmd,\ui\gui_cmn.arc,gui_cmn.arc,13649
0,,フレアプレート,Freya Plate,ui\00_message\common\item_name.gmd,\ui\gui_cmn.arc,gui_cmn.arc,13650
0,,フレアプレート,Freya Plate,ui\00_message\common\item_name.gmd,\ui\gui_cmn.arc,gui_cmn.arc,13651
0,,フレアプレート,Freya Plate,ui\00_message\common\item_name.gmd,\ui\gui_cmn.arc,gui_cmn.arc,13652
0,,パワートレイサー,Power Tracer,ui\00_message\common\item_name.gmd,\ui\gui_cmn.arc,gui_cmn.arc,13653
0,,パワートレイサー,Power Tracer,ui\00_message\common\item_name.gmd,\ui\gui_cmn.arc,gui_cmn.arc,13654
0,,パワートレイサー,Power Tracer,ui\00_message\common\item_name.gmd,\ui\gui_cmn.arc,gui_cmn.arc,13655
0,,パワートレイサー,Power Tracer,ui\00_message\common\item_name.gmd,\ui\gui_cmn.arc,gui_cmn.arc,13656
0,,パワートレイサー,Power Tracer,ui\00_message\common\item_name.gmd,\ui\gui_cmn.arc,gui_cmn.arc,13657
0,,情熱のパレオ,Passion Pareo,ui\00_message\common\item_name.gmd,\ui\gui_cmn.arc,gui_cmn.arc,13658
0,,情熱のパレオ,Passion Pareo,ui\00_message\common\item_name.gmd,\ui\gui_cmn.arc,gui_cmn.arc,13659
0,,情熱のパレオ,Passion Pareo,ui\00_message\common\item_name.gmd,\ui\gui_cmn.arc,gui_cmn.arc,13660
0,,情熱のパレオ,Passion Pareo,ui\00_message\common\item_name.gmd,\ui\gui_cmn.arc,gui_cmn.arc,13661
0,,情熱のパレオ,Passion Pareo,ui\00_message\common\item_name.gmd,\ui\gui_cmn.arc,gui_cmn.arc,13662
0,,ジェネラルベスト,General's Vest,ui\00_message\common\item_name.gmd,\ui\gui_cmn.arc,gui_cmn.arc,13663
0,,ジェネラルベスト,General's Vest,ui\00_message\common\item_name.gmd,\ui\gui_cmn.arc,gui_cmn.arc,13664
0,,ジェネラルベスト,General's Vest,ui\00_message\common\item_name.gmd,\ui\gui_cmn.arc,gui_cmn.arc,13665
0,,ジェネラルベスト,General's Vest,ui\00_message\common\item_name.gmd,\ui\gui_cmn.arc,gui_cmn.arc,13666
0,,ジェネラルベスト,General's Vest,ui\00_message\common\item_name.gmd,\ui\gui_cmn.arc,gui_cmn.arc,13667
0,,レッドグリフスキン,Red Griffin Skin,ui\00_message\common\item_name.gmd,\ui\gui_cmn.arc,gui_cmn.arc,13668
0,,レッドグリフスキン,Red Griffin Skin,ui\00_message\common\item_name.gmd,\ui\gui_cmn.arc,gui_cmn.arc,13669
0,,レッドグリフスキン,Red Griffin Skin,ui\00_message\common\item_name.gmd,\ui\gui_cmn.arc,gui_cmn.arc,13670
0,,レッドグリフスキン,Red Griffin Skin,ui\00_message\common\item_name.gmd,\ui\gui_cmn.arc,gui_cmn.arc,13671
0,,レッドグリフスキン,Red Griffin Skin,ui\00_message\common\item_name.gmd,\ui\gui_cmn.arc,gui_cmn.arc,13672
0,,白銀のシルクパレオ,Silver Silk Pareo,ui\00_message\common\item_name.gmd,\ui\gui_cmn.arc,gui_cmn.arc,13673
0,,白銀のシルクパレオ,Silver Silk Pareo,ui\00_message\common\item_name.gmd,\ui\gui_cmn.arc,gui_cmn.arc,13674
0,,白銀のシルクパレオ,Silver Silk Pareo,ui\00_message\common\item_name.gmd,\ui\gui_cmn.arc,gui_cmn.arc,13675
0,,白銀のシルクパレオ,Silver Silk Pareo,ui\00_message\common\item_name.gmd,\ui\gui_cmn.arc,gui_cmn.arc,13676
0,,白銀のシルクパレオ,Silver Silk Pareo,ui\00_message\common\item_name.gmd,\ui\gui_cmn.arc,gui_cmn.arc,13677
0,,ダイアプルーム,Dire Plume,ui\00_message\common\item_name.gmd,\ui\gui_cmn.arc,gui_cmn.arc,13678
0,,ダイアプルーム,Dire Plume,ui\00_message\common\item_name.gmd,\ui\gui_cmn.arc,gui_cmn.arc,13679
0,,ダイアプルーム,Dire Plume,ui\00_message\common\item_name.gmd,\ui\gui_cmn.arc,gui_cmn.arc,13680
0,,ダイアプルーム,Dire Plume,ui\00_message\common\item_name.gmd,\ui\gui_cmn.arc,gui_cmn.arc,13681
0,,ダイアプルーム,Dire Plume,ui\00_message\common\item_name.gmd,\ui\gui_cmn.arc,gui_cmn.arc,13682
0,,衣装：クラウス,Outfit: Klaus,ui\00_message\common\item_name.gmd,\ui\gui_cmn.arc,gui_cmn.arc,13683
0,,衣装：ジョセフ,Outfit: Joseph,ui\00_message\common\item_name.gmd,\ui\gui_cmn.arc,gui_cmn.arc,13684
0,,衣装：イリス,Outfit: Iris,ui\00_message\common\item_name.gmd,\ui\gui_cmn.arc,gui_cmn.arc,13685
0,,衣装：イリス-フード付ON,Outfit: Iris (Hood ON),ui\00_message\common\item_name.gmd,\ui\gui_cmn.arc,gui_cmn.arc,13686
0,,衣装：ディアマンテス,Outfit: Diamantes,ui\00_message\common\item_name.gmd,\ui\gui_cmn.arc,gui_cmn.arc,13687
0,,衣装：ヴァネッサ,Outfit: Vanessa,ui\00_message\common\item_name.gmd,\ui\gui_cmn.arc,gui_cmn.arc,13688
0,,衣装：メイリーフ,Outfit: Mayleaf,ui\00_message\common\item_name.gmd,\ui\gui_cmn.arc,gui_cmn.arc,13689
0,,衣装：キースヒルトON,Outfit: Kieshildt (ON),ui\00_message\common\item_name.gmd,\ui\gui_cmn.arc,gui_cmn.arc,13690
0,,衣装：ミシアル,Outfit: Mysial,ui\00_message\common\item_name.gmd,\ui\gui_cmn.arc,gui_cmn.arc,13691
0,,ハイカーベスト,Hiker's Vest,ui\00_message\common\item_name.gmd,\ui\gui_cmn.arc,gui_cmn.arc,13692
0,,ハイカーベスト,Hiker's Vest,ui\00_message\common\item_name.gmd,\ui\gui_cmn.arc,gui_cmn.arc,13693
0,,ハイカーベスト,Hiker's Vest,ui\00_message\common\item_name.gmd,\ui\gui_cmn.arc,gui_cmn.arc,13694
0,,ハイカーベスト,Hiker's Vest,ui\00_message\common\item_name.gmd,\ui\gui_cmn.arc,gui_cmn.arc,13695
0,,ハイカーベスト,Hiker's Vest,ui\00_message\common\item_name.gmd,\ui\gui_cmn.arc,gui_cmn.arc,13696
0,,スケイルコート,Scale Coat,ui\00_message\common\item_name.gmd,\ui\gui_cmn.arc,gui_cmn.arc,13697
0,,スケイルコート,Scale Coat,ui\00_message\common\item_name.gmd,\ui\gui_cmn.arc,gui_cmn.arc,13698
0,,スケイルコート,Scale Coat,ui\00_message\common\item_name.gmd,\ui\gui_cmn.arc,gui_cmn.arc,13699
0,,スケイルコート,Scale Coat,ui\00_message\common\item_name.gmd,\ui\gui_cmn.arc,gui_cmn.arc,13700
0,,スケイルコート,Scale Coat,ui\00_message\common\item_name.gmd,\ui\gui_cmn.arc,gui_cmn.arc,13701
0,,ハーフキュイラス,Half Cuirass,ui\00_message\common\item_name.gmd,\ui\gui_cmn.arc,gui_cmn.arc,13702
0,,ハーフキュイラス,Half Cuirass,ui\00_message\common\item_name.gmd,\ui\gui_cmn.arc,gui_cmn.arc,13703
0,,ハーフキュイラス,Half Cuirass,ui\00_message\common\item_name.gmd,\ui\gui_cmn.arc,gui_cmn.arc,13704
0,,ハーフキュイラス,Half Cuirass,ui\00_message\common\item_name.gmd,\ui\gui_cmn.arc,gui_cmn.arc,13705
0,,ハーフキュイラス,Half Cuirass,ui\00_message\common\item_name.gmd,\ui\gui_cmn.arc,gui_cmn.arc,13706
0,,カッパーメイル,Copper Mail,ui\00_message\common\item_name.gmd,\ui\gui_cmn.arc,gui_cmn.arc,13707
0,,カッパーメイル,Copper Mail,ui\00_message\common\item_name.gmd,\ui\gui_cmn.arc,gui_cmn.arc,13708
0,,カッパーメイル,Copper Mail,ui\00_message\common\item_name.gmd,\ui\gui_cmn.arc,gui_cmn.arc,13709
0,,カッパーメイル,Copper Mail,ui\00_message\common\item_name.gmd,\ui\gui_cmn.arc,gui_cmn.arc,13710
0,,カッパーメイル,Copper Mail,ui\00_message\common\item_name.gmd,\ui\gui_cmn.arc,gui_cmn.arc,13711
0,,グレイスフルコート,Graceful Coat,ui\00_message\common\item_name.gmd,\ui\gui_cmn.arc,gui_cmn.arc,13712
0,,グレイスフルコート,Graceful Coat,ui\00_message\common\item_name.gmd,\ui\gui_cmn.arc,gui_cmn.arc,13713
0,,グレイスフルコート,Graceful Coat,ui\00_message\common\item_name.gmd,\ui\gui_cmn.arc,gui_cmn.arc,13714
0,,グレイスフルコート,Graceful Coat,ui\00_message\common\item_name.gmd,\ui\gui_cmn.arc,gui_cmn.arc,13715
0,,グレイスフルコート,Graceful Coat,ui\00_message\common\item_name.gmd,\ui\gui_cmn.arc,gui_cmn.arc,13716
0,,呪われし獣王のベルト,Cursed Beast King's Belt,ui\00_message\common\item_name.gmd,\ui\gui_cmn.arc,gui_cmn.arc,13717
0,,呪われし獣王のベルト,Cursed Beast King's Belt,ui\00_message\common\item_name.gmd,\ui\gui_cmn.arc,gui_cmn.arc,13718
0,,呪われし獣王のベルト,Cursed Beast King's Belt,ui\00_message\common\item_name.gmd,\ui\gui_cmn.arc,gui_cmn.arc,13719
0,,呪われし獣王のベルト,Cursed Beast King's Belt,ui\00_message\common\item_name.gmd,\ui\gui_cmn.arc,gui_cmn.arc,13720
0,,呪われし獣王のベルト,Cursed Beast King's Belt,ui\00_message\common\item_name.gmd,\ui\gui_cmn.arc,gui_cmn.arc,13721
0,,ミショナリーローブ,Missionary's Robe,ui\00_message\common\item_name.gmd,\ui\gui_cmn.arc,gui_cmn.arc,13722
0,,ミショナリーローブ,Missionary's Robe,ui\00_message\common\item_name.gmd,\ui\gui_cmn.arc,gui_cmn.arc,13723
0,,ミショナリーローブ,Missionary's Robe,ui\00_message\common\item_name.gmd,\ui\gui_cmn.arc,gui_cmn.arc,13724
0,,ミショナリーローブ,Missionary's Robe,ui\00_message\common\item_name.gmd,\ui\gui_cmn.arc,gui_cmn.arc,13725
0,,ミショナリーローブ,Missionary's Robe,ui\00_message\common\item_name.gmd,\ui\gui_cmn.arc,gui_cmn.arc,13726
0,,マジシャンコート,Magician's Coat,ui\00_message\common\item_name.gmd,\ui\gui_cmn.arc,gui_cmn.arc,13727
0,,マジシャンコート,Magician's Coat,ui\00_message\common\item_name.gmd,\ui\gui_cmn.arc,gui_cmn.arc,13728
0,,マジシャンコート,Magician's Coat,ui\00_message\common\item_name.gmd,\ui\gui_cmn.arc,gui_cmn.arc,13729
0,,マジシャンコート,Magician's Coat,ui\00_message\common\item_name.gmd,\ui\gui_cmn.arc,gui_cmn.arc,13730
0,,マジシャンコート,Magician's Coat,ui\00_message\common\item_name.gmd,\ui\gui_cmn.arc,gui_cmn.arc,13731
0,,ワンダーコート,Wonder Coat,ui\00_message\common\item_name.gmd,\ui\gui_cmn.arc,gui_cmn.arc,13732
0,,ワンダーコート,Wonder Coat,ui\00_message\common\item_name.gmd,\ui\gui_cmn.arc,gui_cmn.arc,13733
0,,ワンダーコート,Wonder Coat,ui\00_message\common\item_name.gmd,\ui\gui_cmn.arc,gui_cmn.arc,13734
0,,ワンダーコート,Wonder Coat,ui\00_message\common\item_name.gmd,\ui\gui_cmn.arc,gui_cmn.arc,13735
0,,ワンダーコート,Wonder Coat,ui\00_message\common\item_name.gmd,\ui\gui_cmn.arc,gui_cmn.arc,13736
0,,セレスチャルローブ,Celestial Robe,ui\00_message\common\item_name.gmd,\ui\gui_cmn.arc,gui_cmn.arc,13737
0,,セレスチャルローブ,Celestial Robe,ui\00_message\common\item_name.gmd,\ui\gui_cmn.arc,gui_cmn.arc,13738
0,,セレスチャルローブ,Celestial Robe,ui\00_message\common\item_name.gmd,\ui\gui_cmn.arc,gui_cmn.arc,13739
0,,セレスチャルローブ,Celestial Robe,ui\00_message\common\item_name.gmd,\ui\gui_cmn.arc,gui_cmn.arc,13740
0,,セレスチャルローブ,Celestial Robe,ui\00_message\common\item_name.gmd,\ui\gui_cmn.arc,gui_cmn.arc,13741
0,,ハーミットローブ,Hermit Robe,ui\00_message\common\item_name.gmd,\ui\gui_cmn.arc,gui_cmn.arc,13742
0,,ハーミットローブ,Hermit Robe,ui\00_message\common\item_name.gmd,\ui\gui_cmn.arc,gui_cmn.arc,13743
0,,ハーミットローブ,Hermit Robe,ui\00_message\common\item_name.gmd,\ui\gui_cmn.arc,gui_cmn.arc,13744
0,,ハーミットローブ,Hermit Robe,ui\00_message\common\item_name.gmd,\ui\gui_cmn.arc,gui_cmn.arc,13745
0,,ハーミットローブ,Hermit Robe,ui\00_message\common\item_name.gmd,\ui\gui_cmn.arc,gui_cmn.arc,13746
0,,リーガルコート,Regal Coat,ui\00_message\common\item_name.gmd,\ui\gui_cmn.arc,gui_cmn.arc,13747
0,,リーガルコート,Regal Coat,ui\00_message\common\item_name.gmd,\ui\gui_cmn.arc,gui_cmn.arc,13748
0,,リーガルコート,Regal Coat,ui\00_message\common\item_name.gmd,\ui\gui_cmn.arc,gui_cmn.arc,13749
0,,リーガルコート,Regal Coat,ui\00_message\common\item_name.gmd,\ui\gui_cmn.arc,gui_cmn.arc,13750
0,,リーガルコート,Regal Coat,ui\00_message\common\item_name.gmd,\ui\gui_cmn.arc,gui_cmn.arc,13751
0,,エリートドレープ,Elite Drapes,ui\00_message\common\item_name.gmd,\ui\gui_cmn.arc,gui_cmn.arc,13752
0,,エリートドレープ,Elite Drapes,ui\00_message\common\item_name.gmd,\ui\gui_cmn.arc,gui_cmn.arc,13753
0,,エリートドレープ,Elite Drapes,ui\00_message\common\item_name.gmd,\ui\gui_cmn.arc,gui_cmn.arc,13754
0,,エリートドレープ,Elite Drapes,ui\00_message\common\item_name.gmd,\ui\gui_cmn.arc,gui_cmn.arc,13755
0,,エリートドレープ,Elite Drapes,ui\00_message\common\item_name.gmd,\ui\gui_cmn.arc,gui_cmn.arc,13756
0,,ヴィガラスコート,Vigorous Coat,ui\00_message\common\item_name.gmd,\ui\gui_cmn.arc,gui_cmn.arc,13757
0,,ヴィガラスコート,Vigorous Coat,ui\00_message\common\item_name.gmd,\ui\gui_cmn.arc,gui_cmn.arc,13758
0,,ヴィガラスコート,Vigorous Coat,ui\00_message\common\item_name.gmd,\ui\gui_cmn.arc,gui_cmn.arc,13759
0,,ヴィガラスコート,Vigorous Coat,ui\00_message\common\item_name.gmd,\ui\gui_cmn.arc,gui_cmn.arc,13760
0,,ヴィガラスコート,Vigorous Coat,ui\00_message\common\item_name.gmd,\ui\gui_cmn.arc,gui_cmn.arc,13761
0,,ブレイブリーコート,Bravery Coat,ui\00_message\common\item_name.gmd,\ui\gui_cmn.arc,gui_cmn.arc,13762
0,,ブレイブリーコート,Bravery Coat,ui\00_message\common\item_name.gmd,\ui\gui_cmn.arc,gui_cmn.arc,13763
0,,ブレイブリーコート,Bravery Coat,ui\00_message\common\item_name.gmd,\ui\gui_cmn.arc,gui_cmn.arc,13764
0,,ブレイブリーコート,Bravery Coat,ui\00_message\common\item_name.gmd,\ui\gui_cmn.arc,gui_cmn.arc,13765
0,,ブレイブリーコート,Bravery Coat,ui\00_message\common\item_name.gmd,\ui\gui_cmn.arc,gui_cmn.arc,13766
0,,スローンズジャケット,Throne's Jacket,ui\00_message\common\item_name.gmd,\ui\gui_cmn.arc,gui_cmn.arc,13767
0,,スローンズジャケット,Throne's Jacket,ui\00_message\common\item_name.gmd,\ui\gui_cmn.arc,gui_cmn.arc,13768
0,,スローンズジャケット,Throne's Jacket,ui\00_message\common\item_name.gmd,\ui\gui_cmn.arc,gui_cmn.arc,13769
0,,スローンズジャケット,Throne's Jacket,ui\00_message\common\item_name.gmd,\ui\gui_cmn.arc,gui_cmn.arc,13770
0,,スローンズジャケット,Throne's Jacket,ui\00_message\common\item_name.gmd,\ui\gui_cmn.arc,gui_cmn.arc,13771
0,,チェストガード,Chest Guard,ui\00_message\common\item_name.gmd,\ui\gui_cmn.arc,gui_cmn.arc,13772
0,,チェストガード,Chest Guard,ui\00_message\common\item_name.gmd,\ui\gui_cmn.arc,gui_cmn.arc,13773
0,,チェストガード,Chest Guard,ui\00_message\common\item_name.gmd,\ui\gui_cmn.arc,gui_cmn.arc,13774
0,,チェストガード,Chest Guard,ui\00_message\common\item_name.gmd,\ui\gui_cmn.arc,gui_cmn.arc,13775
0,,チェストガード,Chest Guard,ui\00_message\common\item_name.gmd,\ui\gui_cmn.arc,gui_cmn.arc,13776
0,,バトルジャケット,Battle Jacket,ui\00_message\common\item_name.gmd,\ui\gui_cmn.arc,gui_cmn.arc,13777
0,,バトルジャケット,Battle Jacket,ui\00_message\common\item_name.gmd,\ui\gui_cmn.arc,gui_cmn.arc,13778
0,,バトルジャケット,Battle Jacket,ui\00_message\common\item_name.gmd,\ui\gui_cmn.arc,gui_cmn.arc,13779
0,,バトルジャケット,Battle Jacket,ui\00_message\common\item_name.gmd,\ui\gui_cmn.arc,gui_cmn.arc,13780
0,,バトルジャケット,Battle Jacket,ui\00_message\common\item_name.gmd,\ui\gui_cmn.arc,gui_cmn.arc,13781
0,,アイアンロリカ,Iron Lorica,ui\00_message\common\item_name.gmd,\ui\gui_cmn.arc,gui_cmn.arc,13782
0,,アイアンロリカ,Iron Lorica,ui\00_message\common\item_name.gmd,\ui\gui_cmn.arc,gui_cmn.arc,13783
0,,アイアンロリカ,Iron Lorica,ui\00_message\common\item_name.gmd,\ui\gui_cmn.arc,gui_cmn.arc,13784
0,,アイアンロリカ,Iron Lorica,ui\00_message\common\item_name.gmd,\ui\gui_cmn.arc,gui_cmn.arc,13785
0,,アイアンロリカ,Iron Lorica,ui\00_message\common\item_name.gmd,\ui\gui_cmn.arc,gui_cmn.arc,13786
0,,獅子王のバデッド,Lion King Padding,ui\00_message\common\item_name.gmd,\ui\gui_cmn.arc,gui_cmn.arc,13787
0,,獅子王のバデッド,Lion King Padding,ui\00_message\common\item_name.gmd,\ui\gui_cmn.arc,gui_cmn.arc,13788
0,,獅子王のバデッド,Lion King Padding,ui\00_message\common\item_name.gmd,\ui\gui_cmn.arc,gui_cmn.arc,13789
0,,獅子王のバデッド,Lion King Padding,ui\00_message\common\item_name.gmd,\ui\gui_cmn.arc,gui_cmn.arc,13790
0,,獅子王のバデッド,Lion King Padding,ui\00_message\common\item_name.gmd,\ui\gui_cmn.arc,gui_cmn.arc,13791
0,,金甲のロリカ,Golden Lorica,ui\00_message\common\item_name.gmd,\ui\gui_cmn.arc,gui_cmn.arc,13792
0,,金甲のロリカ,Golden Lorica,ui\00_message\common\item_name.gmd,\ui\gui_cmn.arc,gui_cmn.arc,13793
0,,金甲のロリカ,Golden Lorica,ui\00_message\common\item_name.gmd,\ui\gui_cmn.arc,gui_cmn.arc,13794
0,,金甲のロリカ,Golden Lorica,ui\00_message\common\item_name.gmd,\ui\gui_cmn.arc,gui_cmn.arc,13795
0,,金甲のロリカ,Golden Lorica,ui\00_message\common\item_name.gmd,\ui\gui_cmn.arc,gui_cmn.arc,13796
0,,ベルセルカ,Berserker,ui\00_message\common\item_name.gmd,\ui\gui_cmn.arc,gui_cmn.arc,13797
0,,ベルセルカ,Berserker,ui\00_message\common\item_name.gmd,\ui\gui_cmn.arc,gui_cmn.arc,13798
0,,ベルセルカ,Berserker,ui\00_message\common\item_name.gmd,\ui\gui_cmn.arc,gui_cmn.arc,13799
0,,ベルセルカ,Berserker,ui\00_message\common\item_name.gmd,\ui\gui_cmn.arc,gui_cmn.arc,13800
0,,ベルセルカ,Berserker,ui\00_message\common\item_name.gmd,\ui\gui_cmn.arc,gui_cmn.arc,13801
0,,文化A_男_1-1,Culture A_Man_1-1,ui\00_message\common\item_name.gmd,\ui\gui_cmn.arc,gui_cmn.arc,13802
0,,文化A_男_1-2,Culture A_Male_1-2,ui\00_message\common\item_name.gmd,\ui\gui_cmn.arc,gui_cmn.arc,13803
0,,文化A_男_1-3,Culture A_Male_1-3,ui\00_message\common\item_name.gmd,\ui\gui_cmn.arc,gui_cmn.arc,13804
0,,文化A_男_2-1,Culture A_Male_2-1,ui\00_message\common\item_name.gmd,\ui\gui_cmn.arc,gui_cmn.arc,13805
0,,文化A_男_2-2,Culture A_Male_2-2,ui\00_message\common\item_name.gmd,\ui\gui_cmn.arc,gui_cmn.arc,13806
0,,文化A_男_2-3,Culture A_Male_2-3,ui\00_message\common\item_name.gmd,\ui\gui_cmn.arc,gui_cmn.arc,13807
0,,文化A_男_3-1,Culture A_Male_3-1,ui\00_message\common\item_name.gmd,\ui\gui_cmn.arc,gui_cmn.arc,13808
0,,文化A_男_3-2,Culture A_Male_3-2,ui\00_message\common\item_name.gmd,\ui\gui_cmn.arc,gui_cmn.arc,13809
0,,文化A_男_3-3,Culture A_Male_3-3,ui\00_message\common\item_name.gmd,\ui\gui_cmn.arc,gui_cmn.arc,13810
0,,文化A_男_4-1,Culture A_Male_4-1,ui\00_message\common\item_name.gmd,\ui\gui_cmn.arc,gui_cmn.arc,13811
0,,文化A_男_4-2,Culture A_Male_4-2,ui\00_message\common\item_name.gmd,\ui\gui_cmn.arc,gui_cmn.arc,13812
0,,文化A_男_4-3,Culture A_Male_4-3,ui\00_message\common\item_name.gmd,\ui\gui_cmn.arc,gui_cmn.arc,13813
0,,文化A_男_5-1,Culture A_Male_5-1,ui\00_message\common\item_name.gmd,\ui\gui_cmn.arc,gui_cmn.arc,13814
0,,文化A_男_5-2,Culture A_Male_5-2,ui\00_message\common\item_name.gmd,\ui\gui_cmn.arc,gui_cmn.arc,13815
0,,文化A_男_6-1,Culture A_Male_6-1,ui\00_message\common\item_name.gmd,\ui\gui_cmn.arc,gui_cmn.arc,13816
0,,文化A_男_6-2,Culture A_Male_6-2,ui\00_message\common\item_name.gmd,\ui\gui_cmn.arc,gui_cmn.arc,13817
0,,文化A_男_7-1,Culture A_Male_7-1,ui\00_message\common\item_name.gmd,\ui\gui_cmn.arc,gui_cmn.arc,13818
0,,文化A_男_7-2,Culture A_Male_7-2,ui\00_message\common\item_name.gmd,\ui\gui_cmn.arc,gui_cmn.arc,13819
0,,文化A_男_特殊枠1,Culture A_Male_Special 1,ui\00_message\common\item_name.gmd,\ui\gui_cmn.arc,gui_cmn.arc,13820
0,,文化A_男_特殊枠2,Culture A_Male_Special Frame 2,ui\00_message\common\item_name.gmd,\ui\gui_cmn.arc,gui_cmn.arc,13821
0,,文化A_男_死体用,Culture A_Man_Corpse,ui\00_message\common\item_name.gmd,\ui\gui_cmn.arc,gui_cmn.arc,13822
0,,文化A_女_1-1,Culture A_Female_1-1,ui\00_message\common\item_name.gmd,\ui\gui_cmn.arc,gui_cmn.arc,13823
0,,文化A_女_1-2,Culture A_Women_1-2,ui\00_message\common\item_name.gmd,\ui\gui_cmn.arc,gui_cmn.arc,13824
0,,文化A_女_1-3,Culture A_Women_1-3,ui\00_message\common\item_name.gmd,\ui\gui_cmn.arc,gui_cmn.arc,13825
0,,文化A_女_2-1,Culture A_Female_2-1,ui\00_message\common\item_name.gmd,\ui\gui_cmn.arc,gui_cmn.arc,13826
0,,文化A_女_2-2,Culture A_Women_2-2,ui\00_message\common\item_name.gmd,\ui\gui_cmn.arc,gui_cmn.arc,13827
0,,文化A_女_2-3,Culture A_Women_2-3,ui\00_message\common\item_name.gmd,\ui\gui_cmn.arc,gui_cmn.arc,13828
0,,文化A_女_3-1,Culture A_Female_3-1,ui\00_message\common\item_name.gmd,\ui\gui_cmn.arc,gui_cmn.arc,13829
0,,文化A_女_3-2,Culture A_Women_3-2,ui\00_message\common\item_name.gmd,\ui\gui_cmn.arc,gui_cmn.arc,13830
0,,文化A_女_3-3,Culture A_Women_3-3,ui\00_message\common\item_name.gmd,\ui\gui_cmn.arc,gui_cmn.arc,13831
0,,文化A_女_4-1,Culture A_Female_4-1,ui\00_message\common\item_name.gmd,\ui\gui_cmn.arc,gui_cmn.arc,13832
0,,文化A_女_4-2,Culture A_Women_4-2,ui\00_message\common\item_name.gmd,\ui\gui_cmn.arc,gui_cmn.arc,13833
0,,文化A_女_5-1,Culture A_Female_5-1,ui\00_message\common\item_name.gmd,\ui\gui_cmn.arc,gui_cmn.arc,13834
0,,文化A_女_5-2,Culture A_Women_5-2,ui\00_message\common\item_name.gmd,\ui\gui_cmn.arc,gui_cmn.arc,13835
0,,文化A_女_6-1,Culture A_Female_6-1,ui\00_message\common\item_name.gmd,\ui\gui_cmn.arc,gui_cmn.arc,13836
0,,文化A_女_6-2,Culture A_Female_6-2,ui\00_message\common\item_name.gmd,\ui\gui_cmn.arc,gui_cmn.arc,13837
0,,文化A_女_7-1,Culture A_Women_7-1,ui\00_message\common\item_name.gmd,\ui\gui_cmn.arc,gui_cmn.arc,13838
0,,文化A_女_7-2,Culture A_Women_7-2,ui\00_message\common\item_name.gmd,\ui\gui_cmn.arc,gui_cmn.arc,13839
0,,文化A_女_8-1,Culture A_Women_8-1,ui\00_message\common\item_name.gmd,\ui\gui_cmn.arc,gui_cmn.arc,13840
0,,文化A_女_8-2,Culture A_Women_8-2,ui\00_message\common\item_name.gmd,\ui\gui_cmn.arc,gui_cmn.arc,13841
0,,文化A_女_9-1,Culture A_Women_9-1,ui\00_message\common\item_name.gmd,\ui\gui_cmn.arc,gui_cmn.arc,13842
0,,文化A_女_9-2,Culture A_Women_9-2,ui\00_message\common\item_name.gmd,\ui\gui_cmn.arc,gui_cmn.arc,13843
0,,文化A_女_特殊枠1,Culture A_Female_Special Frame 1,ui\00_message\common\item_name.gmd,\ui\gui_cmn.arc,gui_cmn.arc,13844
0,,文化A_女_特殊枠2,Culture A_Female_Special Frame 2,ui\00_message\common\item_name.gmd,\ui\gui_cmn.arc,gui_cmn.arc,13845
0,,文化A_女_死体用,Culture A_Female_For_Corpse,ui\00_message\common\item_name.gmd,\ui\gui_cmn.arc,gui_cmn.arc,13846
0,,文化B_男_森系_1-1,Culture B_Male_Forest_type_1-1,ui\00_message\common\item_name.gmd,\ui\gui_cmn.arc,gui_cmn.arc,13847
0,,文化B_男_森系_1-2,Culture B_Male_Forest_type_1-2,ui\00_message\common\item_name.gmd,\ui\gui_cmn.arc,gui_cmn.arc,13848
0,,文化B_男_土木_1-1,Culture B_Male_Civil_1-1,ui\00_message\common\item_name.gmd,\ui\gui_cmn.arc,gui_cmn.arc,13849
0,,文化B_男_土木_1-2,Culture B_Male_Civil_1-2,ui\00_message\common\item_name.gmd,\ui\gui_cmn.arc,gui_cmn.arc,13850
0,,文化B_男_鉱山_1-1,Culture B_Male_Mine_1-1,ui\00_message\common\item_name.gmd,\ui\gui_cmn.arc,gui_cmn.arc,13851
0,,文化B_男_鉱山_1-2,Culture B_Male_Mine_1-2,ui\00_message\common\item_name.gmd,\ui\gui_cmn.arc,gui_cmn.arc,13852
0,,文化B_男_森系_2-1,Culture B_Male_Forest_type_2-1,ui\00_message\common\item_name.gmd,\ui\gui_cmn.arc,gui_cmn.arc,13853
0,,文化B_男_森系_2-2,Culture B_Male_Forest_type_2-2,ui\00_message\common\item_name.gmd,\ui\gui_cmn.arc,gui_cmn.arc,13854
0,,文化B_男_鉱山_2-1,Culture B_Male_Mining_2-1,ui\00_message\common\item_name.gmd,\ui\gui_cmn.arc,gui_cmn.arc,13855
0,,文化B_男_鉱山_2-2,Culture B_Male_Mining_2-2,ui\00_message\common\item_name.gmd,\ui\gui_cmn.arc,gui_cmn.arc,13856
0,,文化B_男_土木_2-1,Culture B_Male_Civil_2-1,ui\00_message\common\item_name.gmd,\ui\gui_cmn.arc,gui_cmn.arc,13857
0,,文化B_男_土木_2-2,Culture B_Male_Civil_2-2,ui\00_message\common\item_name.gmd,\ui\gui_cmn.arc,gui_cmn.arc,13858
0,,文化B_男_鉱山_3-1,Culture B_Male_Mining_3-1,ui\00_message\common\item_name.gmd,\ui\gui_cmn.arc,gui_cmn.arc,13859
0,,文化B_男_鉱山_3-2,Culture B_Male_Mining_3-2,ui\00_message\common\item_name.gmd,\ui\gui_cmn.arc,gui_cmn.arc,13860
0,,文化B_男_森系_3-1,Culture B_Male_Forest_type_3-1,ui\00_message\common\item_name.gmd,\ui\gui_cmn.arc,gui_cmn.arc,13861
0,,文化B_男_森系_3-2,Culture B_Male_Forest_type_3-2,ui\00_message\common\item_name.gmd,\ui\gui_cmn.arc,gui_cmn.arc,13862
0,,文化B_男_森系_4-1,Culture B_Male_Forest_type_4-1,ui\00_message\common\item_name.gmd,\ui\gui_cmn.arc,gui_cmn.arc,13863
0,,文化B_男_森系_4-2,Culture B_Male_Forest_type_4-2,ui\00_message\common\item_name.gmd,\ui\gui_cmn.arc,gui_cmn.arc,13864
0,,文化B_男_特殊枠1,Culture B_Male_Special Frame 1,ui\00_message\common\item_name.gmd,\ui\gui_cmn.arc,gui_cmn.arc,13865
0,,文化B_男_死体用,Culture B_Male_For_Corpse,ui\00_message\common\item_name.gmd,\ui\gui_cmn.arc,gui_cmn.arc,13866
0,,白衛騎士団_男_服_1-1,Knights of the White Guard_Men_Clothes_1-1,ui\00_message\common\item_name.gmd,\ui\gui_cmn.arc,gui_cmn.arc,13867
0,,白衛騎士団_男_服兜_1-1,"Knights of the White Guard_Men_Clothing_H
helmets_1-1",ui\00_message\common\item_name.gmd,\ui\gui_cmn.arc,gui_cmn.arc,13868
0,,白衛騎士団_男_服_1-2,Knights of the White Guard_Men_Clothes_1-2,ui\00_message\common\item_name.gmd,\ui\gui_cmn.arc,gui_cmn.arc,13869
0,,白衛騎士団_男_服_2-1,Knights of the White Guard_Men_Clothes_2-1,ui\00_message\common\item_name.gmd,\ui\gui_cmn.arc,gui_cmn.arc,13870
0,,白衛騎士団_男_服兜_2-1,"Knights of the White Guard_Men_Clothing_H
helmets_2-1",ui\00_message\common\item_name.gmd,\ui\gui_cmn.arc,gui_cmn.arc,13871
0,,白衛騎士団_男_服_2-2,Knights of the White Guard_Men_Clothes_2-2,ui\00_message\common\item_name.gmd,\ui\gui_cmn.arc,gui_cmn.arc,13872
0,,白衛騎士団_男_服_3-1,Knights of the White Guard_Men_Clothes_3-1,ui\00_message\common\item_name.gmd,\ui\gui_cmn.arc,gui_cmn.arc,13873
0,,白衛騎士団_男_服兜_3-1,"Knights of the White Guard_Men_Clothing_H
helmets_3-1",ui\00_message\common\item_name.gmd,\ui\gui_cmn.arc,gui_cmn.arc,13874
0,,白衛騎士団_男_服_3-2,Knights of the White Guard_Men_Clothes_3-2,ui\00_message\common\item_name.gmd,\ui\gui_cmn.arc,gui_cmn.arc,13875
0,,白衛騎士団_男_鎧_1-1,Knights of the White Guard_Men_Armor_1-1,ui\00_message\common\item_name.gmd,\ui\gui_cmn.arc,gui_cmn.arc,13876
0,,白衛騎士団_男_鎧兜_1-1,Knights of the White Guard_Male_Armor_1-1,ui\00_message\common\item_name.gmd,\ui\gui_cmn.arc,gui_cmn.arc,13877
0,,白衛騎士団_男_鎧_1-2,Knights of the White Guard_Men_Armor_1-2,ui\00_message\common\item_name.gmd,\ui\gui_cmn.arc,gui_cmn.arc,13878
0,,白衛騎士団_男_鎧_2-1,Knights of the White Guard_Men_Armor_2-1,ui\00_message\common\item_name.gmd,\ui\gui_cmn.arc,gui_cmn.arc,13879
0,,白衛騎士団_男_鎧兜_2-1,Knights of the White Guard_Male_Armor_2-1,ui\00_message\common\item_name.gmd,\ui\gui_cmn.arc,gui_cmn.arc,13880
0,,白衛騎士団_男_鎧_2-2,Knights of the White Guard_Men_Armor_2-2,ui\00_message\common\item_name.gmd,\ui\gui_cmn.arc,gui_cmn.arc,13881
0,,白衛騎士団_男_鎧_3-1,White Guard_Male_Armor_3-1,ui\00_message\common\item_name.gmd,\ui\gui_cmn.arc,gui_cmn.arc,13882
0,,白衛騎士団_男_鎧兜_3-1,Knights of the White Guard_Male_Armor_3-1,ui\00_message\common\item_name.gmd,\ui\gui_cmn.arc,gui_cmn.arc,13883
0,,白衛騎士団_男_鎧_3-2,White Guard_Male_Armor_3-2,ui\00_message\common\item_name.gmd,\ui\gui_cmn.arc,gui_cmn.arc,13884
0,,白衛騎士団_男_特殊枠1,White Guard_Male_Special Frame 1,ui\00_message\common\item_name.gmd,\ui\gui_cmn.arc,gui_cmn.arc,13885
0,,白衛騎士団_男_特殊枠2,White Guard_Male_Special Frame 2,ui\00_message\common\item_name.gmd,\ui\gui_cmn.arc,gui_cmn.arc,13886
0,,白衛騎士団_男_特殊枠3,White Guard_Male_Special Frame 3,ui\00_message\common\item_name.gmd,\ui\gui_cmn.arc,gui_cmn.arc,13887
0,,白衛騎士団_男_特殊枠4,White Guard_Male_Special Frame 4,ui\00_message\common\item_name.gmd,\ui\gui_cmn.arc,gui_cmn.arc,13888
0,,白衛騎士団_男_死体用1,White Guard_Man_for_Corpse1,ui\00_message\common\item_name.gmd,\ui\gui_cmn.arc,gui_cmn.arc,13889
0,,白衛騎士団_男_死体用2,White Guard_Man_For_Corpse2,ui\00_message\common\item_name.gmd,\ui\gui_cmn.arc,gui_cmn.arc,13890
0,,衣装：ゲルト,Outfit: Gerd,ui\00_message\common\item_name.gmd,\ui\gui_cmn.arc,gui_cmn.arc,13891
0,,衣装：ハインツ,Outfit: Heinz,ui\00_message\common\item_name.gmd,\ui\gui_cmn.arc,gui_cmn.arc,13892
0,,神殿_男_1-1,Temple_Men_1-1,ui\00_message\common\item_name.gmd,\ui\gui_cmn.arc,gui_cmn.arc,13893
0,,神殿_男_2-1,Temple_Male_2-1,ui\00_message\common\item_name.gmd,\ui\gui_cmn.arc,gui_cmn.arc,13894
0,,神殿_男_3-1,Temple_Male_3-1,ui\00_message\common\item_name.gmd,\ui\gui_cmn.arc,gui_cmn.arc,13895
0,,神殿_男_4-1,Temple_Male_4-1,ui\00_message\common\item_name.gmd,\ui\gui_cmn.arc,gui_cmn.arc,13896
0,,神殿_男_5-1,Temple_Male_5-1,ui\00_message\common\item_name.gmd,\ui\gui_cmn.arc,gui_cmn.arc,13897
0,,神殿_男_6-1,Temple_Male_6-1,ui\00_message\common\item_name.gmd,\ui\gui_cmn.arc,gui_cmn.arc,13898
0,,神殿_女_1-1,Temple_Women_1-1,ui\00_message\common\item_name.gmd,\ui\gui_cmn.arc,gui_cmn.arc,13899
0,,神殿_女_2-1,Temple_Women_2-1,ui\00_message\common\item_name.gmd,\ui\gui_cmn.arc,gui_cmn.arc,13900
0,,神殿_女_3-1,Temple_Women_3-1,ui\00_message\common\item_name.gmd,\ui\gui_cmn.arc,gui_cmn.arc,13901
0,,神殿_女_4-1,Temple_Women_4-1,ui\00_message\common\item_name.gmd,\ui\gui_cmn.arc,gui_cmn.arc,13902
0,,神殿_女_5-1,Temple_Women_5-1,ui\00_message\common\item_name.gmd,\ui\gui_cmn.arc,gui_cmn.arc,13903
0,,神殿_女_6-1,Temple_Women_6-1,ui\00_message\common\item_name.gmd,\ui\gui_cmn.arc,gui_cmn.arc,13904
0,,お水系_女_1-1,Water_Woman_1-1,ui\00_message\common\item_name.gmd,\ui\gui_cmn.arc,gui_cmn.arc,13905
0,,お水系_女_1-2,Water_Women_1-2,ui\00_message\common\item_name.gmd,\ui\gui_cmn.arc,gui_cmn.arc,13906
0,,お水系_女_1-3,Water_Women_1-3,ui\00_message\common\item_name.gmd,\ui\gui_cmn.arc,gui_cmn.arc,13907
0,,お水系_女_2-1,Osui-kei_Women_2-1,ui\00_message\common\item_name.gmd,\ui\gui_cmn.arc,gui_cmn.arc,13908
0,,お水系_女_2-2,Water Lady 2-2,ui\00_message\common\item_name.gmd,\ui\gui_cmn.arc,gui_cmn.arc,13909
0,,お水系_女_2-3,Water_Women_2-3,ui\00_message\common\item_name.gmd,\ui\gui_cmn.arc,gui_cmn.arc,13910
0,,お水系_女_3-1,Water_Woman_3-1,ui\00_message\common\item_name.gmd,\ui\gui_cmn.arc,gui_cmn.arc,13911
0,,お水系_女_3-2,Water_Women_3-2,ui\00_message\common\item_name.gmd,\ui\gui_cmn.arc,gui_cmn.arc,13912
0,,お水系_女_3-3,Water_Women_3-3,ui\00_message\common\item_name.gmd,\ui\gui_cmn.arc,gui_cmn.arc,13913
0,,お水系_女_4-1,Water_Woman_4-1,ui\00_message\common\item_name.gmd,\ui\gui_cmn.arc,gui_cmn.arc,13914
0,,お水系_女_4-2,Water_Women_4-2,ui\00_message\common\item_name.gmd,\ui\gui_cmn.arc,gui_cmn.arc,13915
0,,お水系_女_4-3,Water_Women_4-3,ui\00_message\common\item_name.gmd,\ui\gui_cmn.arc,gui_cmn.arc,13916
0,,お水系_女_5-1,Water_Woman_5-1,ui\00_message\common\item_name.gmd,\ui\gui_cmn.arc,gui_cmn.arc,13917
0,,お水系_女_5-2,Water_Woman_5-2,ui\00_message\common\item_name.gmd,\ui\gui_cmn.arc,gui_cmn.arc,13918
0,,お水系_女_5-3,Water_Woman_5-3,ui\00_message\common\item_name.gmd,\ui\gui_cmn.arc,gui_cmn.arc,13919
0,,お水系_女_6-1,Water_Woman_6-1,ui\00_message\common\item_name.gmd,\ui\gui_cmn.arc,gui_cmn.arc,13920
0,,お水系_女_6-2,Water_Women_6-2,ui\00_message\common\item_name.gmd,\ui\gui_cmn.arc,gui_cmn.arc,13921
0,,お水系_女_6-3,Water_Women_6-3,ui\00_message\common\item_name.gmd,\ui\gui_cmn.arc,gui_cmn.arc,13922
0,,お水系_女_特殊枠1,Water_Women_Special_Frame1,ui\00_message\common\item_name.gmd,\ui\gui_cmn.arc,gui_cmn.arc,13923
0,,お水系_女_特殊枠2,Water_Women_Special_Frame2,ui\00_message\common\item_name.gmd,\ui\gui_cmn.arc,gui_cmn.arc,13924
0,,お水系_女_死体用,Water_Female_For_Corpse,ui\00_message\common\item_name.gmd,\ui\gui_cmn.arc,gui_cmn.arc,13925
0,,衣装：イリス-フード付OFF,Outfit: Iris (Hood OFF),ui\00_message\common\item_name.gmd,\ui\gui_cmn.arc,gui_cmn.arc,13926
0,,衣装：キースヒルトOFF,Outfit: Kieshildt (OFF),ui\00_message\common\item_name.gmd,\ui\gui_cmn.arc,gui_cmn.arc,13927
0,,衣装：キースヒルト武器OFF,Outfit: Kieshildt (Weapon OFF),ui\00_message\common\item_name.gmd,\ui\gui_cmn.arc,gui_cmn.arc,13928
0,,衣装：イリス-フード付OFF負傷,Outfit: Iris (Hood OFF) Injured,ui\00_message\common\item_name.gmd,\ui\gui_cmn.arc,gui_cmn.arc,13929
0,,術士_男女_1-1,Surgeon_Male_Female_1-1,ui\00_message\common\item_name.gmd,\ui\gui_cmn.arc,gui_cmn.arc,13930
0,,術士_男女_1-2,Surgeon_Male/Female_1-2,ui\00_message\common\item_name.gmd,\ui\gui_cmn.arc,gui_cmn.arc,13931
0,,術士_男女_1-3,Surgeon_Male_Female_1-3,ui\00_message\common\item_name.gmd,\ui\gui_cmn.arc,gui_cmn.arc,13932
0,,術士_男女_2-1,Surgeon_Male_Female_2-1,ui\00_message\common\item_name.gmd,\ui\gui_cmn.arc,gui_cmn.arc,13933
0,,術士_男女_2-2,Surgeon_Male_Female_2-2,ui\00_message\common\item_name.gmd,\ui\gui_cmn.arc,gui_cmn.arc,13934
0,,術士_男女_2-3,Surgeon_Male/Female_2-3,ui\00_message\common\item_name.gmd,\ui\gui_cmn.arc,gui_cmn.arc,13935
0,,術士_男女_3-1,Surgeon_Male_Female_3-1,ui\00_message\common\item_name.gmd,\ui\gui_cmn.arc,gui_cmn.arc,13936
0,,術士_男女_3-2,Surgeon_Male_Female_3-2,ui\00_message\common\item_name.gmd,\ui\gui_cmn.arc,gui_cmn.arc,13937
0,,術士_男女_3-3,Surgeon_Male_Female_3-3,ui\00_message\common\item_name.gmd,\ui\gui_cmn.arc,gui_cmn.arc,13938
0,,術士_男女_4-1,Surgeon_Male_Female_4-1,ui\00_message\common\item_name.gmd,\ui\gui_cmn.arc,gui_cmn.arc,13939
0,,術士_男女_4-2,Surgeon_Male_Female_4-2,ui\00_message\common\item_name.gmd,\ui\gui_cmn.arc,gui_cmn.arc,13940
0,,術士_男女_4-3,Surgeon_Male_Female_4-3,ui\00_message\common\item_name.gmd,\ui\gui_cmn.arc,gui_cmn.arc,13941
0,,術士_男女_5-1,Surgeon_Male_Female_5-1,ui\00_message\common\item_name.gmd,\ui\gui_cmn.arc,gui_cmn.arc,13942
0,,術士_男女_5-2,Surgeon_Male_Female_5-2,ui\00_message\common\item_name.gmd,\ui\gui_cmn.arc,gui_cmn.arc,13943
0,,術士_男女_5-3,Surgeon_Male_Female_5-3,ui\00_message\common\item_name.gmd,\ui\gui_cmn.arc,gui_cmn.arc,13944
0,,術士_男女_6-1,Surgeon_Male_Female_6-1,ui\00_message\common\item_name.gmd,\ui\gui_cmn.arc,gui_cmn.arc,13945
0,,術士_男女_6-2,Surgeon_Male_Female_6-2,ui\00_message\common\item_name.gmd,\ui\gui_cmn.arc,gui_cmn.arc,13946
0,,術士_男女_6-3,Surgeon_Male_Female_6-3,ui\00_message\common\item_name.gmd,\ui\gui_cmn.arc,gui_cmn.arc,13947
0,,術士_男女_7-1,Surgeon_Male_Female_7-1,ui\00_message\common\item_name.gmd,\ui\gui_cmn.arc,gui_cmn.arc,13948
0,,術士_男女_7-2,Surgeon_Male_Female_7-2,ui\00_message\common\item_name.gmd,\ui\gui_cmn.arc,gui_cmn.arc,13949
0,,術士_男女_7-3,Surgeon_Male_Female_7-3,ui\00_message\common\item_name.gmd,\ui\gui_cmn.arc,gui_cmn.arc,13950
0,,衣装：ファビオ,Outfit: Fabio,ui\00_message\common\item_name.gmd,\ui\gui_cmn.arc,gui_cmn.arc,13951
0,,戦士盗賊_男_鎧_1-1,Warrior_thief_man_armor_1-1,ui\00_message\common\item_name.gmd,\ui\gui_cmn.arc,gui_cmn.arc,13952
0,,戦士盗賊_男_鎧_1-2,Warrior_Thief_Male_Armor_1-2,ui\00_message\common\item_name.gmd,\ui\gui_cmn.arc,gui_cmn.arc,13953
0,,戦士盗賊_男_鎧_1-3,Warrior_Thief_Male_Armor_1-3,ui\00_message\common\item_name.gmd,\ui\gui_cmn.arc,gui_cmn.arc,13954
0,,戦士盗賊_男_鎧_2-1,Warrior_thief_man_armor_2-1,ui\00_message\common\item_name.gmd,\ui\gui_cmn.arc,gui_cmn.arc,13955
0,,戦士盗賊_男_鎧_2-2,Warrior_thief_man_armor_2-2,ui\00_message\common\item_name.gmd,\ui\gui_cmn.arc,gui_cmn.arc,13956
0,,戦士盗賊_男_鎧_2-3,Warrior_thief_man_armor_2-3,ui\00_message\common\item_name.gmd,\ui\gui_cmn.arc,gui_cmn.arc,13957
0,,戦士盗賊_男_鎧_3-1,Warrior_thief_man_armor_3-1,ui\00_message\common\item_name.gmd,\ui\gui_cmn.arc,gui_cmn.arc,13958
0,,戦士盗賊_男_鎧_3-2,Warrior_thief_man_armor_3-2,ui\00_message\common\item_name.gmd,\ui\gui_cmn.arc,gui_cmn.arc,13959
0,,戦士盗賊_男_鎧_3-3_汚少,warrior_thief_man_armor_3-3_small_stain,ui\00_message\common\item_name.gmd,\ui\gui_cmn.arc,gui_cmn.arc,13960
0,,戦士盗賊_男_軽装_4-１,Warrior bandit_Male_Light_4-1,ui\00_message\common\item_name.gmd,\ui\gui_cmn.arc,gui_cmn.arc,13961
0,,戦士盗賊_男_軽装_4-2,Warrior bandit_Male_Light_4-2,ui\00_message\common\item_name.gmd,\ui\gui_cmn.arc,gui_cmn.arc,13962
0,,戦士盗賊_男_軽装_4-3,Warrior bandit_Male_Light_4-3,ui\00_message\common\item_name.gmd,\ui\gui_cmn.arc,gui_cmn.arc,13963
0,,戦士盗賊_男_軽装_5-1,Warrior bandit_Male_Light_5-1,ui\00_message\common\item_name.gmd,\ui\gui_cmn.arc,gui_cmn.arc,13964
0,,戦士盗賊_男_軽装_5-2,Warrior bandit_Male_Light_5-2,ui\00_message\common\item_name.gmd,\ui\gui_cmn.arc,gui_cmn.arc,13965
0,,戦士盗賊_男_軽装_5-3_汚少,Warrior bandit_Male_Light_5-3_Small_Dirt,ui\00_message\common\item_name.gmd,\ui\gui_cmn.arc,gui_cmn.arc,13966
0,,戦士盗賊_男_軽装_6-1,Warrior bandit_Male_Light_6-1,ui\00_message\common\item_name.gmd,\ui\gui_cmn.arc,gui_cmn.arc,13967
0,,戦士盗賊_男_軽装_6-2,Warrior bandit_Male_Light_6-2,ui\00_message\common\item_name.gmd,\ui\gui_cmn.arc,gui_cmn.arc,13968
0,,戦士盗賊_男_軽装_6-3_汚少,Warrior bandit_Male_Light_6-3_Small_Dirt,ui\00_message\common\item_name.gmd,\ui\gui_cmn.arc,gui_cmn.arc,13969
0,,衣装：リズ,Outfit: Lise,ui\00_message\common\item_name.gmd,\ui\gui_cmn.arc,gui_cmn.arc,13970
0,,亡都民_男女_1-1,deceased_men_and_women_1-1,ui\00_message\common\item_name.gmd,\ui\gui_cmn.arc,gui_cmn.arc,13971
0,,亡都民_男女_1-2,deceased_men_and_women_1-2,ui\00_message\common\item_name.gmd,\ui\gui_cmn.arc,gui_cmn.arc,13972
0,,亡都民_男女_2-1,deceased_men_and_women_2-1,ui\00_message\common\item_name.gmd,\ui\gui_cmn.arc,gui_cmn.arc,13973
0,,亡都民_男女_2-2,deceased_men_and_women_2-2,ui\00_message\common\item_name.gmd,\ui\gui_cmn.arc,gui_cmn.arc,13974
0,,亡都民_男女_3-1,deceased_men_and_women_3-1,ui\00_message\common\item_name.gmd,\ui\gui_cmn.arc,gui_cmn.arc,13975
0,,亡都民_男女_3-2,deceased_men_and_women_3-2,ui\00_message\common\item_name.gmd,\ui\gui_cmn.arc,gui_cmn.arc,13976
0,,亡都民_男女_4-1,deceased_men_and_women_4-1,ui\00_message\common\item_name.gmd,\ui\gui_cmn.arc,gui_cmn.arc,13977
0,,亡都民_男女_4-2,deceased_men_and_women_4-2,ui\00_message\common\item_name.gmd,\ui\gui_cmn.arc,gui_cmn.arc,13978
0,,亡都民_男女_5-1,deceased_men_and_women_5-1,ui\00_message\common\item_name.gmd,\ui\gui_cmn.arc,gui_cmn.arc,13979
0,,亡都民_男女_5-2,deceased_men_and_women_5-2,ui\00_message\common\item_name.gmd,\ui\gui_cmn.arc,gui_cmn.arc,13980
0,,亡都民_男女_6-1,deceased_men_and_women_6-1,ui\00_message\common\item_name.gmd,\ui\gui_cmn.arc,gui_cmn.arc,13981
0,,亡都民_男女_6-2,deceased_men_and_women_6-2,ui\00_message\common\item_name.gmd,\ui\gui_cmn.arc,gui_cmn.arc,13982
0,,衣装：テオドール,Outfit: Theodor,ui\00_message\common\item_name.gmd,\ui\gui_cmn.arc,gui_cmn.arc,13983
0,,人敵用ab210004_0_0,ab210004_0_0 for human enemy,ui\00_message\common\item_name.gmd,\ui\gui_cmn.arc,gui_cmn.arc,13984
0,,エンブレムベルト,Emblem Belt,ui\00_message\common\item_name.gmd,\ui\gui_cmn.arc,gui_cmn.arc,13985
0,,エンブレムベルト,Emblem Belt,ui\00_message\common\item_name.gmd,\ui\gui_cmn.arc,gui_cmn.arc,13986
0,,エンブレムベルト,Emblem Belt,ui\00_message\common\item_name.gmd,\ui\gui_cmn.arc,gui_cmn.arc,13987
0,,エンブレムベルト,Emblem Belt,ui\00_message\common\item_name.gmd,\ui\gui_cmn.arc,gui_cmn.arc,13988
0,,エンブレムベルト,Emblem Belt,ui\00_message\common\item_name.gmd,\ui\gui_cmn.arc,gui_cmn.arc,13989
0,,コモンシルエットベスト,Common Silhouette Vest,ui\00_message\common\item_name.gmd,\ui\gui_cmn.arc,gui_cmn.arc,13990
0,,コモンシルエットベスト,Common Silhouette Vest,ui\00_message\common\item_name.gmd,\ui\gui_cmn.arc,gui_cmn.arc,13991
0,,コモンシルエットベスト,Common Silhouette Vest,ui\00_message\common\item_name.gmd,\ui\gui_cmn.arc,gui_cmn.arc,13992
0,,コモンシルエットベスト,Common Silhouette Vest,ui\00_message\common\item_name.gmd,\ui\gui_cmn.arc,gui_cmn.arc,13993
0,,コモンシルエットベスト,Common Silhouette Vest,ui\00_message\common\item_name.gmd,\ui\gui_cmn.arc,gui_cmn.arc,13994
0,,ライトスリーブ,Light Sleeves,ui\00_message\common\item_name.gmd,\ui\gui_cmn.arc,gui_cmn.arc,13995
0,,ライトスリーブ,Light Sleeves,ui\00_message\common\item_name.gmd,\ui\gui_cmn.arc,gui_cmn.arc,13996
0,,ライトスリーブ,Light Sleeves,ui\00_message\common\item_name.gmd,\ui\gui_cmn.arc,gui_cmn.arc,13997
0,,ライトスリーブ,Light Sleeves,ui\00_message\common\item_name.gmd,\ui\gui_cmn.arc,gui_cmn.arc,13998
0,,ライトスリーブ,Light Sleeves,ui\00_message\common\item_name.gmd,\ui\gui_cmn.arc,gui_cmn.arc,13999
0,,タイドベルト,Tied Belt,ui\00_message\common\item_name.gmd,\ui\gui_cmn.arc,gui_cmn.arc,14000
0,,タイドベルト,Tied Belt,ui\00_message\common\item_name.gmd,\ui\gui_cmn.arc,gui_cmn.arc,14001
0,,タイドベルト,Tied Belt,ui\00_message\common\item_name.gmd,\ui\gui_cmn.arc,gui_cmn.arc,14002
0,,タイドベルト,Tied Belt,ui\00_message\common\item_name.gmd,\ui\gui_cmn.arc,gui_cmn.arc,14003
0,,タイドベルト,Tied Belt,ui\00_message\common\item_name.gmd,\ui\gui_cmn.arc,gui_cmn.arc,14004
0,,トルーパーベスト,Trooper's Vest,ui\00_message\common\item_name.gmd,\ui\gui_cmn.arc,gui_cmn.arc,14005
0,,トルーパーベスト,Trooper's Vest,ui\00_message\common\item_name.gmd,\ui\gui_cmn.arc,gui_cmn.arc,14006
0,,トルーパーベスト,Trooper's Vest,ui\00_message\common\item_name.gmd,\ui\gui_cmn.arc,gui_cmn.arc,14007
0,,トルーパーベスト,Trooper's Vest,ui\00_message\common\item_name.gmd,\ui\gui_cmn.arc,gui_cmn.arc,14008
0,,トルーパーベスト,Trooper's Vest,ui\00_message\common\item_name.gmd,\ui\gui_cmn.arc,gui_cmn.arc,14009
0,,四法の巻布,Compass Wrap,ui\00_message\common\item_name.gmd,\ui\gui_cmn.arc,gui_cmn.arc,14010
0,,四法の巻布,Compass Wrap,ui\00_message\common\item_name.gmd,\ui\gui_cmn.arc,gui_cmn.arc,14011
0,,四法の巻布,Compass Wrap,ui\00_message\common\item_name.gmd,\ui\gui_cmn.arc,gui_cmn.arc,14012
0,,四法の巻布,Compass Wrap,ui\00_message\common\item_name.gmd,\ui\gui_cmn.arc,gui_cmn.arc,14013
0,,四法の巻布,Compass Wrap,ui\00_message\common\item_name.gmd,\ui\gui_cmn.arc,gui_cmn.arc,14014
0,,フロウイングスリーブ,Flowing Sleeves,ui\00_message\common\item_name.gmd,\ui\gui_cmn.arc,gui_cmn.arc,14015
0,,フロウイングスリーブ,Flowing Sleeves,ui\00_message\common\item_name.gmd,\ui\gui_cmn.arc,gui_cmn.arc,14016
0,,フロウイングスリーブ,Flowing Sleeves,ui\00_message\common\item_name.gmd,\ui\gui_cmn.arc,gui_cmn.arc,14017
0,,フロウイングスリーブ,Flowing Sleeves,ui\00_message\common\item_name.gmd,\ui\gui_cmn.arc,gui_cmn.arc,14018
0,,フロウイングスリーブ,Flowing Sleeves,ui\00_message\common\item_name.gmd,\ui\gui_cmn.arc,gui_cmn.arc,14019
0,,ビガーバインダー,Vigor Binder,ui\00_message\common\item_name.gmd,\ui\gui_cmn.arc,gui_cmn.arc,14020
0,,ビガーバインダー,Vigor Binder,ui\00_message\common\item_name.gmd,\ui\gui_cmn.arc,gui_cmn.arc,14021
0,,ビガーバインダー,Vigor Binder,ui\00_message\common\item_name.gmd,\ui\gui_cmn.arc,gui_cmn.arc,14022
0,,ビガーバインダー,Vigor Binder,ui\00_message\common\item_name.gmd,\ui\gui_cmn.arc,gui_cmn.arc,14023
0,,ビガーバインダー,Vigor Binder,ui\00_message\common\item_name.gmd,\ui\gui_cmn.arc,gui_cmn.arc,14024
0,,レスタニアンベスト,Lestanian Vest,ui\00_message\common\item_name.gmd,\ui\gui_cmn.arc,gui_cmn.arc,14025
0,,レスタニアンベスト,Lestanian Vest,ui\00_message\common\item_name.gmd,\ui\gui_cmn.arc,gui_cmn.arc,14026
0,,レスタニアンベスト,Lestanian Vest,ui\00_message\common\item_name.gmd,\ui\gui_cmn.arc,gui_cmn.arc,14027
0,,レスタニアンベスト,Lestanian Vest,ui\00_message\common\item_name.gmd,\ui\gui_cmn.arc,gui_cmn.arc,14028
0,,レスタニアンベスト,Lestanian Vest,ui\00_message\common\item_name.gmd,\ui\gui_cmn.arc,gui_cmn.arc,14029
0,,オフィサースリーブ,Officer's Sleeves,ui\00_message\common\item_name.gmd,\ui\gui_cmn.arc,gui_cmn.arc,14030
0,,オフィサースリーブ,Officer's Sleeves,ui\00_message\common\item_name.gmd,\ui\gui_cmn.arc,gui_cmn.arc,14031
0,,オフィサースリーブ,Officer's Sleeves,ui\00_message\common\item_name.gmd,\ui\gui_cmn.arc,gui_cmn.arc,14032
0,,オフィサースリーブ,Officer's Sleeves,ui\00_message\common\item_name.gmd,\ui\gui_cmn.arc,gui_cmn.arc,14033
0,,オフィサースリーブ,Officer's Sleeves,ui\00_message\common\item_name.gmd,\ui\gui_cmn.arc,gui_cmn.arc,14034
0,,モナークベスト,Monarch's Vest,ui\00_message\common\item_name.gmd,\ui\gui_cmn.arc,gui_cmn.arc,14035
0,,モナークベスト,Monarch's Vest,ui\00_message\common\item_name.gmd,\ui\gui_cmn.arc,gui_cmn.arc,14036
0,,モナークベスト,Monarch's Vest,ui\00_message\common\item_name.gmd,\ui\gui_cmn.arc,gui_cmn.arc,14037
0,,モナークベスト,Monarch's Vest,ui\00_message\common\item_name.gmd,\ui\gui_cmn.arc,gui_cmn.arc,14038
0,,モナークベスト,Monarch's Vest,ui\00_message\common\item_name.gmd,\ui\gui_cmn.arc,gui_cmn.arc,14039
0,,ジャスティスホルダー,Justice Holder,ui\00_message\common\item_name.gmd,\ui\gui_cmn.arc,gui_cmn.arc,14040
0,,ジャスティスホルダー,Justice Holder,ui\00_message\common\item_name.gmd,\ui\gui_cmn.arc,gui_cmn.arc,14041
0,,ジャスティスホルダー,Justice Holder,ui\00_message\common\item_name.gmd,\ui\gui_cmn.arc,gui_cmn.arc,14042
0,,ジャスティスホルダー,Justice Holder,ui\00_message\common\item_name.gmd,\ui\gui_cmn.arc,gui_cmn.arc,14043
0,,ジャスティスホルダー,Justice Holder,ui\00_message\common\item_name.gmd,\ui\gui_cmn.arc,gui_cmn.arc,14044
0,,暁のドレープ,Dawn Drape,ui\00_message\common\item_name.gmd,\ui\gui_cmn.arc,gui_cmn.arc,14045
0,,暁のドレープ,Dawn Drape,ui\00_message\common\item_name.gmd,\ui\gui_cmn.arc,gui_cmn.arc,14046
0,,暁のドレープ,Dawn Drape,ui\00_message\common\item_name.gmd,\ui\gui_cmn.arc,gui_cmn.arc,14047
0,,暁のドレープ,Dawn Drape,ui\00_message\common\item_name.gmd,\ui\gui_cmn.arc,gui_cmn.arc,14048
0,,暁のドレープ,Dawn Drape,ui\00_message\common\item_name.gmd,\ui\gui_cmn.arc,gui_cmn.arc,14049
0,,貴族_男_1-1,Aristocrat_Male_1-1,ui\00_message\common\item_name.gmd,\ui\gui_cmn.arc,gui_cmn.arc,14050
0,,貴族_男_1-2,Aristocrat_Male_1-2,ui\00_message\common\item_name.gmd,\ui\gui_cmn.arc,gui_cmn.arc,14051
0,,貴族_男_1-3,Aristocrat_Male_1-3,ui\00_message\common\item_name.gmd,\ui\gui_cmn.arc,gui_cmn.arc,14052
0,,貴族_男_2-1,noble_man_2-1,ui\00_message\common\item_name.gmd,\ui\gui_cmn.arc,gui_cmn.arc,14053
0,,貴族_男_2-2,Noble_Man_2-2,ui\00_message\common\item_name.gmd,\ui\gui_cmn.arc,gui_cmn.arc,14054
0,,貴族_男_2-3,Aristocrat_Male_2-3,ui\00_message\common\item_name.gmd,\ui\gui_cmn.arc,gui_cmn.arc,14055
0,,貴族_男_3-1,noble_man_3-1,ui\00_message\common\item_name.gmd,\ui\gui_cmn.arc,gui_cmn.arc,14056
0,,貴族_男_3-2,Aristocrat_Male_3-2,ui\00_message\common\item_name.gmd,\ui\gui_cmn.arc,gui_cmn.arc,14057
0,,貴族_男_3-3,noble_man_3-3,ui\00_message\common\item_name.gmd,\ui\gui_cmn.arc,gui_cmn.arc,14058
0,,貴族_男_4-1,Noble_Male_4-1,ui\00_message\common\item_name.gmd,\ui\gui_cmn.arc,gui_cmn.arc,14059
0,,貴族_男_4-2,Aristocrat_Male_4-2,ui\00_message\common\item_name.gmd,\ui\gui_cmn.arc,gui_cmn.arc,14060
0,,貴族_男_4-3,Aristocrat_Male_4-3,ui\00_message\common\item_name.gmd,\ui\gui_cmn.arc,gui_cmn.arc,14061
0,,文化C_男_海人_1-1,Culture_C_Man_Men_Kaijin_1-1,ui\00_message\common\item_name.gmd,\ui\gui_cmn.arc,gui_cmn.arc,14062
0,,文化C_男_海人_1-2,Culture_C_Man_Men_Kaijin_1-2,ui\00_message\common\item_name.gmd,\ui\gui_cmn.arc,gui_cmn.arc,14063
0,,文化C_男_海人_1-3,Culture_C_Man_Men_Kaijin_1-3,ui\00_message\common\item_name.gmd,\ui\gui_cmn.arc,gui_cmn.arc,14064
0,,文化C_男_海人_2-1,Culture_C_Man_Men_Kaijin_2-1,ui\00_message\common\item_name.gmd,\ui\gui_cmn.arc,gui_cmn.arc,14065
0,,文化C_男_海人_2-2,Culture_C_Man_Men_Kaijin_2-2,ui\00_message\common\item_name.gmd,\ui\gui_cmn.arc,gui_cmn.arc,14066
0,,文化C_男_海人_2-3,Culture_C_Man_Men_Kaijin_2-3,ui\00_message\common\item_name.gmd,\ui\gui_cmn.arc,gui_cmn.arc,14067
0,,文化C_男_海人_3-1,Culture_C_Male_Kaijin_3-1,ui\00_message\common\item_name.gmd,\ui\gui_cmn.arc,gui_cmn.arc,14068
0,,文化C_男_海人_3-2,Culture_C_Man_Men_Kaijin_3-2,ui\00_message\common\item_name.gmd,\ui\gui_cmn.arc,gui_cmn.arc,14069
0,,文化C_男_海人_3-3,Culture_C_Man_Men_Kaijin_3-3,ui\00_message\common\item_name.gmd,\ui\gui_cmn.arc,gui_cmn.arc,14070
0,,文化C_男_労働者_4-1,Culture_C_Man_Men_Workers_4-1,ui\00_message\common\item_name.gmd,\ui\gui_cmn.arc,gui_cmn.arc,14071
0,,文化C_男_労働者_4-2,Culture_C_Man_Men_Workers_4-2,ui\00_message\common\item_name.gmd,\ui\gui_cmn.arc,gui_cmn.arc,14072
0,,文化C_男_労働者_4-3,Culture_C_Man_Men_Workers_4-3,ui\00_message\common\item_name.gmd,\ui\gui_cmn.arc,gui_cmn.arc,14073
0,,文化C_男_労働者_5-1,Culture_C_Man_Men_Workers_5-1,ui\00_message\common\item_name.gmd,\ui\gui_cmn.arc,gui_cmn.arc,14074
0,,文化C_男_労働者_5-2,Culture_C_Man_Men_Workers_5-2,ui\00_message\common\item_name.gmd,\ui\gui_cmn.arc,gui_cmn.arc,14075
0,,文化C_男_労働者_5-3,Culture_C_Man_Men_Workers_5-3,ui\00_message\common\item_name.gmd,\ui\gui_cmn.arc,gui_cmn.arc,14076
0,,文化C_男_半裸_6-1,CultureC_Male_Half-naked_6-1,ui\00_message\common\item_name.gmd,\ui\gui_cmn.arc,gui_cmn.arc,14077
0,,文化C_男_半裸_6-2,CultureC_Male_Half-naked_6-2,ui\00_message\common\item_name.gmd,\ui\gui_cmn.arc,gui_cmn.arc,14078
0,,文化C_男_半裸_6-3,CultureC_Male_Half-naked_6-3,ui\00_message\common\item_name.gmd,\ui\gui_cmn.arc,gui_cmn.arc,14079
0,,薄着_男_1-1,Thin_Male_1-1,ui\00_message\common\item_name.gmd,\ui\gui_cmn.arc,gui_cmn.arc,14080
0,,薄着_男_1-2,Thin_Male_1-2,ui\00_message\common\item_name.gmd,\ui\gui_cmn.arc,gui_cmn.arc,14081
0,,薄着_男_1-3,Thin_Male_1-3,ui\00_message\common\item_name.gmd,\ui\gui_cmn.arc,gui_cmn.arc,14082
0,,薄着_男_2-1,Thin_Male_2-1,ui\00_message\common\item_name.gmd,\ui\gui_cmn.arc,gui_cmn.arc,14083
0,,薄着_男_2-2,Thin_Male_2-2,ui\00_message\common\item_name.gmd,\ui\gui_cmn.arc,gui_cmn.arc,14084
0,,薄着_男_2-3,Thin_Male_2-3,ui\00_message\common\item_name.gmd,\ui\gui_cmn.arc,gui_cmn.arc,14085
0,,薄着_男_3-1,Thin_Male_3-1,ui\00_message\common\item_name.gmd,\ui\gui_cmn.arc,gui_cmn.arc,14086
0,,薄着_男_3-2,Thin_Male_3-2,ui\00_message\common\item_name.gmd,\ui\gui_cmn.arc,gui_cmn.arc,14087
0,,薄着_男_3-3,Thin_Male_3-3,ui\00_message\common\item_name.gmd,\ui\gui_cmn.arc,gui_cmn.arc,14088
0,,薄着_男_4-1,Thin_Male_4-1,ui\00_message\common\item_name.gmd,\ui\gui_cmn.arc,gui_cmn.arc,14089
0,,薄着_男_4-2,Thin_Male_4-2,ui\00_message\common\item_name.gmd,\ui\gui_cmn.arc,gui_cmn.arc,14090
0,,薄着_男_4-3,Thin_Male_4-3,ui\00_message\common\item_name.gmd,\ui\gui_cmn.arc,gui_cmn.arc,14091
0,,薄着_女_1-1,Thin_Women_1-1,ui\00_message\common\item_name.gmd,\ui\gui_cmn.arc,gui_cmn.arc,14092
0,,薄着_女_1-2,Thin_Women_1-2,ui\00_message\common\item_name.gmd,\ui\gui_cmn.arc,gui_cmn.arc,14093
0,,薄着_女_1-3,Thin_Women_1-3,ui\00_message\common\item_name.gmd,\ui\gui_cmn.arc,gui_cmn.arc,14094
0,,薄着_女_2-1,Thin_Women_2-1,ui\00_message\common\item_name.gmd,\ui\gui_cmn.arc,gui_cmn.arc,14095
0,,薄着_女_2-2,Thin_Women_2-2,ui\00_message\common\item_name.gmd,\ui\gui_cmn.arc,gui_cmn.arc,14096
0,,薄着_女_2-3,Thin_Women_2-3,ui\00_message\common\item_name.gmd,\ui\gui_cmn.arc,gui_cmn.arc,14097
0,,薄着_女_3-1,Thin_Women_3-1,ui\00_message\common\item_name.gmd,\ui\gui_cmn.arc,gui_cmn.arc,14098
0,,薄着_女_3-2,Thin_Women_3-2,ui\00_message\common\item_name.gmd,\ui\gui_cmn.arc,gui_cmn.arc,14099
0,,薄着_女_3-3,Thin_Women_3-3,ui\00_message\common\item_name.gmd,\ui\gui_cmn.arc,gui_cmn.arc,14100
0,,薄着_女_4-1,Thin_Women_4-1,ui\00_message\common\item_name.gmd,\ui\gui_cmn.arc,gui_cmn.arc,14101
0,,薄着_女_4-2,Thin_Women_4-2,ui\00_message\common\item_name.gmd,\ui\gui_cmn.arc,gui_cmn.arc,14102
0,,薄着_女_4-3,Thin_Women_4-3,ui\00_message\common\item_name.gmd,\ui\gui_cmn.arc,gui_cmn.arc,14103
0,,戦士盗賊_女_鎧_1-1,Warrior_Thief_Female_Armor_1-1,ui\00_message\common\item_name.gmd,\ui\gui_cmn.arc,gui_cmn.arc,14104
0,,戦士盗賊_女_鎧_1-2,Warrior_Thief_Woman_Armor_1-2,ui\00_message\common\item_name.gmd,\ui\gui_cmn.arc,gui_cmn.arc,14105
0,,戦士盗賊_女_鎧_1-3,Warrior_Thief_Female_Armor_1-3,ui\00_message\common\item_name.gmd,\ui\gui_cmn.arc,gui_cmn.arc,14106
0,,戦士盗賊_女_鎧_2-1,warrior_thief_woman_armor_2-1,ui\00_message\common\item_name.gmd,\ui\gui_cmn.arc,gui_cmn.arc,14107
0,,戦士盗賊_女_鎧_2-2,warrior_thief_woman_armor_2-2,ui\00_message\common\item_name.gmd,\ui\gui_cmn.arc,gui_cmn.arc,14108
0,,戦士盗賊_女_鎧_2-3,warrior_thief_woman_armor_2-3,ui\00_message\common\item_name.gmd,\ui\gui_cmn.arc,gui_cmn.arc,14109
0,,戦士盗賊_女_軽装_3-1,Warrior bandit_Female_Light_3-1,ui\00_message\common\item_name.gmd,\ui\gui_cmn.arc,gui_cmn.arc,14110
0,,戦士盗賊_女_軽装_3-2,Warrior bandit_Female_Light_3-2,ui\00_message\common\item_name.gmd,\ui\gui_cmn.arc,gui_cmn.arc,14111
0,,戦士盗賊_女_軽装_3-3,Warrior bandit_Female_Light_3-3,ui\00_message\common\item_name.gmd,\ui\gui_cmn.arc,gui_cmn.arc,14112
0,,戦士盗賊_女_軽装_4-1,Warrior bandit_Female_Light_4-1,ui\00_message\common\item_name.gmd,\ui\gui_cmn.arc,gui_cmn.arc,14113
0,,戦士盗賊_女_軽装_4-2,Warrior bandit_Female_Light_4-2,ui\00_message\common\item_name.gmd,\ui\gui_cmn.arc,gui_cmn.arc,14114
0,,戦士盗賊_女_軽装_4-3,Warrior bandit_Female_Light_4-3,ui\00_message\common\item_name.gmd,\ui\gui_cmn.arc,gui_cmn.arc,14115
0,,戦士盗賊_女_軽装_5-1,Warrior bandit_Female_Light_5-1,ui\00_message\common\item_name.gmd,\ui\gui_cmn.arc,gui_cmn.arc,14116
0,,戦士盗賊_女_軽装_5-2,Warrior bandit_Female_Light_5-2,ui\00_message\common\item_name.gmd,\ui\gui_cmn.arc,gui_cmn.arc,14117
0,,戦士盗賊_女_軽装_5-3,Warrior bandit_Female_Light_5-3,ui\00_message\common\item_name.gmd,\ui\gui_cmn.arc,gui_cmn.arc,14118
0,,戦士盗賊_女_鎧_6-1,warrior_thief_woman_armor_6-1,ui\00_message\common\item_name.gmd,\ui\gui_cmn.arc,gui_cmn.arc,14119
0,,戦士盗賊_女_鎧_6-2,warrior_thief_woman_armor_6-2,ui\00_message\common\item_name.gmd,\ui\gui_cmn.arc,gui_cmn.arc,14120
0,,戦士盗賊_女_鎧_6-3,warrior_thief_woman_armor_6-3,ui\00_message\common\item_name.gmd,\ui\gui_cmn.arc,gui_cmn.arc,14121
0,,ベネフィットメイル,Benefit Mail,ui\00_message\common\item_name.gmd,\ui\gui_cmn.arc,gui_cmn.arc,14122
0,,ベネフィットジャケット,Benefit Jacket,ui\00_message\common\item_name.gmd,\ui\gui_cmn.arc,gui_cmn.arc,14123
0,,ベネフィットバデッド,Benefit Padding,ui\00_message\common\item_name.gmd,\ui\gui_cmn.arc,gui_cmn.arc,14124
0,,ベネフィットアーマー,Benefit Armor,ui\00_message\common\item_name.gmd,\ui\gui_cmn.arc,gui_cmn.arc,14125
0,,人敵用ab210009_0_0,ab210009_0_0 for human enemy,ui\00_message\common\item_name.gmd,\ui\gui_cmn.arc,gui_cmn.arc,14126
0,,人敵用ab210028_0_0,ab210028_0_0 for human enemy,ui\00_message\common\item_name.gmd,\ui\gui_cmn.arc,gui_cmn.arc,14127
0,,人敵用ab210010_0_0,ab210010_0_0 for human enemy,ui\00_message\common\item_name.gmd,\ui\gui_cmn.arc,gui_cmn.arc,14128
0,,人敵用ab210015_0_0,ab210015_0_0 for human enemy,ui\00_message\common\item_name.gmd,\ui\gui_cmn.arc,gui_cmn.arc,14129
0,,人敵用ab210002_0_0,ab210002_0_0 for human enemy,ui\00_message\common\item_name.gmd,\ui\gui_cmn.arc,gui_cmn.arc,14130
0,,人敵用ab210026_0_0,ab210026_0_0 for human enemy,ui\00_message\common\item_name.gmd,\ui\gui_cmn.arc,gui_cmn.arc,14131
0,,人敵用ab210061_0_0,ab210061_0_0 for human enemy,ui\00_message\common\item_name.gmd,\ui\gui_cmn.arc,gui_cmn.arc,14132
0,,人敵用ab210060_0_0,ab210060_0_0 for human enemy,ui\00_message\common\item_name.gmd,\ui\gui_cmn.arc,gui_cmn.arc,14133
0,,戦士盗賊_男_特殊枠1,Warrior bandit_Male_Special Frame 1,ui\00_message\common\item_name.gmd,\ui\gui_cmn.arc,gui_cmn.arc,14134
0,,戦士盗賊_男_特殊枠2,Warrior bandit_Male_Special Frame 2,ui\00_message\common\item_name.gmd,\ui\gui_cmn.arc,gui_cmn.arc,14135
0,,戦士盗賊_男_特殊枠3,Warrior bandit_Male_Special Frame 3,ui\00_message\common\item_name.gmd,\ui\gui_cmn.arc,gui_cmn.arc,14136
0,,戦士盗賊_男_特殊枠4,Warrior bandit_Male_Special Frame 4,ui\00_message\common\item_name.gmd,\ui\gui_cmn.arc,gui_cmn.arc,14137
0,,文化A_男_特殊枠3,Culture A_Male_Special Frame 3,ui\00_message\common\item_name.gmd,\ui\gui_cmn.arc,gui_cmn.arc,14138
0,,文化A_男_特殊枠4,Culture A_Male_Special Frame 4,ui\00_message\common\item_name.gmd,\ui\gui_cmn.arc,gui_cmn.arc,14139
0,,文化A_女_特殊枠3,Culture A_Female_Special Frame 3,ui\00_message\common\item_name.gmd,\ui\gui_cmn.arc,gui_cmn.arc,14140
0,,文化A_女_特殊枠4,Culture A_Female_Special Frame 4,ui\00_message\common\item_name.gmd,\ui\gui_cmn.arc,gui_cmn.arc,14141
0,,文化B_男_特殊枠2,Culture B_Male_Special Frame 2,ui\00_message\common\item_name.gmd,\ui\gui_cmn.arc,gui_cmn.arc,14142
0,,文化B_男_特殊枠3,Culture B_Male_Special Frame 3,ui\00_message\common\item_name.gmd,\ui\gui_cmn.arc,gui_cmn.arc,14143
0,,文化B_男_特殊枠4,Culture B_Male_Special Frame 4,ui\00_message\common\item_name.gmd,\ui\gui_cmn.arc,gui_cmn.arc,14144
0,,戦士盗賊_女_特殊枠1,Warrior Thief_Female_Special Frame 1,ui\00_message\common\item_name.gmd,\ui\gui_cmn.arc,gui_cmn.arc,14145
0,,戦士盗賊_女_特殊枠2,Warrior Thief_Female_Special Frame 2,ui\00_message\common\item_name.gmd,\ui\gui_cmn.arc,gui_cmn.arc,14146
0,,戦士盗賊_女_特殊枠3,Warrior Thief_Female_Special Frame 3,ui\00_message\common\item_name.gmd,\ui\gui_cmn.arc,gui_cmn.arc,14147
0,,戦士盗賊_女_特殊枠4,Warrior Thief_Female_Special Frame 4,ui\00_message\common\item_name.gmd,\ui\gui_cmn.arc,gui_cmn.arc,14148
0,,術士_男女_特殊枠1,Surgeon_Male/Female_Special Frame 1,ui\00_message\common\item_name.gmd,\ui\gui_cmn.arc,gui_cmn.arc,14149
0,,術士_男女_特殊枠2,Surgeon_Male/Female_Special Frame 2,ui\00_message\common\item_name.gmd,\ui\gui_cmn.arc,gui_cmn.arc,14150
0,,術士_男女_特殊枠3,Surgeon_Male/Female_Special Frame 3,ui\00_message\common\item_name.gmd,\ui\gui_cmn.arc,gui_cmn.arc,14151
0,,術士_男女_特殊枠4,Surgeon_Male/Female_Special Frame 4,ui\00_message\common\item_name.gmd,\ui\gui_cmn.arc,gui_cmn.arc,14152
0,,貴族_男_特殊枠1,Aristocrat_Male_Special Frame 1,ui\00_message\common\item_name.gmd,\ui\gui_cmn.arc,gui_cmn.arc,14153
0,,貴族_男_特殊枠2,Nobleman_Male_Special Frame 2,ui\00_message\common\item_name.gmd,\ui\gui_cmn.arc,gui_cmn.arc,14154
0,,貴族_男_特殊枠3,Nobleman_Male_Special Frame 3,ui\00_message\common\item_name.gmd,\ui\gui_cmn.arc,gui_cmn.arc,14155
0,,貴族_男_特殊枠4,Noble_Male_Special_Frame4,ui\00_message\common\item_name.gmd,\ui\gui_cmn.arc,gui_cmn.arc,14156
0,,文化C_男_特殊枠1,Culture C_Male_Special Frame 1,ui\00_message\common\item_name.gmd,\ui\gui_cmn.arc,gui_cmn.arc,14157
0,,文化C_男_特殊枠2,Culture C_Male_Special Frame 2,ui\00_message\common\item_name.gmd,\ui\gui_cmn.arc,gui_cmn.arc,14158
0,,文化C_男_特殊枠3,Culture C_Male_Special Frame 3,ui\00_message\common\item_name.gmd,\ui\gui_cmn.arc,gui_cmn.arc,14159
0,,文化C_男_特殊枠4,Culture C_Male_Special Frame 4,ui\00_message\common\item_name.gmd,\ui\gui_cmn.arc,gui_cmn.arc,14160
0,,お水系_女_特殊枠3,Water_Women_Special_Frame3,ui\00_message\common\item_name.gmd,\ui\gui_cmn.arc,gui_cmn.arc,14161
0,,お水系_女_特殊枠4,Water_Women_Special_Frame4,ui\00_message\common\item_name.gmd,\ui\gui_cmn.arc,gui_cmn.arc,14162
0,,薄着_男_特殊枠1,Thin_Male_Special_Frame1,ui\00_message\common\item_name.gmd,\ui\gui_cmn.arc,gui_cmn.arc,14163
0,,薄着_男_特殊枠2,Light Clothing_Male_Special Frame 2,ui\00_message\common\item_name.gmd,\ui\gui_cmn.arc,gui_cmn.arc,14164
0,,薄着_女_特殊枠1,Thin_Women_Special_Frame1,ui\00_message\common\item_name.gmd,\ui\gui_cmn.arc,gui_cmn.arc,14165
0,,薄着_女_特殊枠2,Thin_Women_Special_Frame2,ui\00_message\common\item_name.gmd,\ui\gui_cmn.arc,gui_cmn.arc,14166
0,,NPC用_ab210000,For NPC_ab210000,ui\00_message\common\item_name.gmd,\ui\gui_cmn.arc,gui_cmn.arc,14167
0,,戦士盗賊_男_特殊枠5,Warrior bandit_Male_Special Frame 5,ui\00_message\common\item_name.gmd,\ui\gui_cmn.arc,gui_cmn.arc,14168
0,,アークメイジローブ,Archmage's Robe,ui\00_message\common\item_name.gmd,\ui\gui_cmn.arc,gui_cmn.arc,14169
0,,アークメイジローブ,Archmage's Robe,ui\00_message\common\item_name.gmd,\ui\gui_cmn.arc,gui_cmn.arc,14170
0,,アークメイジローブ,Archmage's Robe,ui\00_message\common\item_name.gmd,\ui\gui_cmn.arc,gui_cmn.arc,14171
0,,アークメイジローブ,Archmage's Robe,ui\00_message\common\item_name.gmd,\ui\gui_cmn.arc,gui_cmn.arc,14172
0,,アークメイジローブ,Archmage's Robe,ui\00_message\common\item_name.gmd,\ui\gui_cmn.arc,gui_cmn.arc,14173
0,,ネメシスアーマー,Nemesis Armor,ui\00_message\common\item_name.gmd,\ui\gui_cmn.arc,gui_cmn.arc,14174
0,,ネメシスアーマー,Nemesis Armor,ui\00_message\common\item_name.gmd,\ui\gui_cmn.arc,gui_cmn.arc,14175
0,,ネメシスアーマー,Nemesis Armor,ui\00_message\common\item_name.gmd,\ui\gui_cmn.arc,gui_cmn.arc,14176
0,,ネメシスアーマー,Nemesis Armor,ui\00_message\common\item_name.gmd,\ui\gui_cmn.arc,gui_cmn.arc,14177
0,,ネメシスアーマー,Nemesis Armor,ui\00_message\common\item_name.gmd,\ui\gui_cmn.arc,gui_cmn.arc,14178
0,,執行者の聖鎧【紅蓮】,Enforcer's Sacred Armor (Crimson),ui\00_message\common\item_name.gmd,\ui\gui_cmn.arc,gui_cmn.arc,14179
0,,執行者の聖鎧【紅蓮】,Enforcer's Sacred Armor (Crimson),ui\00_message\common\item_name.gmd,\ui\gui_cmn.arc,gui_cmn.arc,14180
0,,執行者の聖鎧【紅蓮】,Enforcer's Sacred Armor (Crimson),ui\00_message\common\item_name.gmd,\ui\gui_cmn.arc,gui_cmn.arc,14181
0,,執行者の聖鎧【紅蓮】,Enforcer's Sacred Armor (Crimson),ui\00_message\common\item_name.gmd,\ui\gui_cmn.arc,gui_cmn.arc,14182
0,,執行者の聖鎧【紅蓮】,Enforcer's Sacred Armor (Crimson),ui\00_message\common\item_name.gmd,\ui\gui_cmn.arc,gui_cmn.arc,14183
0,,執行者の聖鎧【月花】,Enforcer's Sacred Armor (Moonflower),ui\00_message\common\item_name.gmd,\ui\gui_cmn.arc,gui_cmn.arc,14184
0,,執行者の聖鎧【闇夜】,Enforcer's Sacred Armor (Dark Night),ui\00_message\common\item_name.gmd,\ui\gui_cmn.arc,gui_cmn.arc,14185
0,,衣装：キースヒルト戦闘用,Outfit: Kieshildt (For Combat),ui\00_message\common\item_name.gmd,\ui\gui_cmn.arc,gui_cmn.arc,14186
0,,レウスメイル,Rathalos Mail,ui\00_message\common\item_name.gmd,\ui\gui_cmn.arc,gui_cmn.arc,14187
0,,レウスメイル,Rathalos Mail,ui\00_message\common\item_name.gmd,\ui\gui_cmn.arc,gui_cmn.arc,14188
0,,レウスメイル,Rathalos Mail,ui\00_message\common\item_name.gmd,\ui\gui_cmn.arc,gui_cmn.arc,14189
0,,レウスメイル,Rathalos Mail,ui\00_message\common\item_name.gmd,\ui\gui_cmn.arc,gui_cmn.arc,14190
0,,レウスメイル,Rathalos Mail,ui\00_message\common\item_name.gmd,\ui\gui_cmn.arc,gui_cmn.arc,14191
0,,レイアメイル,Rathian Mail,ui\00_message\common\item_name.gmd,\ui\gui_cmn.arc,gui_cmn.arc,14192
0,,レイアメイル,Rathian Mail,ui\00_message\common\item_name.gmd,\ui\gui_cmn.arc,gui_cmn.arc,14193
0,,レイアメイル,Rathian Mail,ui\00_message\common\item_name.gmd,\ui\gui_cmn.arc,gui_cmn.arc,14194
0,,レイアメイル,Rathian Mail,ui\00_message\common\item_name.gmd,\ui\gui_cmn.arc,gui_cmn.arc,14195
0,,レイアメイル,Rathian Mail,ui\00_message\common\item_name.gmd,\ui\gui_cmn.arc,gui_cmn.arc,14196
0,,シルバーソルメイル,Silver Sol Mail,ui\00_message\common\item_name.gmd,\ui\gui_cmn.arc,gui_cmn.arc,14197
0,,シルバーソルメイル,Silver Sol Mail,ui\00_message\common\item_name.gmd,\ui\gui_cmn.arc,gui_cmn.arc,14198
0,,シルバーソルメイル,Silver Sol Mail,ui\00_message\common\item_name.gmd,\ui\gui_cmn.arc,gui_cmn.arc,14199
0,,シルバーソルメイル,Silver Sol Mail,ui\00_message\common\item_name.gmd,\ui\gui_cmn.arc,gui_cmn.arc,14200
0,,シルバーソルメイル,Silver Sol Mail,ui\00_message\common\item_name.gmd,\ui\gui_cmn.arc,gui_cmn.arc,14201
0,,ゴールドルナメイル,Gold Luna Mail,ui\00_message\common\item_name.gmd,\ui\gui_cmn.arc,gui_cmn.arc,14202
0,,ゴールドルナメイル,Gold Luna Mail,ui\00_message\common\item_name.gmd,\ui\gui_cmn.arc,gui_cmn.arc,14203
0,,ゴールドルナメイル,Gold Luna Mail,ui\00_message\common\item_name.gmd,\ui\gui_cmn.arc,gui_cmn.arc,14204
0,,ゴールドルナメイル,Gold Luna Mail,ui\00_message\common\item_name.gmd,\ui\gui_cmn.arc,gui_cmn.arc,14205
0,,ゴールドルナメイル,Gold Luna Mail,ui\00_message\common\item_name.gmd,\ui\gui_cmn.arc,gui_cmn.arc,14206
0,,衣装：セシリー,Outfit: Cecily,ui\00_message\common\item_name.gmd,\ui\gui_cmn.arc,gui_cmn.arc,14207
0,,衣装：ロイグ,Outfit: Loeg,ui\00_message\common\item_name.gmd,\ui\gui_cmn.arc,gui_cmn.arc,14208
0,,衣装：エリオット,Outfit: Elliot,ui\00_message\common\item_name.gmd,\ui\gui_cmn.arc,gui_cmn.arc,14209
0,,衣装：セシリー_短剣あり,Outfit: Cecily (With Dagger),ui\00_message\common\item_name.gmd,\ui\gui_cmn.arc,gui_cmn.arc,14210
0,,人敵用ab210007_1_1,ab210007_1_1 for human enemies,ui\00_message\common\item_name.gmd,\ui\gui_cmn.arc,gui_cmn.arc,14211
0,,人敵用ab210009_1_1,ab210009_1_1 for human enemy,ui\00_message\common\item_name.gmd,\ui\gui_cmn.arc,gui_cmn.arc,14212
0,,人敵用ab210024_1_1,ab210024_1_1 for human enemies,ui\00_message\common\item_name.gmd,\ui\gui_cmn.arc,gui_cmn.arc,14213
0,,人敵用ab210027_1_1,ab210027_1_1 for human enemies,ui\00_message\common\item_name.gmd,\ui\gui_cmn.arc,gui_cmn.arc,14214
0,,人敵用ab210028_1_1,ab210028_1_1 for human enemy,ui\00_message\common\item_name.gmd,\ui\gui_cmn.arc,gui_cmn.arc,14215
0,,人敵用ab210067_1_1,ab210067_1_1 for human enemy,ui\00_message\common\item_name.gmd,\ui\gui_cmn.arc,gui_cmn.arc,14216
0,,上級妖精族衣装_男_0,Advanced fairy_man_0,ui\00_message\common\item_name.gmd,\ui\gui_cmn.arc,gui_cmn.arc,14217
0,,上級妖精族衣装_男_1,Advanced fairy_man_1,ui\00_message\common\item_name.gmd,\ui\gui_cmn.arc,gui_cmn.arc,14218
0,,上級妖精族衣装_男_2,Advanced Fairy Tribe Costume_Male_2,ui\00_message\common\item_name.gmd,\ui\gui_cmn.arc,gui_cmn.arc,14219
0,,上級妖精族衣装_男_3,Advanced Fairy Tribe Costume_Male_3,ui\00_message\common\item_name.gmd,\ui\gui_cmn.arc,gui_cmn.arc,14220
0,,上級妖精族衣装_男_4,Advanced fairy_man_4,ui\00_message\common\item_name.gmd,\ui\gui_cmn.arc,gui_cmn.arc,14221
0,,上級妖精族衣装_男_5,Advanced fairy_man_5,ui\00_message\common\item_name.gmd,\ui\gui_cmn.arc,gui_cmn.arc,14222
0,,妖精族　一般セット男1A,Fairy Tribe General Set Male 1A,ui\00_message\common\item_name.gmd,\ui\gui_cmn.arc,gui_cmn.arc,14223
0,,妖精族　一般セット男1B,Fairy Tribe General Set Male 1B,ui\00_message\common\item_name.gmd,\ui\gui_cmn.arc,gui_cmn.arc,14224
0,,妖精族　一般セット男2A,Fairy Tribe General Set Male 2A,ui\00_message\common\item_name.gmd,\ui\gui_cmn.arc,gui_cmn.arc,14225
0,,妖精族　一般セット男2B,Fairy Tribe General Set Male 2B,ui\00_message\common\item_name.gmd,\ui\gui_cmn.arc,gui_cmn.arc,14226
0,,妖精族　一般セット男3A,Fairy Tribe General Set Male 3A,ui\00_message\common\item_name.gmd,\ui\gui_cmn.arc,gui_cmn.arc,14227
0,,妖精族　一般セット男3B,Fairy Tribe General Set Male 3B,ui\00_message\common\item_name.gmd,\ui\gui_cmn.arc,gui_cmn.arc,14228
0,,妖精族　一般セット男4A,Fairy Tribe General Set Male 4A,ui\00_message\common\item_name.gmd,\ui\gui_cmn.arc,gui_cmn.arc,14229
0,,妖精族　一般セット男4B,Fairy Tribe General Set Male 4B,ui\00_message\common\item_name.gmd,\ui\gui_cmn.arc,gui_cmn.arc,14230
0,,妖精族　一般セット男5A,Fairy Tribe General Set Male 5A,ui\00_message\common\item_name.gmd,\ui\gui_cmn.arc,gui_cmn.arc,14231
0,,妖精族　一般セット男5B,Fairy Tribe General Set Male 5B,ui\00_message\common\item_name.gmd,\ui\gui_cmn.arc,gui_cmn.arc,14232
0,,妖精族　一般セット男6A,Fairy Tribe General Set Male 6A,ui\00_message\common\item_name.gmd,\ui\gui_cmn.arc,gui_cmn.arc,14233
0,,妖精族　一般セット男6B,Fairy Tribe General Set Male 6B,ui\00_message\common\item_name.gmd,\ui\gui_cmn.arc,gui_cmn.arc,14234
0,,妖精族　上級セット女_00,Fairy Tribe Senior Set Female_00,ui\00_message\common\item_name.gmd,\ui\gui_cmn.arc,gui_cmn.arc,14235
0,,妖精族　上級セット女_01,Fairy Tribe Senior Set Female_01,ui\00_message\common\item_name.gmd,\ui\gui_cmn.arc,gui_cmn.arc,14236
0,,妖精族　上級セット女_02,Fairy Tribe Senior Set Female_02,ui\00_message\common\item_name.gmd,\ui\gui_cmn.arc,gui_cmn.arc,14237
0,,妖精族　上級セット女_03,Fairy Tribe Senior Set Female_03,ui\00_message\common\item_name.gmd,\ui\gui_cmn.arc,gui_cmn.arc,14238
0,,妖精族　上級セット女_04,Fairy Tribe Senior Set Female_04,ui\00_message\common\item_name.gmd,\ui\gui_cmn.arc,gui_cmn.arc,14239
0,,妖精族　上級セット女_05,Fairy Tribe Senior Set Female_05,ui\00_message\common\item_name.gmd,\ui\gui_cmn.arc,gui_cmn.arc,14240
0,,妖精族　一般セット男7A,Fairy Tribe General Set Male 7A,ui\00_message\common\item_name.gmd,\ui\gui_cmn.arc,gui_cmn.arc,14241
0,,妖精族　一般セット男7B,Fairy Tribe General Set Male 7B,ui\00_message\common\item_name.gmd,\ui\gui_cmn.arc,gui_cmn.arc,14242
0,,妖精族　一般セット男8A,Fairy Tribe General Set Male 8A,ui\00_message\common\item_name.gmd,\ui\gui_cmn.arc,gui_cmn.arc,14243
0,,妖精族　一般セット男8B,Fairy Tribe General Set Male 8B,ui\00_message\common\item_name.gmd,\ui\gui_cmn.arc,gui_cmn.arc,14244
0,,妖精族　一般セット男9A,Fairy Tribe General Set Male 9A,ui\00_message\common\item_name.gmd,\ui\gui_cmn.arc,gui_cmn.arc,14245
0,,妖精族　一般セット男9B,Fairy Tribe General Set Male 9B,ui\00_message\common\item_name.gmd,\ui\gui_cmn.arc,gui_cmn.arc,14246
0,,妖精族　一般セット男10A,Fairy Tribe General Set Male 10A,ui\00_message\common\item_name.gmd,\ui\gui_cmn.arc,gui_cmn.arc,14247
0,,妖精族　一般セット男10B,Fairy Tribe General Set Male 10B,ui\00_message\common\item_name.gmd,\ui\gui_cmn.arc,gui_cmn.arc,14248
0,,妖精族　一般セット男11A,Fairy Tribe General Set Male 11A,ui\00_message\common\item_name.gmd,\ui\gui_cmn.arc,gui_cmn.arc,14249
0,,妖精族　一般セット男11B,Fairy Tribe General Set Male 11B,ui\00_message\common\item_name.gmd,\ui\gui_cmn.arc,gui_cmn.arc,14250
0,,妖精族　一般セット男12A,Fairy Tribe General Set Male 12A,ui\00_message\common\item_name.gmd,\ui\gui_cmn.arc,gui_cmn.arc,14251
0,,妖精族　一般セット男12B,Fairy Tribe General Set Male 12B,ui\00_message\common\item_name.gmd,\ui\gui_cmn.arc,gui_cmn.arc,14252
0,,妖精族　　原住民拠点用1,Fairy Tribe For aboriginal base 1,ui\00_message\common\item_name.gmd,\ui\gui_cmn.arc,gui_cmn.arc,14253
0,,妖精族　　原住民拠点用2,Fairy Tribe For aboriginal base 2,ui\00_message\common\item_name.gmd,\ui\gui_cmn.arc,gui_cmn.arc,14254
0,,妖精族　　原住民拠点用3,Fairy Tribe For aboriginal base 3,ui\00_message\common\item_name.gmd,\ui\gui_cmn.arc,gui_cmn.arc,14255
0,,妖精族　　原住民拠点用4,Fairy Tribe For aboriginal base 4,ui\00_message\common\item_name.gmd,\ui\gui_cmn.arc,gui_cmn.arc,14256
0,,妖精族　一般セット女1A,Fairy Tribe General Set Female 1A,ui\00_message\common\item_name.gmd,\ui\gui_cmn.arc,gui_cmn.arc,14257
0,,妖精族　一般セット女1B,Fairy Tribe General Set Female 1B,ui\00_message\common\item_name.gmd,\ui\gui_cmn.arc,gui_cmn.arc,14258
0,,妖精族　一般セット女2A,Fairy Tribe General Set Female 2A,ui\00_message\common\item_name.gmd,\ui\gui_cmn.arc,gui_cmn.arc,14259
0,,妖精族　一般セット女2B,Fairy Tribe General Set Female 2B,ui\00_message\common\item_name.gmd,\ui\gui_cmn.arc,gui_cmn.arc,14260
0,,妖精族　一般セット女3A,Fairy Tribe General Set Female 3A,ui\00_message\common\item_name.gmd,\ui\gui_cmn.arc,gui_cmn.arc,14261
0,,妖精族　一般セット女3B,Fairy Tribe General Set Female 3B,ui\00_message\common\item_name.gmd,\ui\gui_cmn.arc,gui_cmn.arc,14262
0,,妖精族　一般セット女4A,Fairy Tribe General Set Female 4A,ui\00_message\common\item_name.gmd,\ui\gui_cmn.arc,gui_cmn.arc,14263
0,,妖精族　一般セット女4B,Fairy Tribe General Set Female 4B,ui\00_message\common\item_name.gmd,\ui\gui_cmn.arc,gui_cmn.arc,14264
0,,妖精族　一般セット女5A,Fairy Tribe General Set Female 5A,ui\00_message\common\item_name.gmd,\ui\gui_cmn.arc,gui_cmn.arc,14265
0,,妖精族　一般セット女5B,Fairy Tribe General Set Female 5B,ui\00_message\common\item_name.gmd,\ui\gui_cmn.arc,gui_cmn.arc,14266
0,,妖精族　一般セット女6A,Fairy Tribe General Set Female 6A,ui\00_message\common\item_name.gmd,\ui\gui_cmn.arc,gui_cmn.arc,14267
0,,妖精族　一般セット女6B,Fairy Tribe General Set Female 6B,ui\00_message\common\item_name.gmd,\ui\gui_cmn.arc,gui_cmn.arc,14268
0,,妖精族　一般セット女7A,Fairy Tribe General Set Female 7A,ui\00_message\common\item_name.gmd,\ui\gui_cmn.arc,gui_cmn.arc,14269
0,,妖精族　一般セット女7B,Fairy Tribe General Set Female 7B,ui\00_message\common\item_name.gmd,\ui\gui_cmn.arc,gui_cmn.arc,14270
0,,妖精族　一般セット女8A,Fairy Tribe General Set Female 8A,ui\00_message\common\item_name.gmd,\ui\gui_cmn.arc,gui_cmn.arc,14271
0,,妖精族　一般セット女8B,Fairy Tribe General Set Female 8B,ui\00_message\common\item_name.gmd,\ui\gui_cmn.arc,gui_cmn.arc,14272
0,,妖精族　一般セット女9A,Fairy Tribe General Set Female 9A,ui\00_message\common\item_name.gmd,\ui\gui_cmn.arc,gui_cmn.arc,14273
0,,妖精族　一般セット女9B,Fairy Tribe General Set Female 9B,ui\00_message\common\item_name.gmd,\ui\gui_cmn.arc,gui_cmn.arc,14274
0,,妖精族　一般セット女10A,Fairy Tribe General Set Female 10A,ui\00_message\common\item_name.gmd,\ui\gui_cmn.arc,gui_cmn.arc,14275
0,,妖精族　一般セット女10B,Fairy Tribe General Set Female 10B,ui\00_message\common\item_name.gmd,\ui\gui_cmn.arc,gui_cmn.arc,14276
0,,妖精族　一般セット女11A,Fairy Tribe General Set Female 11A,ui\00_message\common\item_name.gmd,\ui\gui_cmn.arc,gui_cmn.arc,14277
0,,妖精族　一般セット女11B,Fairy Tribe General Set Female 11B,ui\00_message\common\item_name.gmd,\ui\gui_cmn.arc,gui_cmn.arc,14278
0,,妖精族　一般セット女12A,Fairy Tribe General Set Female 12A,ui\00_message\common\item_name.gmd,\ui\gui_cmn.arc,gui_cmn.arc,14279
0,,妖精族　一般セット女12B,Fairy Tribe General Set Female 12B,ui\00_message\common\item_name.gmd,\ui\gui_cmn.arc,gui_cmn.arc,14280
0,,妖精族　　原住民拠点用1,Fairy Tribe For aboriginal base 1,ui\00_message\common\item_name.gmd,\ui\gui_cmn.arc,gui_cmn.arc,14281
0,,妖精族　　原住民拠点用2,Fairy Tribe For aboriginal base 2,ui\00_message\common\item_name.gmd,\ui\gui_cmn.arc,gui_cmn.arc,14282
0,,妖精族　　原住民拠点用3,Fairy Tribe For aboriginal base 3,ui\00_message\common\item_name.gmd,\ui\gui_cmn.arc,gui_cmn.arc,14283
0,,妖精族　　原住民拠点用4,Fairy Tribe For aboriginal base 4,ui\00_message\common\item_name.gmd,\ui\gui_cmn.arc,gui_cmn.arc,14284
0,,上級妖精族衣装_男_6,Advanced Fairy Tribe Costume_Male_6,ui\00_message\common\item_name.gmd,\ui\gui_cmn.arc,gui_cmn.arc,14285
0,,上級妖精族衣装_男_7,Advanced Fairy Tribe Costume_Male_7,ui\00_message\common\item_name.gmd,\ui\gui_cmn.arc,gui_cmn.arc,14286
0,,上級妖精族衣装_男_8,Advanced Fairy Tribe Costume_Male_8,ui\00_message\common\item_name.gmd,\ui\gui_cmn.arc,gui_cmn.arc,14287
0,,妖精族　上級セット女_06,Fairy Tribe Senior Set Female_06,ui\00_message\common\item_name.gmd,\ui\gui_cmn.arc,gui_cmn.arc,14288
0,,妖精族　上級セット女_07,Fairy Tribe Senior Set Female_07,ui\00_message\common\item_name.gmd,\ui\gui_cmn.arc,gui_cmn.arc,14289
0,,妖精族　上級セット女_08,Fairy Tribe Senior Set Female_08,ui\00_message\common\item_name.gmd,\ui\gui_cmn.arc,gui_cmn.arc,14290
0,,人敵用np400015_0,np400015_0 for human enemy,ui\00_message\common\item_name.gmd,\ui\gui_cmn.arc,gui_cmn.arc,14291
0,,人敵用np400015_1,np400015_1 for human enemy,ui\00_message\common\item_name.gmd,\ui\gui_cmn.arc,gui_cmn.arc,14292
0,,人敵用np400015_2,np400015_2 for human enemy,ui\00_message\common\item_name.gmd,\ui\gui_cmn.arc,gui_cmn.arc,14293
0,,人敵用np400015_3,np400015_3 for human enemy,ui\00_message\common\item_name.gmd,\ui\gui_cmn.arc,gui_cmn.arc,14294
0,,人敵用np400015_4,np400015_4 for human enemy,ui\00_message\common\item_name.gmd,\ui\gui_cmn.arc,gui_cmn.arc,14295
0,,人敵用np400015_5,np400015_5 for human enemy,ui\00_message\common\item_name.gmd,\ui\gui_cmn.arc,gui_cmn.arc,14296
0,,人敵用np400015_6,np400015_6 for human enemy,ui\00_message\common\item_name.gmd,\ui\gui_cmn.arc,gui_cmn.arc,14297
0,,人敵用np400015_7,np400015_7 for human enemy,ui\00_message\common\item_name.gmd,\ui\gui_cmn.arc,gui_cmn.arc,14298
0,,無形のコート,Invisible Coat,ui\00_message\common\item_name.gmd,\ui\gui_cmn.arc,gui_cmn.arc,14299
0,,ダマスクスプレート,Damascus Plate,ui\00_message\common\item_name.gmd,\ui\gui_cmn.arc,gui_cmn.arc,14300
0,,ダマスクスプレート,Damascus Plate,ui\00_message\common\item_name.gmd,\ui\gui_cmn.arc,gui_cmn.arc,14301
0,,ダマスクスプレート,Damascus Plate,ui\00_message\common\item_name.gmd,\ui\gui_cmn.arc,gui_cmn.arc,14302
0,,ダマスクスプレート,Damascus Plate,ui\00_message\common\item_name.gmd,\ui\gui_cmn.arc,gui_cmn.arc,14303
0,,ダマスクスプレート,Damascus Plate,ui\00_message\common\item_name.gmd,\ui\gui_cmn.arc,gui_cmn.arc,14304
0,,不滅のサーコート,Immortal's Surcoat,ui\00_message\common\item_name.gmd,\ui\gui_cmn.arc,gui_cmn.arc,14305
0,,不滅のサーコート,Immortal's Surcoat,ui\00_message\common\item_name.gmd,\ui\gui_cmn.arc,gui_cmn.arc,14306
0,,不滅のサーコート,Immortal's Surcoat,ui\00_message\common\item_name.gmd,\ui\gui_cmn.arc,gui_cmn.arc,14307
0,,不滅のサーコート,Immortal's Surcoat,ui\00_message\common\item_name.gmd,\ui\gui_cmn.arc,gui_cmn.arc,14308
0,,不滅のサーコート,Immortal's Surcoat,ui\00_message\common\item_name.gmd,\ui\gui_cmn.arc,gui_cmn.arc,14309
0,,エンライトメントアーマー,Enlightenment Armor,ui\00_message\common\item_name.gmd,\ui\gui_cmn.arc,gui_cmn.arc,14310
0,,エンライトメントアーマー,Enlightenment Armor,ui\00_message\common\item_name.gmd,\ui\gui_cmn.arc,gui_cmn.arc,14311
0,,エンライトメントアーマー,Enlightenment Armor,ui\00_message\common\item_name.gmd,\ui\gui_cmn.arc,gui_cmn.arc,14312
0,,エンライトメントアーマー,Enlightenment Armor,ui\00_message\common\item_name.gmd,\ui\gui_cmn.arc,gui_cmn.arc,14313
0,,エンライトメントアーマー,Enlightenment Armor,ui\00_message\common\item_name.gmd,\ui\gui_cmn.arc,gui_cmn.arc,14314
0,,ワイルドプレート,Wild Plate,ui\00_message\common\item_name.gmd,\ui\gui_cmn.arc,gui_cmn.arc,14315
0,,ワイルドプレート,Wild Plate,ui\00_message\common\item_name.gmd,\ui\gui_cmn.arc,gui_cmn.arc,14316
0,,ワイルドプレート,Wild Plate,ui\00_message\common\item_name.gmd,\ui\gui_cmn.arc,gui_cmn.arc,14317
0,,ワイルドプレート,Wild Plate,ui\00_message\common\item_name.gmd,\ui\gui_cmn.arc,gui_cmn.arc,14318
0,,ワイルドプレート,Wild Plate,ui\00_message\common\item_name.gmd,\ui\gui_cmn.arc,gui_cmn.arc,14319
0,,アロイアーマー,Alloy Armor,ui\00_message\common\item_name.gmd,\ui\gui_cmn.arc,gui_cmn.arc,14320
0,,アロイアーマー,Alloy Armor,ui\00_message\common\item_name.gmd,\ui\gui_cmn.arc,gui_cmn.arc,14321
0,,アロイアーマー,Alloy Armor,ui\00_message\common\item_name.gmd,\ui\gui_cmn.arc,gui_cmn.arc,14322
0,,アロイアーマー,Alloy Armor,ui\00_message\common\item_name.gmd,\ui\gui_cmn.arc,gui_cmn.arc,14323
0,,アロイアーマー,Alloy Armor,ui\00_message\common\item_name.gmd,\ui\gui_cmn.arc,gui_cmn.arc,14324
0,,プレデターアーマー,Predator Armor,ui\00_message\common\item_name.gmd,\ui\gui_cmn.arc,gui_cmn.arc,14325
0,,プレデターアーマー,Predator Armor,ui\00_message\common\item_name.gmd,\ui\gui_cmn.arc,gui_cmn.arc,14326
0,,プレデターアーマー,Predator Armor,ui\00_message\common\item_name.gmd,\ui\gui_cmn.arc,gui_cmn.arc,14327
0,,プレデターアーマー,Predator Armor,ui\00_message\common\item_name.gmd,\ui\gui_cmn.arc,gui_cmn.arc,14328
0,,プレデターアーマー,Predator Armor,ui\00_message\common\item_name.gmd,\ui\gui_cmn.arc,gui_cmn.arc,14329
0,,ストリームローブ,Stream Robe,ui\00_message\common\item_name.gmd,\ui\gui_cmn.arc,gui_cmn.arc,14330
0,,ストリームローブ,Stream Robe,ui\00_message\common\item_name.gmd,\ui\gui_cmn.arc,gui_cmn.arc,14331
0,,ストリームローブ,Stream Robe,ui\00_message\common\item_name.gmd,\ui\gui_cmn.arc,gui_cmn.arc,14332
0,,ストリームローブ,Stream Robe,ui\00_message\common\item_name.gmd,\ui\gui_cmn.arc,gui_cmn.arc,14333
0,,ストリームローブ,Stream Robe,ui\00_message\common\item_name.gmd,\ui\gui_cmn.arc,gui_cmn.arc,14334
0,,清廉のジャケット,Jacket of Integrity,ui\00_message\common\item_name.gmd,\ui\gui_cmn.arc,gui_cmn.arc,14335
0,,清廉のジャケット,Jacket of Integrity,ui\00_message\common\item_name.gmd,\ui\gui_cmn.arc,gui_cmn.arc,14336
0,,清廉のジャケット,Jacket of Integrity,ui\00_message\common\item_name.gmd,\ui\gui_cmn.arc,gui_cmn.arc,14337
0,,清廉のジャケット,Jacket of Integrity,ui\00_message\common\item_name.gmd,\ui\gui_cmn.arc,gui_cmn.arc,14338
0,,清廉のジャケット,Jacket of Integrity,ui\00_message\common\item_name.gmd,\ui\gui_cmn.arc,gui_cmn.arc,14339
0,,ビショップローブ,Bishop Robe,ui\00_message\common\item_name.gmd,\ui\gui_cmn.arc,gui_cmn.arc,14340
0,,ビショップローブ,Bishop Robe,ui\00_message\common\item_name.gmd,\ui\gui_cmn.arc,gui_cmn.arc,14341
0,,ビショップローブ,Bishop Robe,ui\00_message\common\item_name.gmd,\ui\gui_cmn.arc,gui_cmn.arc,14342
0,,ビショップローブ,Bishop Robe,ui\00_message\common\item_name.gmd,\ui\gui_cmn.arc,gui_cmn.arc,14343
0,,ビショップローブ,Bishop Robe,ui\00_message\common\item_name.gmd,\ui\gui_cmn.arc,gui_cmn.arc,14344
0,,モラリティローブ,Morality Robe,ui\00_message\common\item_name.gmd,\ui\gui_cmn.arc,gui_cmn.arc,14345
0,,モラリティローブ,Morality Robe,ui\00_message\common\item_name.gmd,\ui\gui_cmn.arc,gui_cmn.arc,14346
0,,モラリティローブ,Morality Robe,ui\00_message\common\item_name.gmd,\ui\gui_cmn.arc,gui_cmn.arc,14347
0,,モラリティローブ,Morality Robe,ui\00_message\common\item_name.gmd,\ui\gui_cmn.arc,gui_cmn.arc,14348
0,,モラリティローブ,Morality Robe,ui\00_message\common\item_name.gmd,\ui\gui_cmn.arc,gui_cmn.arc,14349
0,,リーベルタスローブ,Libertas Robe,ui\00_message\common\item_name.gmd,\ui\gui_cmn.arc,gui_cmn.arc,14350
0,,リーベルタスローブ,Libertas Robe,ui\00_message\common\item_name.gmd,\ui\gui_cmn.arc,gui_cmn.arc,14351
0,,リーベルタスローブ,Libertas Robe,ui\00_message\common\item_name.gmd,\ui\gui_cmn.arc,gui_cmn.arc,14352
0,,リーベルタスローブ,Libertas Robe,ui\00_message\common\item_name.gmd,\ui\gui_cmn.arc,gui_cmn.arc,14353
0,,リーベルタスローブ,Libertas Robe,ui\00_message\common\item_name.gmd,\ui\gui_cmn.arc,gui_cmn.arc,14354
0,,カーリオンブレスト,Carrion Breastplate,ui\00_message\common\item_name.gmd,\ui\gui_cmn.arc,gui_cmn.arc,14355
0,,カーリオンブレスト,Carrion Breastplate,ui\00_message\common\item_name.gmd,\ui\gui_cmn.arc,gui_cmn.arc,14356
0,,カーリオンブレスト,Carrion Breastplate,ui\00_message\common\item_name.gmd,\ui\gui_cmn.arc,gui_cmn.arc,14357
0,,カーリオンブレスト,Carrion Breastplate,ui\00_message\common\item_name.gmd,\ui\gui_cmn.arc,gui_cmn.arc,14358
0,,カーリオンブレスト,Carrion Breastplate,ui\00_message\common\item_name.gmd,\ui\gui_cmn.arc,gui_cmn.arc,14359
0,,陰影のコート,Coat of Gloom,ui\00_message\common\item_name.gmd,\ui\gui_cmn.arc,gui_cmn.arc,14360
0,,陰影のコート,Coat of Gloom,ui\00_message\common\item_name.gmd,\ui\gui_cmn.arc,gui_cmn.arc,14361
0,,陰影のコート,Coat of Gloom,ui\00_message\common\item_name.gmd,\ui\gui_cmn.arc,gui_cmn.arc,14362
0,,陰影のコート,Coat of Gloom,ui\00_message\common\item_name.gmd,\ui\gui_cmn.arc,gui_cmn.arc,14363
0,,陰影のコート,Coat of Gloom,ui\00_message\common\item_name.gmd,\ui\gui_cmn.arc,gui_cmn.arc,14364
0,,賢人のローブ,Robe of The Arisen,ui\00_message\common\item_name.gmd,\ui\gui_cmn.arc,gui_cmn.arc,14365
0,,賢人のローブ,Robe of The Arisen,ui\00_message\common\item_name.gmd,\ui\gui_cmn.arc,gui_cmn.arc,14366
0,,賢人のローブ,Robe of The Arisen,ui\00_message\common\item_name.gmd,\ui\gui_cmn.arc,gui_cmn.arc,14367
0,,賢人のローブ,Robe of The Arisen,ui\00_message\common\item_name.gmd,\ui\gui_cmn.arc,gui_cmn.arc,14368
0,,賢人のローブ,Robe of The Arisen,ui\00_message\common\item_name.gmd,\ui\gui_cmn.arc,gui_cmn.arc,14369
0,,セインツエプロン,Saint's Apron,ui\00_message\common\item_name.gmd,\ui\gui_cmn.arc,gui_cmn.arc,14370
0,,セインツエプロン,Saint's Apron,ui\00_message\common\item_name.gmd,\ui\gui_cmn.arc,gui_cmn.arc,14371
0,,セインツエプロン,Saint's Apron,ui\00_message\common\item_name.gmd,\ui\gui_cmn.arc,gui_cmn.arc,14372
