#Index,Key,MsgJp,MsgEn,GmdPath,ArcPath,ArcName,ReadIndex
0,,,,ui\00_message\common\item_info.gmd,\ui\item_info.arc,item_info.arc,7371
0,,,,ui\00_message\common\item_info.gmd,\ui\item_info.arc,item_info.arc,7372
0,,,,ui\00_message\common\item_info.gmd,\ui\item_info.arc,item_info.arc,7373
0,,,,ui\00_message\common\item_info.gmd,\ui\item_info.arc,item_info.arc,7374
0,,,,ui\00_message\common\item_info.gmd,\ui\item_info.arc,item_info.arc,7375
0,,,,ui\00_message\common\item_info.gmd,\ui\item_info.arc,item_info.arc,7376
0,,,,ui\00_message\common\item_info.gmd,\ui\item_info.arc,item_info.arc,7377
0,,,,ui\00_message\common\item_info.gmd,\ui\item_info.arc,item_info.arc,7378
0,,,,ui\00_message\common\item_info.gmd,\ui\item_info.arc,item_info.arc,7379
0,,,,ui\00_message\common\item_info.gmd,\ui\item_info.arc,item_info.arc,7380
0,,,,ui\00_message\common\item_info.gmd,\ui\item_info.arc,item_info.arc,7381
0,,,,ui\00_message\common\item_info.gmd,\ui\item_info.arc,item_info.arc,7382
0,,,,ui\00_message\common\item_info.gmd,\ui\item_info.arc,item_info.arc,7383
0,,,,ui\00_message\common\item_info.gmd,\ui\item_info.arc,item_info.arc,7384
0,,,,ui\00_message\common\item_info.gmd,\ui\item_info.arc,item_info.arc,7385
0,,,,ui\00_message\common\item_info.gmd,\ui\item_info.arc,item_info.arc,7386
0,,,,ui\00_message\common\item_info.gmd,\ui\item_info.arc,item_info.arc,7387
0,,,,ui\00_message\common\item_info.gmd,\ui\item_info.arc,item_info.arc,7388
0,,,,ui\00_message\common\item_info.gmd,\ui\item_info.arc,item_info.arc,7389
0,,,,ui\00_message\common\item_info.gmd,\ui\item_info.arc,item_info.arc,7390
0,,,,ui\00_message\common\item_info.gmd,\ui\item_info.arc,item_info.arc,7391
0,,,,ui\00_message\common\item_info.gmd,\ui\item_info.arc,item_info.arc,7392
0,,,,ui\00_message\common\item_info.gmd,\ui\item_info.arc,item_info.arc,7393
0,,,,ui\00_message\common\item_info.gmd,\ui\item_info.arc,item_info.arc,7394
0,,,,ui\00_message\common\item_info.gmd,\ui\item_info.arc,item_info.arc,7395
0,,,,ui\00_message\common\item_info.gmd,\ui\item_info.arc,item_info.arc,7396
0,,,,ui\00_message\common\item_info.gmd,\ui\item_info.arc,item_info.arc,7397
0,,,,ui\00_message\common\item_info.gmd,\ui\item_info.arc,item_info.arc,7398
0,,,,ui\00_message\common\item_info.gmd,\ui\item_info.arc,item_info.arc,7399
0,,,,ui\00_message\common\item_info.gmd,\ui\item_info.arc,item_info.arc,7400
0,,,,ui\00_message\common\item_info.gmd,\ui\item_info.arc,item_info.arc,7401
0,,,,ui\00_message\common\item_info.gmd,\ui\item_info.arc,item_info.arc,7402
0,,,,ui\00_message\common\item_info.gmd,\ui\item_info.arc,item_info.arc,7403
0,,,,ui\00_message\common\item_info.gmd,\ui\item_info.arc,item_info.arc,7404
0,,,,ui\00_message\common\item_info.gmd,\ui\item_info.arc,item_info.arc,7405
0,,,,ui\00_message\common\item_info.gmd,\ui\item_info.arc,item_info.arc,7406
0,,,,ui\00_message\common\item_info.gmd,\ui\item_info.arc,item_info.arc,7407
0,,,,ui\00_message\common\item_info.gmd,\ui\item_info.arc,item_info.arc,7408
0,,,,ui\00_message\common\item_info.gmd,\ui\item_info.arc,item_info.arc,7409
0,,,,ui\00_message\common\item_info.gmd,\ui\item_info.arc,item_info.arc,7410
0,,,,ui\00_message\common\item_info.gmd,\ui\item_info.arc,item_info.arc,7411
0,,,,ui\00_message\common\item_info.gmd,\ui\item_info.arc,item_info.arc,7412
0,,,,ui\00_message\common\item_info.gmd,\ui\item_info.arc,item_info.arc,7413
0,,,,ui\00_message\common\item_info.gmd,\ui\item_info.arc,item_info.arc,7414
0,,,,ui\00_message\common\item_info.gmd,\ui\item_info.arc,item_info.arc,7415
0,,,,ui\00_message\common\item_info.gmd,\ui\item_info.arc,item_info.arc,7416
0,,,,ui\00_message\common\item_info.gmd,\ui\item_info.arc,item_info.arc,7417
0,,,,ui\00_message\common\item_info.gmd,\ui\item_info.arc,item_info.arc,7418
0,,,,ui\00_message\common\item_info.gmd,\ui\item_info.arc,item_info.arc,7419
0,,,,ui\00_message\common\item_info.gmd,\ui\item_info.arc,item_info.arc,7420
0,,,,ui\00_message\common\item_info.gmd,\ui\item_info.arc,item_info.arc,7421
0,,,,ui\00_message\common\item_info.gmd,\ui\item_info.arc,item_info.arc,7422
0,,,,ui\00_message\common\item_info.gmd,\ui\item_info.arc,item_info.arc,7423
0,,,,ui\00_message\common\item_info.gmd,\ui\item_info.arc,item_info.arc,7424
0,,,,ui\00_message\common\item_info.gmd,\ui\item_info.arc,item_info.arc,7425
0,,,,ui\00_message\common\item_info.gmd,\ui\item_info.arc,item_info.arc,7426
0,,,,ui\00_message\common\item_info.gmd,\ui\item_info.arc,item_info.arc,7427
0,,,,ui\00_message\common\item_info.gmd,\ui\item_info.arc,item_info.arc,7428
0,,,,ui\00_message\common\item_info.gmd,\ui\item_info.arc,item_info.arc,7429
0,,,,ui\00_message\common\item_info.gmd,\ui\item_info.arc,item_info.arc,7430
0,,,,ui\00_message\common\item_info.gmd,\ui\item_info.arc,item_info.arc,7431
0,,,,ui\00_message\common\item_info.gmd,\ui\item_info.arc,item_info.arc,7432
0,,,,ui\00_message\common\item_info.gmd,\ui\item_info.arc,item_info.arc,7433
0,,,,ui\00_message\common\item_info.gmd,\ui\item_info.arc,item_info.arc,7434
0,,,,ui\00_message\common\item_info.gmd,\ui\item_info.arc,item_info.arc,7435
0,,,,ui\00_message\common\item_info.gmd,\ui\item_info.arc,item_info.arc,7436
0,,,,ui\00_message\common\item_info.gmd,\ui\item_info.arc,item_info.arc,7437
0,,,,ui\00_message\common\item_info.gmd,\ui\item_info.arc,item_info.arc,7438
0,,,,ui\00_message\common\item_info.gmd,\ui\item_info.arc,item_info.arc,7439
0,,,,ui\00_message\common\item_info.gmd,\ui\item_info.arc,item_info.arc,7440
0,,,,ui\00_message\common\item_info.gmd,\ui\item_info.arc,item_info.arc,7441
0,,,,ui\00_message\common\item_info.gmd,\ui\item_info.arc,item_info.arc,7442
0,,,,ui\00_message\common\item_info.gmd,\ui\item_info.arc,item_info.arc,7443
0,,,,ui\00_message\common\item_info.gmd,\ui\item_info.arc,item_info.arc,7444
0,,,,ui\00_message\common\item_info.gmd,\ui\item_info.arc,item_info.arc,7445
0,,,,ui\00_message\common\item_info.gmd,\ui\item_info.arc,item_info.arc,7446
0,,,,ui\00_message\common\item_info.gmd,\ui\item_info.arc,item_info.arc,7447
0,,,,ui\00_message\common\item_info.gmd,\ui\item_info.arc,item_info.arc,7448
0,,,,ui\00_message\common\item_info.gmd,\ui\item_info.arc,item_info.arc,7449
0,,,,ui\00_message\common\item_info.gmd,\ui\item_info.arc,item_info.arc,7450
0,,,,ui\00_message\common\item_info.gmd,\ui\item_info.arc,item_info.arc,7451
0,,,,ui\00_message\common\item_info.gmd,\ui\item_info.arc,item_info.arc,7452
0,,,,ui\00_message\common\item_info.gmd,\ui\item_info.arc,item_info.arc,7453
0,,,,ui\00_message\common\item_info.gmd,\ui\item_info.arc,item_info.arc,7454
0,,,,ui\00_message\common\item_info.gmd,\ui\item_info.arc,item_info.arc,7455
0,,,,ui\00_message\common\item_info.gmd,\ui\item_info.arc,item_info.arc,7456
0,,,,ui\00_message\common\item_info.gmd,\ui\item_info.arc,item_info.arc,7457
0,,,,ui\00_message\common\item_info.gmd,\ui\item_info.arc,item_info.arc,7458
0,,,,ui\00_message\common\item_info.gmd,\ui\item_info.arc,item_info.arc,7459
0,,,,ui\00_message\common\item_info.gmd,\ui\item_info.arc,item_info.arc,7460
0,,,,ui\00_message\common\item_info.gmd,\ui\item_info.arc,item_info.arc,7461
0,,,,ui\00_message\common\item_info.gmd,\ui\item_info.arc,item_info.arc,7462
0,,,,ui\00_message\common\item_info.gmd,\ui\item_info.arc,item_info.arc,7463
0,,,,ui\00_message\common\item_info.gmd,\ui\item_info.arc,item_info.arc,7464
0,,,,ui\00_message\common\item_info.gmd,\ui\item_info.arc,item_info.arc,7465
0,,,,ui\00_message\common\item_info.gmd,\ui\item_info.arc,item_info.arc,7466
0,,,,ui\00_message\common\item_info.gmd,\ui\item_info.arc,item_info.arc,7467
0,,,,ui\00_message\common\item_info.gmd,\ui\item_info.arc,item_info.arc,7468
0,,,,ui\00_message\common\item_info.gmd,\ui\item_info.arc,item_info.arc,7469
0,,,,ui\00_message\common\item_info.gmd,\ui\item_info.arc,item_info.arc,7470
0,,,,ui\00_message\common\item_info.gmd,\ui\item_info.arc,item_info.arc,7471
0,,,,ui\00_message\common\item_info.gmd,\ui\item_info.arc,item_info.arc,7472
0,,,,ui\00_message\common\item_info.gmd,\ui\item_info.arc,item_info.arc,7473
0,,,,ui\00_message\common\item_info.gmd,\ui\item_info.arc,item_info.arc,7474
0,,,,ui\00_message\common\item_info.gmd,\ui\item_info.arc,item_info.arc,7475
0,,,,ui\00_message\common\item_info.gmd,\ui\item_info.arc,item_info.arc,7476
0,,,,ui\00_message\common\item_info.gmd,\ui\item_info.arc,item_info.arc,7477
0,,,,ui\00_message\common\item_info.gmd,\ui\item_info.arc,item_info.arc,7478
0,,,,ui\00_message\common\item_info.gmd,\ui\item_info.arc,item_info.arc,7479
0,,,,ui\00_message\common\item_info.gmd,\ui\item_info.arc,item_info.arc,7480
0,,,,ui\00_message\common\item_info.gmd,\ui\item_info.arc,item_info.arc,7481
0,,,,ui\00_message\common\item_info.gmd,\ui\item_info.arc,item_info.arc,7482
0,,,,ui\00_message\common\item_info.gmd,\ui\item_info.arc,item_info.arc,7483
0,,,,ui\00_message\common\item_info.gmd,\ui\item_info.arc,item_info.arc,7484
0,,,,ui\00_message\common\item_info.gmd,\ui\item_info.arc,item_info.arc,7485
0,,,,ui\00_message\common\item_info.gmd,\ui\item_info.arc,item_info.arc,7486
0,,,,ui\00_message\common\item_info.gmd,\ui\item_info.arc,item_info.arc,7487
0,,,,ui\00_message\common\item_info.gmd,\ui\item_info.arc,item_info.arc,7488
0,,,,ui\00_message\common\item_info.gmd,\ui\item_info.arc,item_info.arc,7489
0,,,,ui\00_message\common\item_info.gmd,\ui\item_info.arc,item_info.arc,7490
0,,,,ui\00_message\common\item_info.gmd,\ui\item_info.arc,item_info.arc,7491
0,,,,ui\00_message\common\item_info.gmd,\ui\item_info.arc,item_info.arc,7492
0,,,,ui\00_message\common\item_info.gmd,\ui\item_info.arc,item_info.arc,7493
0,,,,ui\00_message\common\item_info.gmd,\ui\item_info.arc,item_info.arc,7494
0,,,,ui\00_message\common\item_info.gmd,\ui\item_info.arc,item_info.arc,7495
0,,,,ui\00_message\common\item_info.gmd,\ui\item_info.arc,item_info.arc,7496
0,,,,ui\00_message\common\item_info.gmd,\ui\item_info.arc,item_info.arc,7497
0,,,,ui\00_message\common\item_info.gmd,\ui\item_info.arc,item_info.arc,7498
0,,,,ui\00_message\common\item_info.gmd,\ui\item_info.arc,item_info.arc,7499
0,,,,ui\00_message\common\item_info.gmd,\ui\item_info.arc,item_info.arc,7500
0,,,,ui\00_message\common\item_info.gmd,\ui\item_info.arc,item_info.arc,7501
0,,,,ui\00_message\common\item_info.gmd,\ui\item_info.arc,item_info.arc,7502
0,,,,ui\00_message\common\item_info.gmd,\ui\item_info.arc,item_info.arc,7503
0,,,,ui\00_message\common\item_info.gmd,\ui\item_info.arc,item_info.arc,7504
0,,,,ui\00_message\common\item_info.gmd,\ui\item_info.arc,item_info.arc,7505
0,,,,ui\00_message\common\item_info.gmd,\ui\item_info.arc,item_info.arc,7506
0,,,,ui\00_message\common\item_info.gmd,\ui\item_info.arc,item_info.arc,7507
0,,,,ui\00_message\common\item_info.gmd,\ui\item_info.arc,item_info.arc,7508
0,,,,ui\00_message\common\item_info.gmd,\ui\item_info.arc,item_info.arc,7509
0,,,,ui\00_message\common\item_info.gmd,\ui\item_info.arc,item_info.arc,7510
0,,,,ui\00_message\common\item_info.gmd,\ui\item_info.arc,item_info.arc,7511
0,,,,ui\00_message\common\item_info.gmd,\ui\item_info.arc,item_info.arc,7512
0,,,,ui\00_message\common\item_info.gmd,\ui\item_info.arc,item_info.arc,7513
0,,,,ui\00_message\common\item_info.gmd,\ui\item_info.arc,item_info.arc,7514
0,,,,ui\00_message\common\item_info.gmd,\ui\item_info.arc,item_info.arc,7515
0,,,,ui\00_message\common\item_info.gmd,\ui\item_info.arc,item_info.arc,7516
0,,,,ui\00_message\common\item_info.gmd,\ui\item_info.arc,item_info.arc,7517
0,,,,ui\00_message\common\item_info.gmd,\ui\item_info.arc,item_info.arc,7518
0,,,,ui\00_message\common\item_info.gmd,\ui\item_info.arc,item_info.arc,7519
0,,,,ui\00_message\common\item_info.gmd,\ui\item_info.arc,item_info.arc,7520
0,,,,ui\00_message\common\item_info.gmd,\ui\item_info.arc,item_info.arc,7521
0,,,,ui\00_message\common\item_info.gmd,\ui\item_info.arc,item_info.arc,7522
0,,,,ui\00_message\common\item_info.gmd,\ui\item_info.arc,item_info.arc,7523
0,,,,ui\00_message\common\item_info.gmd,\ui\item_info.arc,item_info.arc,7524
0,,,,ui\00_message\common\item_info.gmd,\ui\item_info.arc,item_info.arc,7525
0,,,,ui\00_message\common\item_info.gmd,\ui\item_info.arc,item_info.arc,7526
0,,,,ui\00_message\common\item_info.gmd,\ui\item_info.arc,item_info.arc,7527
0,,,,ui\00_message\common\item_info.gmd,\ui\item_info.arc,item_info.arc,7528
0,,,,ui\00_message\common\item_info.gmd,\ui\item_info.arc,item_info.arc,7529
0,,,,ui\00_message\common\item_info.gmd,\ui\item_info.arc,item_info.arc,7530
0,,,,ui\00_message\common\item_info.gmd,\ui\item_info.arc,item_info.arc,7531
0,,,,ui\00_message\common\item_info.gmd,\ui\item_info.arc,item_info.arc,7532
0,,,,ui\00_message\common\item_info.gmd,\ui\item_info.arc,item_info.arc,7533
0,,,,ui\00_message\common\item_info.gmd,\ui\item_info.arc,item_info.arc,7534
0,,,,ui\00_message\common\item_info.gmd,\ui\item_info.arc,item_info.arc,7535
0,,,,ui\00_message\common\item_info.gmd,\ui\item_info.arc,item_info.arc,7536
0,,,,ui\00_message\common\item_info.gmd,\ui\item_info.arc,item_info.arc,7537
0,,,,ui\00_message\common\item_info.gmd,\ui\item_info.arc,item_info.arc,7538
0,,,,ui\00_message\common\item_info.gmd,\ui\item_info.arc,item_info.arc,7539
0,,,,ui\00_message\common\item_info.gmd,\ui\item_info.arc,item_info.arc,7540
0,,,,ui\00_message\common\item_info.gmd,\ui\item_info.arc,item_info.arc,7541
0,,,,ui\00_message\common\item_info.gmd,\ui\item_info.arc,item_info.arc,7542
0,,,,ui\00_message\common\item_info.gmd,\ui\item_info.arc,item_info.arc,7543
0,,,,ui\00_message\common\item_info.gmd,\ui\item_info.arc,item_info.arc,7544
0,,,,ui\00_message\common\item_info.gmd,\ui\item_info.arc,item_info.arc,7545
0,,,,ui\00_message\common\item_info.gmd,\ui\item_info.arc,item_info.arc,7546
0,,,,ui\00_message\common\item_info.gmd,\ui\item_info.arc,item_info.arc,7547
0,,,,ui\00_message\common\item_info.gmd,\ui\item_info.arc,item_info.arc,7548
0,,,,ui\00_message\common\item_info.gmd,\ui\item_info.arc,item_info.arc,7549
0,,,,ui\00_message\common\item_info.gmd,\ui\item_info.arc,item_info.arc,7550
0,,,,ui\00_message\common\item_info.gmd,\ui\item_info.arc,item_info.arc,7551
0,,,,ui\00_message\common\item_info.gmd,\ui\item_info.arc,item_info.arc,7552
0,,,,ui\00_message\common\item_info.gmd,\ui\item_info.arc,item_info.arc,7553
0,,,,ui\00_message\common\item_info.gmd,\ui\item_info.arc,item_info.arc,7554
0,,,,ui\00_message\common\item_info.gmd,\ui\item_info.arc,item_info.arc,7555
0,,,,ui\00_message\common\item_info.gmd,\ui\item_info.arc,item_info.arc,7556
0,,,,ui\00_message\common\item_info.gmd,\ui\item_info.arc,item_info.arc,7557
0,,,,ui\00_message\common\item_info.gmd,\ui\item_info.arc,item_info.arc,7558
0,,,,ui\00_message\common\item_info.gmd,\ui\item_info.arc,item_info.arc,7559
0,,,,ui\00_message\common\item_info.gmd,\ui\item_info.arc,item_info.arc,7560
0,,,,ui\00_message\common\item_info.gmd,\ui\item_info.arc,item_info.arc,7561
0,,,,ui\00_message\common\item_info.gmd,\ui\item_info.arc,item_info.arc,7562
0,,,,ui\00_message\common\item_info.gmd,\ui\item_info.arc,item_info.arc,7563
0,,,,ui\00_message\common\item_info.gmd,\ui\item_info.arc,item_info.arc,7564
0,,,,ui\00_message\common\item_info.gmd,\ui\item_info.arc,item_info.arc,7565
0,,,,ui\00_message\common\item_info.gmd,\ui\item_info.arc,item_info.arc,7566
0,,,,ui\00_message\common\item_info.gmd,\ui\item_info.arc,item_info.arc,7567
0,,,,ui\00_message\common\item_info.gmd,\ui\item_info.arc,item_info.arc,7568
0,,,,ui\00_message\common\item_info.gmd,\ui\item_info.arc,item_info.arc,7569
0,,,,ui\00_message\common\item_info.gmd,\ui\item_info.arc,item_info.arc,7570
0,,,,ui\00_message\common\item_info.gmd,\ui\item_info.arc,item_info.arc,7571
0,,,,ui\00_message\common\item_info.gmd,\ui\item_info.arc,item_info.arc,7572
0,,,,ui\00_message\common\item_info.gmd,\ui\item_info.arc,item_info.arc,7573
0,,,,ui\00_message\common\item_info.gmd,\ui\item_info.arc,item_info.arc,7574
0,,,,ui\00_message\common\item_info.gmd,\ui\item_info.arc,item_info.arc,7575
0,,,,ui\00_message\common\item_info.gmd,\ui\item_info.arc,item_info.arc,7576
0,,,,ui\00_message\common\item_info.gmd,\ui\item_info.arc,item_info.arc,7577
0,,,,ui\00_message\common\item_info.gmd,\ui\item_info.arc,item_info.arc,7578
0,,,,ui\00_message\common\item_info.gmd,\ui\item_info.arc,item_info.arc,7579
0,,,,ui\00_message\common\item_info.gmd,\ui\item_info.arc,item_info.arc,7580
0,,,,ui\00_message\common\item_info.gmd,\ui\item_info.arc,item_info.arc,7581
0,,,,ui\00_message\common\item_info.gmd,\ui\item_info.arc,item_info.arc,7582
0,,,,ui\00_message\common\item_info.gmd,\ui\item_info.arc,item_info.arc,7583
0,,,,ui\00_message\common\item_info.gmd,\ui\item_info.arc,item_info.arc,7584
0,,,,ui\00_message\common\item_info.gmd,\ui\item_info.arc,item_info.arc,7585
0,,,,ui\00_message\common\item_info.gmd,\ui\item_info.arc,item_info.arc,7586
0,,,,ui\00_message\common\item_info.gmd,\ui\item_info.arc,item_info.arc,7587
0,,,,ui\00_message\common\item_info.gmd,\ui\item_info.arc,item_info.arc,7588
0,,,,ui\00_message\common\item_info.gmd,\ui\item_info.arc,item_info.arc,7589
0,,,,ui\00_message\common\item_info.gmd,\ui\item_info.arc,item_info.arc,7590
0,,,,ui\00_message\common\item_info.gmd,\ui\item_info.arc,item_info.arc,7591
0,,,,ui\00_message\common\item_info.gmd,\ui\item_info.arc,item_info.arc,7592
0,,,,ui\00_message\common\item_info.gmd,\ui\item_info.arc,item_info.arc,7593
0,,,,ui\00_message\common\item_info.gmd,\ui\item_info.arc,item_info.arc,7594
0,,,,ui\00_message\common\item_info.gmd,\ui\item_info.arc,item_info.arc,7595
0,,,,ui\00_message\common\item_info.gmd,\ui\item_info.arc,item_info.arc,7596
0,,,,ui\00_message\common\item_info.gmd,\ui\item_info.arc,item_info.arc,7597
0,,,,ui\00_message\common\item_info.gmd,\ui\item_info.arc,item_info.arc,7598
0,,,,ui\00_message\common\item_info.gmd,\ui\item_info.arc,item_info.arc,7599
0,,,,ui\00_message\common\item_info.gmd,\ui\item_info.arc,item_info.arc,7600
0,,,,ui\00_message\common\item_info.gmd,\ui\item_info.arc,item_info.arc,7601
0,,,,ui\00_message\common\item_info.gmd,\ui\item_info.arc,item_info.arc,7602
0,,,,ui\00_message\common\item_info.gmd,\ui\item_info.arc,item_info.arc,7603
0,,,,ui\00_message\common\item_info.gmd,\ui\item_info.arc,item_info.arc,7604
0,,,,ui\00_message\common\item_info.gmd,\ui\item_info.arc,item_info.arc,7605
0,,,,ui\00_message\common\item_info.gmd,\ui\item_info.arc,item_info.arc,7606
0,,,,ui\00_message\common\item_info.gmd,\ui\item_info.arc,item_info.arc,7607
0,,,,ui\00_message\common\item_info.gmd,\ui\item_info.arc,item_info.arc,7608
0,,,,ui\00_message\common\item_info.gmd,\ui\item_info.arc,item_info.arc,7609
0,,,,ui\00_message\common\item_info.gmd,\ui\item_info.arc,item_info.arc,7610
0,,,,ui\00_message\common\item_info.gmd,\ui\item_info.arc,item_info.arc,7611
0,,,,ui\00_message\common\item_info.gmd,\ui\item_info.arc,item_info.arc,7612
0,,,,ui\00_message\common\item_info.gmd,\ui\item_info.arc,item_info.arc,7613
0,,,,ui\00_message\common\item_info.gmd,\ui\item_info.arc,item_info.arc,7614
0,,,,ui\00_message\common\item_info.gmd,\ui\item_info.arc,item_info.arc,7615
0,,,,ui\00_message\common\item_info.gmd,\ui\item_info.arc,item_info.arc,7616
0,,,,ui\00_message\common\item_info.gmd,\ui\item_info.arc,item_info.arc,7617
0,,,,ui\00_message\common\item_info.gmd,\ui\item_info.arc,item_info.arc,7618
0,,,,ui\00_message\common\item_info.gmd,\ui\item_info.arc,item_info.arc,7619
0,,,,ui\00_message\common\item_info.gmd,\ui\item_info.arc,item_info.arc,7620
0,,,,ui\00_message\common\item_info.gmd,\ui\item_info.arc,item_info.arc,7621
0,,,,ui\00_message\common\item_info.gmd,\ui\item_info.arc,item_info.arc,7622
0,,,,ui\00_message\common\item_info.gmd,\ui\item_info.arc,item_info.arc,7623
0,,,,ui\00_message\common\item_info.gmd,\ui\item_info.arc,item_info.arc,7624
0,,,,ui\00_message\common\item_info.gmd,\ui\item_info.arc,item_info.arc,7625
0,,,,ui\00_message\common\item_info.gmd,\ui\item_info.arc,item_info.arc,7626
0,,,,ui\00_message\common\item_info.gmd,\ui\item_info.arc,item_info.arc,7627
0,,,,ui\00_message\common\item_info.gmd,\ui\item_info.arc,item_info.arc,7628
0,,,,ui\00_message\common\item_info.gmd,\ui\item_info.arc,item_info.arc,7629
0,,,,ui\00_message\common\item_info.gmd,\ui\item_info.arc,item_info.arc,7630
0,,,,ui\00_message\common\item_info.gmd,\ui\item_info.arc,item_info.arc,7631
0,,,,ui\00_message\common\item_info.gmd,\ui\item_info.arc,item_info.arc,7632
0,,,,ui\00_message\common\item_info.gmd,\ui\item_info.arc,item_info.arc,7633
0,,,,ui\00_message\common\item_info.gmd,\ui\item_info.arc,item_info.arc,7634
0,,,,ui\00_message\common\item_info.gmd,\ui\item_info.arc,item_info.arc,7635
0,,,,ui\00_message\common\item_info.gmd,\ui\item_info.arc,item_info.arc,7636
0,,,,ui\00_message\common\item_info.gmd,\ui\item_info.arc,item_info.arc,7637
0,,,,ui\00_message\common\item_info.gmd,\ui\item_info.arc,item_info.arc,7638
0,,,,ui\00_message\common\item_info.gmd,\ui\item_info.arc,item_info.arc,7639
0,,,,ui\00_message\common\item_info.gmd,\ui\item_info.arc,item_info.arc,7640
0,,,,ui\00_message\common\item_info.gmd,\ui\item_info.arc,item_info.arc,7641
0,,,,ui\00_message\common\item_info.gmd,\ui\item_info.arc,item_info.arc,7642
0,,,,ui\00_message\common\item_info.gmd,\ui\item_info.arc,item_info.arc,7643
0,,,,ui\00_message\common\item_info.gmd,\ui\item_info.arc,item_info.arc,7644
0,,,,ui\00_message\common\item_info.gmd,\ui\item_info.arc,item_info.arc,7645
0,,,,ui\00_message\common\item_info.gmd,\ui\item_info.arc,item_info.arc,7646
0,,,,ui\00_message\common\item_info.gmd,\ui\item_info.arc,item_info.arc,7647
0,,,,ui\00_message\common\item_info.gmd,\ui\item_info.arc,item_info.arc,7648
0,,,,ui\00_message\common\item_info.gmd,\ui\item_info.arc,item_info.arc,7649
0,,,,ui\00_message\common\item_info.gmd,\ui\item_info.arc,item_info.arc,7650
0,,,,ui\00_message\common\item_info.gmd,\ui\item_info.arc,item_info.arc,7651
0,,,,ui\00_message\common\item_info.gmd,\ui\item_info.arc,item_info.arc,7652
0,,,,ui\00_message\common\item_info.gmd,\ui\item_info.arc,item_info.arc,7653
0,,,,ui\00_message\common\item_info.gmd,\ui\item_info.arc,item_info.arc,7654
0,,,,ui\00_message\common\item_info.gmd,\ui\item_info.arc,item_info.arc,7655
0,,,,ui\00_message\common\item_info.gmd,\ui\item_info.arc,item_info.arc,7656
0,,,,ui\00_message\common\item_info.gmd,\ui\item_info.arc,item_info.arc,7657
0,,,,ui\00_message\common\item_info.gmd,\ui\item_info.arc,item_info.arc,7658
0,,,,ui\00_message\common\item_info.gmd,\ui\item_info.arc,item_info.arc,7659
0,,,,ui\00_message\common\item_info.gmd,\ui\item_info.arc,item_info.arc,7660
0,,,,ui\00_message\common\item_info.gmd,\ui\item_info.arc,item_info.arc,7661
0,,,,ui\00_message\common\item_info.gmd,\ui\item_info.arc,item_info.arc,7662
0,,,,ui\00_message\common\item_info.gmd,\ui\item_info.arc,item_info.arc,7663
0,,,,ui\00_message\common\item_info.gmd,\ui\item_info.arc,item_info.arc,7664
0,,,,ui\00_message\common\item_info.gmd,\ui\item_info.arc,item_info.arc,7665
0,,,,ui\00_message\common\item_info.gmd,\ui\item_info.arc,item_info.arc,7666
0,,,,ui\00_message\common\item_info.gmd,\ui\item_info.arc,item_info.arc,7667
0,,,,ui\00_message\common\item_info.gmd,\ui\item_info.arc,item_info.arc,7668
0,,,,ui\00_message\common\item_info.gmd,\ui\item_info.arc,item_info.arc,7669
0,,,,ui\00_message\common\item_info.gmd,\ui\item_info.arc,item_info.arc,7670
0,,,,ui\00_message\common\item_info.gmd,\ui\item_info.arc,item_info.arc,7671
0,,,,ui\00_message\common\item_info.gmd,\ui\item_info.arc,item_info.arc,7672
0,,,,ui\00_message\common\item_info.gmd,\ui\item_info.arc,item_info.arc,7673
0,,,,ui\00_message\common\item_info.gmd,\ui\item_info.arc,item_info.arc,7674
0,,,,ui\00_message\common\item_info.gmd,\ui\item_info.arc,item_info.arc,7675
0,,,,ui\00_message\common\item_info.gmd,\ui\item_info.arc,item_info.arc,7676
0,,,,ui\00_message\common\item_info.gmd,\ui\item_info.arc,item_info.arc,7677
0,,,,ui\00_message\common\item_info.gmd,\ui\item_info.arc,item_info.arc,7678
0,,,,ui\00_message\common\item_info.gmd,\ui\item_info.arc,item_info.arc,7679
0,,,,ui\00_message\common\item_info.gmd,\ui\item_info.arc,item_info.arc,7680
0,,,,ui\00_message\common\item_info.gmd,\ui\item_info.arc,item_info.arc,7681
0,,,,ui\00_message\common\item_info.gmd,\ui\item_info.arc,item_info.arc,7682
0,,,,ui\00_message\common\item_info.gmd,\ui\item_info.arc,item_info.arc,7683
0,,,,ui\00_message\common\item_info.gmd,\ui\item_info.arc,item_info.arc,7684
0,,,,ui\00_message\common\item_info.gmd,\ui\item_info.arc,item_info.arc,7685
0,,,,ui\00_message\common\item_info.gmd,\ui\item_info.arc,item_info.arc,7686
0,,,,ui\00_message\common\item_info.gmd,\ui\item_info.arc,item_info.arc,7687
0,,,,ui\00_message\common\item_info.gmd,\ui\item_info.arc,item_info.arc,7688
0,,,,ui\00_message\common\item_info.gmd,\ui\item_info.arc,item_info.arc,7689
0,,,,ui\00_message\common\item_info.gmd,\ui\item_info.arc,item_info.arc,7690
0,,,,ui\00_message\common\item_info.gmd,\ui\item_info.arc,item_info.arc,7691
0,,,,ui\00_message\common\item_info.gmd,\ui\item_info.arc,item_info.arc,7692
0,,,,ui\00_message\common\item_info.gmd,\ui\item_info.arc,item_info.arc,7693
0,,,,ui\00_message\common\item_info.gmd,\ui\item_info.arc,item_info.arc,7694
0,,,,ui\00_message\common\item_info.gmd,\ui\item_info.arc,item_info.arc,7695
0,,,,ui\00_message\common\item_info.gmd,\ui\item_info.arc,item_info.arc,7696
0,,,,ui\00_message\common\item_info.gmd,\ui\item_info.arc,item_info.arc,7697
0,,,,ui\00_message\common\item_info.gmd,\ui\item_info.arc,item_info.arc,7698
0,,,,ui\00_message\common\item_info.gmd,\ui\item_info.arc,item_info.arc,7699
0,,,,ui\00_message\common\item_info.gmd,\ui\item_info.arc,item_info.arc,7700
0,,,,ui\00_message\common\item_info.gmd,\ui\item_info.arc,item_info.arc,7701
0,,,,ui\00_message\common\item_info.gmd,\ui\item_info.arc,item_info.arc,7702
0,,,,ui\00_message\common\item_info.gmd,\ui\item_info.arc,item_info.arc,7703
0,,,,ui\00_message\common\item_info.gmd,\ui\item_info.arc,item_info.arc,7704
0,,,,ui\00_message\common\item_info.gmd,\ui\item_info.arc,item_info.arc,7705
0,,,,ui\00_message\common\item_info.gmd,\ui\item_info.arc,item_info.arc,7706
0,,,,ui\00_message\common\item_info.gmd,\ui\item_info.arc,item_info.arc,7707
0,,,,ui\00_message\common\item_info.gmd,\ui\item_info.arc,item_info.arc,7708
0,,,,ui\00_message\common\item_info.gmd,\ui\item_info.arc,item_info.arc,7709
0,,,,ui\00_message\common\item_info.gmd,\ui\item_info.arc,item_info.arc,7710
0,,,,ui\00_message\common\item_info.gmd,\ui\item_info.arc,item_info.arc,7711
0,,,,ui\00_message\common\item_info.gmd,\ui\item_info.arc,item_info.arc,7712
0,,,,ui\00_message\common\item_info.gmd,\ui\item_info.arc,item_info.arc,7713
0,,,,ui\00_message\common\item_info.gmd,\ui\item_info.arc,item_info.arc,7714
0,,,,ui\00_message\common\item_info.gmd,\ui\item_info.arc,item_info.arc,7715
0,,,,ui\00_message\common\item_info.gmd,\ui\item_info.arc,item_info.arc,7716
0,,,,ui\00_message\common\item_info.gmd,\ui\item_info.arc,item_info.arc,7717
0,,,,ui\00_message\common\item_info.gmd,\ui\item_info.arc,item_info.arc,7718
0,,,,ui\00_message\common\item_info.gmd,\ui\item_info.arc,item_info.arc,7719
0,,,,ui\00_message\common\item_info.gmd,\ui\item_info.arc,item_info.arc,7720
0,,,,ui\00_message\common\item_info.gmd,\ui\item_info.arc,item_info.arc,7721
0,,,,ui\00_message\common\item_info.gmd,\ui\item_info.arc,item_info.arc,7722
0,,,,ui\00_message\common\item_info.gmd,\ui\item_info.arc,item_info.arc,7723
0,,,,ui\00_message\common\item_info.gmd,\ui\item_info.arc,item_info.arc,7724
0,,,,ui\00_message\common\item_info.gmd,\ui\item_info.arc,item_info.arc,7725
0,,,,ui\00_message\common\item_info.gmd,\ui\item_info.arc,item_info.arc,7726
0,,,,ui\00_message\common\item_info.gmd,\ui\item_info.arc,item_info.arc,7727
0,,,,ui\00_message\common\item_info.gmd,\ui\item_info.arc,item_info.arc,7728
0,,,,ui\00_message\common\item_info.gmd,\ui\item_info.arc,item_info.arc,7729
0,,,,ui\00_message\common\item_info.gmd,\ui\item_info.arc,item_info.arc,7730
0,,,,ui\00_message\common\item_info.gmd,\ui\item_info.arc,item_info.arc,7731
0,,,,ui\00_message\common\item_info.gmd,\ui\item_info.arc,item_info.arc,7732
0,,,,ui\00_message\common\item_info.gmd,\ui\item_info.arc,item_info.arc,7733
0,,,,ui\00_message\common\item_info.gmd,\ui\item_info.arc,item_info.arc,7734
0,,,,ui\00_message\common\item_info.gmd,\ui\item_info.arc,item_info.arc,7735
0,,,,ui\00_message\common\item_info.gmd,\ui\item_info.arc,item_info.arc,7736
0,,,,ui\00_message\common\item_info.gmd,\ui\item_info.arc,item_info.arc,7737
0,,,,ui\00_message\common\item_info.gmd,\ui\item_info.arc,item_info.arc,7738
0,,,,ui\00_message\common\item_info.gmd,\ui\item_info.arc,item_info.arc,7739
0,,,,ui\00_message\common\item_info.gmd,\ui\item_info.arc,item_info.arc,7740
0,,,,ui\00_message\common\item_info.gmd,\ui\item_info.arc,item_info.arc,7741
0,,,,ui\00_message\common\item_info.gmd,\ui\item_info.arc,item_info.arc,7742
0,,,,ui\00_message\common\item_info.gmd,\ui\item_info.arc,item_info.arc,7743
0,,,,ui\00_message\common\item_info.gmd,\ui\item_info.arc,item_info.arc,7744
0,,,,ui\00_message\common\item_info.gmd,\ui\item_info.arc,item_info.arc,7745
0,,,,ui\00_message\common\item_info.gmd,\ui\item_info.arc,item_info.arc,7746
0,,,,ui\00_message\common\item_info.gmd,\ui\item_info.arc,item_info.arc,7747
0,,,,ui\00_message\common\item_info.gmd,\ui\item_info.arc,item_info.arc,7748
0,,,,ui\00_message\common\item_info.gmd,\ui\item_info.arc,item_info.arc,7749
0,,,,ui\00_message\common\item_info.gmd,\ui\item_info.arc,item_info.arc,7750
0,,,,ui\00_message\common\item_info.gmd,\ui\item_info.arc,item_info.arc,7751
0,,,,ui\00_message\common\item_info.gmd,\ui\item_info.arc,item_info.arc,7752
0,,,,ui\00_message\common\item_info.gmd,\ui\item_info.arc,item_info.arc,7753
0,,,,ui\00_message\common\item_info.gmd,\ui\item_info.arc,item_info.arc,7754
0,,,,ui\00_message\common\item_info.gmd,\ui\item_info.arc,item_info.arc,7755
0,,,,ui\00_message\common\item_info.gmd,\ui\item_info.arc,item_info.arc,7756
0,,,,ui\00_message\common\item_info.gmd,\ui\item_info.arc,item_info.arc,7757
0,,,,ui\00_message\common\item_info.gmd,\ui\item_info.arc,item_info.arc,7758
0,,,,ui\00_message\common\item_info.gmd,\ui\item_info.arc,item_info.arc,7759
0,,,,ui\00_message\common\item_info.gmd,\ui\item_info.arc,item_info.arc,7760
0,,,,ui\00_message\common\item_info.gmd,\ui\item_info.arc,item_info.arc,7761
0,,,,ui\00_message\common\item_info.gmd,\ui\item_info.arc,item_info.arc,7762
0,,,,ui\00_message\common\item_info.gmd,\ui\item_info.arc,item_info.arc,7763
0,,,,ui\00_message\common\item_info.gmd,\ui\item_info.arc,item_info.arc,7764
0,,,,ui\00_message\common\item_info.gmd,\ui\item_info.arc,item_info.arc,7765
0,,,,ui\00_message\common\item_info.gmd,\ui\item_info.arc,item_info.arc,7766
0,,,,ui\00_message\common\item_info.gmd,\ui\item_info.arc,item_info.arc,7767
0,,,,ui\00_message\common\item_info.gmd,\ui\item_info.arc,item_info.arc,7768
0,,,,ui\00_message\common\item_info.gmd,\ui\item_info.arc,item_info.arc,7769
0,,,,ui\00_message\common\item_info.gmd,\ui\item_info.arc,item_info.arc,7770
0,,,,ui\00_message\common\item_info.gmd,\ui\item_info.arc,item_info.arc,7771
0,,,,ui\00_message\common\item_info.gmd,\ui\item_info.arc,item_info.arc,7772
0,,,,ui\00_message\common\item_info.gmd,\ui\item_info.arc,item_info.arc,7773
0,,,,ui\00_message\common\item_info.gmd,\ui\item_info.arc,item_info.arc,7774
0,,,,ui\00_message\common\item_info.gmd,\ui\item_info.arc,item_info.arc,7775
0,,,,ui\00_message\common\item_info.gmd,\ui\item_info.arc,item_info.arc,7776
0,,,,ui\00_message\common\item_info.gmd,\ui\item_info.arc,item_info.arc,7777
0,,,,ui\00_message\common\item_info.gmd,\ui\item_info.arc,item_info.arc,7778
0,,,,ui\00_message\common\item_info.gmd,\ui\item_info.arc,item_info.arc,7779
0,,,,ui\00_message\common\item_info.gmd,\ui\item_info.arc,item_info.arc,7780
0,,,,ui\00_message\common\item_info.gmd,\ui\item_info.arc,item_info.arc,7781
0,,,,ui\00_message\common\item_info.gmd,\ui\item_info.arc,item_info.arc,7782
0,,,,ui\00_message\common\item_info.gmd,\ui\item_info.arc,item_info.arc,7783
0,,,,ui\00_message\common\item_info.gmd,\ui\item_info.arc,item_info.arc,7784
0,,,,ui\00_message\common\item_info.gmd,\ui\item_info.arc,item_info.arc,7785
0,,,,ui\00_message\common\item_info.gmd,\ui\item_info.arc,item_info.arc,7786
0,,,,ui\00_message\common\item_info.gmd,\ui\item_info.arc,item_info.arc,7787
0,,,,ui\00_message\common\item_info.gmd,\ui\item_info.arc,item_info.arc,7788
0,,,,ui\00_message\common\item_info.gmd,\ui\item_info.arc,item_info.arc,7789
0,,,,ui\00_message\common\item_info.gmd,\ui\item_info.arc,item_info.arc,7790
0,,,,ui\00_message\common\item_info.gmd,\ui\item_info.arc,item_info.arc,7791
0,,,,ui\00_message\common\item_info.gmd,\ui\item_info.arc,item_info.arc,7792
0,,,,ui\00_message\common\item_info.gmd,\ui\item_info.arc,item_info.arc,7793
0,,,,ui\00_message\common\item_info.gmd,\ui\item_info.arc,item_info.arc,7794
0,,,,ui\00_message\common\item_info.gmd,\ui\item_info.arc,item_info.arc,7795
0,,,,ui\00_message\common\item_info.gmd,\ui\item_info.arc,item_info.arc,7796
0,,,,ui\00_message\common\item_info.gmd,\ui\item_info.arc,item_info.arc,7797
0,,,,ui\00_message\common\item_info.gmd,\ui\item_info.arc,item_info.arc,7798
0,,,,ui\00_message\common\item_info.gmd,\ui\item_info.arc,item_info.arc,7799
0,,,,ui\00_message\common\item_info.gmd,\ui\item_info.arc,item_info.arc,7800
0,,,,ui\00_message\common\item_info.gmd,\ui\item_info.arc,item_info.arc,7801
0,,,,ui\00_message\common\item_info.gmd,\ui\item_info.arc,item_info.arc,7802
0,,,,ui\00_message\common\item_info.gmd,\ui\item_info.arc,item_info.arc,7803
0,,,,ui\00_message\common\item_info.gmd,\ui\item_info.arc,item_info.arc,7804
0,,,,ui\00_message\common\item_info.gmd,\ui\item_info.arc,item_info.arc,7805
0,,,,ui\00_message\common\item_info.gmd,\ui\item_info.arc,item_info.arc,7806
0,,,,ui\00_message\common\item_info.gmd,\ui\item_info.arc,item_info.arc,7807
0,,,,ui\00_message\common\item_info.gmd,\ui\item_info.arc,item_info.arc,7808
0,,,,ui\00_message\common\item_info.gmd,\ui\item_info.arc,item_info.arc,7809
0,,,,ui\00_message\common\item_info.gmd,\ui\item_info.arc,item_info.arc,7810
0,,,,ui\00_message\common\item_info.gmd,\ui\item_info.arc,item_info.arc,7811
0,,,,ui\00_message\common\item_info.gmd,\ui\item_info.arc,item_info.arc,7812
0,,,,ui\00_message\common\item_info.gmd,\ui\item_info.arc,item_info.arc,7813
0,,,,ui\00_message\common\item_info.gmd,\ui\item_info.arc,item_info.arc,7814
0,,,,ui\00_message\common\item_info.gmd,\ui\item_info.arc,item_info.arc,7815
0,,,,ui\00_message\common\item_info.gmd,\ui\item_info.arc,item_info.arc,7816
0,,,,ui\00_message\common\item_info.gmd,\ui\item_info.arc,item_info.arc,7817
0,,,,ui\00_message\common\item_info.gmd,\ui\item_info.arc,item_info.arc,7818
0,,,,ui\00_message\common\item_info.gmd,\ui\item_info.arc,item_info.arc,7819
0,,,,ui\00_message\common\item_info.gmd,\ui\item_info.arc,item_info.arc,7820
0,,,,ui\00_message\common\item_info.gmd,\ui\item_info.arc,item_info.arc,7821
0,,,,ui\00_message\common\item_info.gmd,\ui\item_info.arc,item_info.arc,7822
0,,,,ui\00_message\common\item_info.gmd,\ui\item_info.arc,item_info.arc,7823
0,,,,ui\00_message\common\item_info.gmd,\ui\item_info.arc,item_info.arc,7824
0,,,,ui\00_message\common\item_info.gmd,\ui\item_info.arc,item_info.arc,7825
0,,,,ui\00_message\common\item_info.gmd,\ui\item_info.arc,item_info.arc,7826
0,,,,ui\00_message\common\item_info.gmd,\ui\item_info.arc,item_info.arc,7827
0,,,,ui\00_message\common\item_info.gmd,\ui\item_info.arc,item_info.arc,7828
0,,,,ui\00_message\common\item_info.gmd,\ui\item_info.arc,item_info.arc,7829
0,,,,ui\00_message\common\item_info.gmd,\ui\item_info.arc,item_info.arc,7830
0,,,,ui\00_message\common\item_info.gmd,\ui\item_info.arc,item_info.arc,7831
0,,,,ui\00_message\common\item_info.gmd,\ui\item_info.arc,item_info.arc,7832
0,,,,ui\00_message\common\item_info.gmd,\ui\item_info.arc,item_info.arc,7833
0,,,,ui\00_message\common\item_info.gmd,\ui\item_info.arc,item_info.arc,7834
0,,,,ui\00_message\common\item_info.gmd,\ui\item_info.arc,item_info.arc,7835
0,,,,ui\00_message\common\item_info.gmd,\ui\item_info.arc,item_info.arc,7836
0,,,,ui\00_message\common\item_info.gmd,\ui\item_info.arc,item_info.arc,7837
0,,,,ui\00_message\common\item_info.gmd,\ui\item_info.arc,item_info.arc,7838
0,,,,ui\00_message\common\item_info.gmd,\ui\item_info.arc,item_info.arc,7839
0,,,,ui\00_message\common\item_info.gmd,\ui\item_info.arc,item_info.arc,7840
0,,,,ui\00_message\common\item_info.gmd,\ui\item_info.arc,item_info.arc,7841
0,,,,ui\00_message\common\item_info.gmd,\ui\item_info.arc,item_info.arc,7842
0,,,,ui\00_message\common\item_info.gmd,\ui\item_info.arc,item_info.arc,7843
0,,,,ui\00_message\common\item_info.gmd,\ui\item_info.arc,item_info.arc,7844
0,,,,ui\00_message\common\item_info.gmd,\ui\item_info.arc,item_info.arc,7845
0,,,,ui\00_message\common\item_info.gmd,\ui\item_info.arc,item_info.arc,7846
0,,,,ui\00_message\common\item_info.gmd,\ui\item_info.arc,item_info.arc,7847
0,,,,ui\00_message\common\item_info.gmd,\ui\item_info.arc,item_info.arc,7848
0,,,,ui\00_message\common\item_info.gmd,\ui\item_info.arc,item_info.arc,7849
0,,,,ui\00_message\common\item_info.gmd,\ui\item_info.arc,item_info.arc,7850
0,,,,ui\00_message\common\item_info.gmd,\ui\item_info.arc,item_info.arc,7851
0,,,,ui\00_message\common\item_info.gmd,\ui\item_info.arc,item_info.arc,7852
0,,,,ui\00_message\common\item_info.gmd,\ui\item_info.arc,item_info.arc,7853
0,,,,ui\00_message\common\item_info.gmd,\ui\item_info.arc,item_info.arc,7854
0,,,,ui\00_message\common\item_info.gmd,\ui\item_info.arc,item_info.arc,7855
0,,,,ui\00_message\common\item_info.gmd,\ui\item_info.arc,item_info.arc,7856
0,,,,ui\00_message\common\item_info.gmd,\ui\item_info.arc,item_info.arc,7857
0,,,,ui\00_message\common\item_info.gmd,\ui\item_info.arc,item_info.arc,7858
0,,,,ui\00_message\common\item_info.gmd,\ui\item_info.arc,item_info.arc,7859
0,,,,ui\00_message\common\item_info.gmd,\ui\item_info.arc,item_info.arc,7860
0,,,,ui\00_message\common\item_info.gmd,\ui\item_info.arc,item_info.arc,7861
0,,,,ui\00_message\common\item_info.gmd,\ui\item_info.arc,item_info.arc,7862
0,,,,ui\00_message\common\item_info.gmd,\ui\item_info.arc,item_info.arc,7863
0,,,,ui\00_message\common\item_info.gmd,\ui\item_info.arc,item_info.arc,7864
0,,,,ui\00_message\common\item_info.gmd,\ui\item_info.arc,item_info.arc,7865
0,,,,ui\00_message\common\item_info.gmd,\ui\item_info.arc,item_info.arc,7866
0,,,,ui\00_message\common\item_info.gmd,\ui\item_info.arc,item_info.arc,7867
0,,,,ui\00_message\common\item_info.gmd,\ui\item_info.arc,item_info.arc,7868
0,,,,ui\00_message\common\item_info.gmd,\ui\item_info.arc,item_info.arc,7869
0,,,,ui\00_message\common\item_info.gmd,\ui\item_info.arc,item_info.arc,7870
0,,,,ui\00_message\common\item_info.gmd,\ui\item_info.arc,item_info.arc,7871
0,,,,ui\00_message\common\item_info.gmd,\ui\item_info.arc,item_info.arc,7872
0,,,,ui\00_message\common\item_info.gmd,\ui\item_info.arc,item_info.arc,7873
0,,,,ui\00_message\common\item_info.gmd,\ui\item_info.arc,item_info.arc,7874
0,,,,ui\00_message\common\item_info.gmd,\ui\item_info.arc,item_info.arc,7875
0,,,,ui\00_message\common\item_info.gmd,\ui\item_info.arc,item_info.arc,7876
0,,,,ui\00_message\common\item_info.gmd,\ui\item_info.arc,item_info.arc,7877
0,,,,ui\00_message\common\item_info.gmd,\ui\item_info.arc,item_info.arc,7878
0,,,,ui\00_message\common\item_info.gmd,\ui\item_info.arc,item_info.arc,7879
0,,,,ui\00_message\common\item_info.gmd,\ui\item_info.arc,item_info.arc,7880
0,,,,ui\00_message\common\item_info.gmd,\ui\item_info.arc,item_info.arc,7881
0,,,,ui\00_message\common\item_info.gmd,\ui\item_info.arc,item_info.arc,7882
0,,,,ui\00_message\common\item_info.gmd,\ui\item_info.arc,item_info.arc,7883
0,,,,ui\00_message\common\item_info.gmd,\ui\item_info.arc,item_info.arc,7884
0,,,,ui\00_message\common\item_info.gmd,\ui\item_info.arc,item_info.arc,7885
0,,,,ui\00_message\common\item_info.gmd,\ui\item_info.arc,item_info.arc,7886
0,,,,ui\00_message\common\item_info.gmd,\ui\item_info.arc,item_info.arc,7887
0,,,,ui\00_message\common\item_info.gmd,\ui\item_info.arc,item_info.arc,7888
0,,,,ui\00_message\common\item_info.gmd,\ui\item_info.arc,item_info.arc,7889
0,,,,ui\00_message\common\item_info.gmd,\ui\item_info.arc,item_info.arc,7890
0,,,,ui\00_message\common\item_info.gmd,\ui\item_info.arc,item_info.arc,7891
0,,,,ui\00_message\common\item_info.gmd,\ui\item_info.arc,item_info.arc,7892
0,,,,ui\00_message\common\item_info.gmd,\ui\item_info.arc,item_info.arc,7893
0,,,,ui\00_message\common\item_info.gmd,\ui\item_info.arc,item_info.arc,7894
0,,,,ui\00_message\common\item_info.gmd,\ui\item_info.arc,item_info.arc,7895
0,,,,ui\00_message\common\item_info.gmd,\ui\item_info.arc,item_info.arc,7896
0,,,,ui\00_message\common\item_info.gmd,\ui\item_info.arc,item_info.arc,7897
0,,,,ui\00_message\common\item_info.gmd,\ui\item_info.arc,item_info.arc,7898
0,,,,ui\00_message\common\item_info.gmd,\ui\item_info.arc,item_info.arc,7899
0,,,,ui\00_message\common\item_info.gmd,\ui\item_info.arc,item_info.arc,7900
0,,,,ui\00_message\common\item_info.gmd,\ui\item_info.arc,item_info.arc,7901
0,,,,ui\00_message\common\item_info.gmd,\ui\item_info.arc,item_info.arc,7902
0,,,,ui\00_message\common\item_info.gmd,\ui\item_info.arc,item_info.arc,7903
0,,,,ui\00_message\common\item_info.gmd,\ui\item_info.arc,item_info.arc,7904
0,,,,ui\00_message\common\item_info.gmd,\ui\item_info.arc,item_info.arc,7905
0,,,,ui\00_message\common\item_info.gmd,\ui\item_info.arc,item_info.arc,7906
0,,,,ui\00_message\common\item_info.gmd,\ui\item_info.arc,item_info.arc,7907
0,,,,ui\00_message\common\item_info.gmd,\ui\item_info.arc,item_info.arc,7908
0,,,,ui\00_message\common\item_info.gmd,\ui\item_info.arc,item_info.arc,7909
0,,,,ui\00_message\common\item_info.gmd,\ui\item_info.arc,item_info.arc,7910
0,,,,ui\00_message\common\item_info.gmd,\ui\item_info.arc,item_info.arc,7911
0,,,,ui\00_message\common\item_info.gmd,\ui\item_info.arc,item_info.arc,7912
0,,,,ui\00_message\common\item_info.gmd,\ui\item_info.arc,item_info.arc,7913
0,,,,ui\00_message\common\item_info.gmd,\ui\item_info.arc,item_info.arc,7914
0,,,,ui\00_message\common\item_info.gmd,\ui\item_info.arc,item_info.arc,7915
0,,,,ui\00_message\common\item_info.gmd,\ui\item_info.arc,item_info.arc,7916
0,,,,ui\00_message\common\item_info.gmd,\ui\item_info.arc,item_info.arc,7917
0,,,,ui\00_message\common\item_info.gmd,\ui\item_info.arc,item_info.arc,7918
0,,,,ui\00_message\common\item_info.gmd,\ui\item_info.arc,item_info.arc,7919
0,,,,ui\00_message\common\item_info.gmd,\ui\item_info.arc,item_info.arc,7920
0,,,,ui\00_message\common\item_info.gmd,\ui\item_info.arc,item_info.arc,7921
0,,,,ui\00_message\common\item_info.gmd,\ui\item_info.arc,item_info.arc,7922
0,,,,ui\00_message\common\item_info.gmd,\ui\item_info.arc,item_info.arc,7923
0,,,,ui\00_message\common\item_info.gmd,\ui\item_info.arc,item_info.arc,7924
0,,,,ui\00_message\common\item_info.gmd,\ui\item_info.arc,item_info.arc,7925
0,,,,ui\00_message\common\item_info.gmd,\ui\item_info.arc,item_info.arc,7926
0,,,,ui\00_message\common\item_info.gmd,\ui\item_info.arc,item_info.arc,7927
0,,,,ui\00_message\common\item_info.gmd,\ui\item_info.arc,item_info.arc,7928
0,,,,ui\00_message\common\item_info.gmd,\ui\item_info.arc,item_info.arc,7929
0,,,,ui\00_message\common\item_info.gmd,\ui\item_info.arc,item_info.arc,7930
0,,,,ui\00_message\common\item_info.gmd,\ui\item_info.arc,item_info.arc,7931
0,,,,ui\00_message\common\item_info.gmd,\ui\item_info.arc,item_info.arc,7932
0,,,,ui\00_message\common\item_info.gmd,\ui\item_info.arc,item_info.arc,7933
0,,,,ui\00_message\common\item_info.gmd,\ui\item_info.arc,item_info.arc,7934
0,,,,ui\00_message\common\item_info.gmd,\ui\item_info.arc,item_info.arc,7935
0,,,,ui\00_message\common\item_info.gmd,\ui\item_info.arc,item_info.arc,7936
0,,,,ui\00_message\common\item_info.gmd,\ui\item_info.arc,item_info.arc,7937
0,,,,ui\00_message\common\item_info.gmd,\ui\item_info.arc,item_info.arc,7938
0,,,,ui\00_message\common\item_info.gmd,\ui\item_info.arc,item_info.arc,7939
0,,,,ui\00_message\common\item_info.gmd,\ui\item_info.arc,item_info.arc,7940
0,,,,ui\00_message\common\item_info.gmd,\ui\item_info.arc,item_info.arc,7941
0,,,,ui\00_message\common\item_info.gmd,\ui\item_info.arc,item_info.arc,7942
0,,,,ui\00_message\common\item_info.gmd,\ui\item_info.arc,item_info.arc,7943
0,,,,ui\00_message\common\item_info.gmd,\ui\item_info.arc,item_info.arc,7944
0,,,,ui\00_message\common\item_info.gmd,\ui\item_info.arc,item_info.arc,7945
0,,,,ui\00_message\common\item_info.gmd,\ui\item_info.arc,item_info.arc,7946
0,,,,ui\00_message\common\item_info.gmd,\ui\item_info.arc,item_info.arc,7947
0,,,,ui\00_message\common\item_info.gmd,\ui\item_info.arc,item_info.arc,7948
0,,,,ui\00_message\common\item_info.gmd,\ui\item_info.arc,item_info.arc,7949
0,,,,ui\00_message\common\item_info.gmd,\ui\item_info.arc,item_info.arc,7950
0,,,,ui\00_message\common\item_info.gmd,\ui\item_info.arc,item_info.arc,7951
0,,,,ui\00_message\common\item_info.gmd,\ui\item_info.arc,item_info.arc,7952
0,,,,ui\00_message\common\item_info.gmd,\ui\item_info.arc,item_info.arc,7953
0,,,,ui\00_message\common\item_info.gmd,\ui\item_info.arc,item_info.arc,7954
0,,,,ui\00_message\common\item_info.gmd,\ui\item_info.arc,item_info.arc,7955
0,,,,ui\00_message\common\item_info.gmd,\ui\item_info.arc,item_info.arc,7956
0,,,,ui\00_message\common\item_info.gmd,\ui\item_info.arc,item_info.arc,7957
0,,,,ui\00_message\common\item_info.gmd,\ui\item_info.arc,item_info.arc,7958
0,,,,ui\00_message\common\item_info.gmd,\ui\item_info.arc,item_info.arc,7959
0,,,,ui\00_message\common\item_info.gmd,\ui\item_info.arc,item_info.arc,7960
0,,,,ui\00_message\common\item_info.gmd,\ui\item_info.arc,item_info.arc,7961
0,,,,ui\00_message\common\item_info.gmd,\ui\item_info.arc,item_info.arc,7962
0,,,,ui\00_message\common\item_info.gmd,\ui\item_info.arc,item_info.arc,7963
0,,,,ui\00_message\common\item_info.gmd,\ui\item_info.arc,item_info.arc,7964
0,,,,ui\00_message\common\item_info.gmd,\ui\item_info.arc,item_info.arc,7965
0,,,,ui\00_message\common\item_info.gmd,\ui\item_info.arc,item_info.arc,7966
0,,,,ui\00_message\common\item_info.gmd,\ui\item_info.arc,item_info.arc,7967
0,,,,ui\00_message\common\item_info.gmd,\ui\item_info.arc,item_info.arc,7968
0,,,,ui\00_message\common\item_info.gmd,\ui\item_info.arc,item_info.arc,7969
0,,,,ui\00_message\common\item_info.gmd,\ui\item_info.arc,item_info.arc,7970
0,,,,ui\00_message\common\item_info.gmd,\ui\item_info.arc,item_info.arc,7971
0,,,,ui\00_message\common\item_info.gmd,\ui\item_info.arc,item_info.arc,7972
0,,,,ui\00_message\common\item_info.gmd,\ui\item_info.arc,item_info.arc,7973
0,,,,ui\00_message\common\item_info.gmd,\ui\item_info.arc,item_info.arc,7974
0,,,,ui\00_message\common\item_info.gmd,\ui\item_info.arc,item_info.arc,7975
0,,,,ui\00_message\common\item_info.gmd,\ui\item_info.arc,item_info.arc,7976
0,,,,ui\00_message\common\item_info.gmd,\ui\item_info.arc,item_info.arc,7977
0,,,,ui\00_message\common\item_info.gmd,\ui\item_info.arc,item_info.arc,7978
0,,,,ui\00_message\common\item_info.gmd,\ui\item_info.arc,item_info.arc,7979
0,,,,ui\00_message\common\item_info.gmd,\ui\item_info.arc,item_info.arc,7980
0,,,,ui\00_message\common\item_info.gmd,\ui\item_info.arc,item_info.arc,7981
0,,,,ui\00_message\common\item_info.gmd,\ui\item_info.arc,item_info.arc,7982
0,,,,ui\00_message\common\item_info.gmd,\ui\item_info.arc,item_info.arc,7983
0,,,,ui\00_message\common\item_info.gmd,\ui\item_info.arc,item_info.arc,7984
0,,,,ui\00_message\common\item_info.gmd,\ui\item_info.arc,item_info.arc,7985
0,,,,ui\00_message\common\item_info.gmd,\ui\item_info.arc,item_info.arc,7986
0,,,,ui\00_message\common\item_info.gmd,\ui\item_info.arc,item_info.arc,7987
0,,,,ui\00_message\common\item_info.gmd,\ui\item_info.arc,item_info.arc,7988
0,,,,ui\00_message\common\item_info.gmd,\ui\item_info.arc,item_info.arc,7989
0,,,,ui\00_message\common\item_info.gmd,\ui\item_info.arc,item_info.arc,7990
0,,,,ui\00_message\common\item_info.gmd,\ui\item_info.arc,item_info.arc,7991
0,,,,ui\00_message\common\item_info.gmd,\ui\item_info.arc,item_info.arc,7992
0,,,,ui\00_message\common\item_info.gmd,\ui\item_info.arc,item_info.arc,7993
0,,,,ui\00_message\common\item_info.gmd,\ui\item_info.arc,item_info.arc,7994
0,,,,ui\00_message\common\item_info.gmd,\ui\item_info.arc,item_info.arc,7995
0,,,,ui\00_message\common\item_info.gmd,\ui\item_info.arc,item_info.arc,7996
0,,,,ui\00_message\common\item_info.gmd,\ui\item_info.arc,item_info.arc,7997
0,,,,ui\00_message\common\item_info.gmd,\ui\item_info.arc,item_info.arc,7998
0,,,,ui\00_message\common\item_info.gmd,\ui\item_info.arc,item_info.arc,7999
0,,,,ui\00_message\common\item_info.gmd,\ui\item_info.arc,item_info.arc,8000
0,,,,ui\00_message\common\item_info.gmd,\ui\item_info.arc,item_info.arc,8001
0,,,,ui\00_message\common\item_info.gmd,\ui\item_info.arc,item_info.arc,8002
0,,,,ui\00_message\common\item_info.gmd,\ui\item_info.arc,item_info.arc,8003
0,,,,ui\00_message\common\item_info.gmd,\ui\item_info.arc,item_info.arc,8004
0,,,,ui\00_message\common\item_info.gmd,\ui\item_info.arc,item_info.arc,8005
0,,,,ui\00_message\common\item_info.gmd,\ui\item_info.arc,item_info.arc,8006
0,,,,ui\00_message\common\item_info.gmd,\ui\item_info.arc,item_info.arc,8007
0,,,,ui\00_message\common\item_info.gmd,\ui\item_info.arc,item_info.arc,8008
0,,,,ui\00_message\common\item_info.gmd,\ui\item_info.arc,item_info.arc,8009
0,,,,ui\00_message\common\item_info.gmd,\ui\item_info.arc,item_info.arc,8010
0,,,,ui\00_message\common\item_info.gmd,\ui\item_info.arc,item_info.arc,8011
0,,,,ui\00_message\common\item_info.gmd,\ui\item_info.arc,item_info.arc,8012
0,,,,ui\00_message\common\item_info.gmd,\ui\item_info.arc,item_info.arc,8013
0,,,,ui\00_message\common\item_info.gmd,\ui\item_info.arc,item_info.arc,8014
0,,,,ui\00_message\common\item_info.gmd,\ui\item_info.arc,item_info.arc,8015
0,,,,ui\00_message\common\item_info.gmd,\ui\item_info.arc,item_info.arc,8016
0,,,,ui\00_message\common\item_info.gmd,\ui\item_info.arc,item_info.arc,8017
0,,,,ui\00_message\common\item_info.gmd,\ui\item_info.arc,item_info.arc,8018
0,,,,ui\00_message\common\item_info.gmd,\ui\item_info.arc,item_info.arc,8019
0,,,,ui\00_message\common\item_info.gmd,\ui\item_info.arc,item_info.arc,8020
0,,,,ui\00_message\common\item_info.gmd,\ui\item_info.arc,item_info.arc,8021
0,,,,ui\00_message\common\item_info.gmd,\ui\item_info.arc,item_info.arc,8022
0,,,,ui\00_message\common\item_info.gmd,\ui\item_info.arc,item_info.arc,8023
0,,,,ui\00_message\common\item_info.gmd,\ui\item_info.arc,item_info.arc,8024
0,,,,ui\00_message\common\item_info.gmd,\ui\item_info.arc,item_info.arc,8025
0,,,,ui\00_message\common\item_info.gmd,\ui\item_info.arc,item_info.arc,8026
0,,,,ui\00_message\common\item_info.gmd,\ui\item_info.arc,item_info.arc,8027
0,,,,ui\00_message\common\item_info.gmd,\ui\item_info.arc,item_info.arc,8028
0,,,,ui\00_message\common\item_info.gmd,\ui\item_info.arc,item_info.arc,8029
0,,,,ui\00_message\common\item_info.gmd,\ui\item_info.arc,item_info.arc,8030
0,,,,ui\00_message\common\item_info.gmd,\ui\item_info.arc,item_info.arc,8031
0,,,,ui\00_message\common\item_info.gmd,\ui\item_info.arc,item_info.arc,8032
0,,,,ui\00_message\common\item_info.gmd,\ui\item_info.arc,item_info.arc,8033
0,,,,ui\00_message\common\item_info.gmd,\ui\item_info.arc,item_info.arc,8034
0,,,,ui\00_message\common\item_info.gmd,\ui\item_info.arc,item_info.arc,8035
0,,,,ui\00_message\common\item_info.gmd,\ui\item_info.arc,item_info.arc,8036
0,,,,ui\00_message\common\item_info.gmd,\ui\item_info.arc,item_info.arc,8037
0,,,,ui\00_message\common\item_info.gmd,\ui\item_info.arc,item_info.arc,8038
0,,,,ui\00_message\common\item_info.gmd,\ui\item_info.arc,item_info.arc,8039
0,,,,ui\00_message\common\item_info.gmd,\ui\item_info.arc,item_info.arc,8040
0,,,,ui\00_message\common\item_info.gmd,\ui\item_info.arc,item_info.arc,8041
0,,,,ui\00_message\common\item_info.gmd,\ui\item_info.arc,item_info.arc,8042
0,,,,ui\00_message\common\item_info.gmd,\ui\item_info.arc,item_info.arc,8043
0,,,,ui\00_message\common\item_info.gmd,\ui\item_info.arc,item_info.arc,8044
0,,,,ui\00_message\common\item_info.gmd,\ui\item_info.arc,item_info.arc,8045
0,,,,ui\00_message\common\item_info.gmd,\ui\item_info.arc,item_info.arc,8046
0,,,,ui\00_message\common\item_info.gmd,\ui\item_info.arc,item_info.arc,8047
0,,,,ui\00_message\common\item_info.gmd,\ui\item_info.arc,item_info.arc,8048
0,,,,ui\00_message\common\item_info.gmd,\ui\item_info.arc,item_info.arc,8049
0,,,,ui\00_message\common\item_info.gmd,\ui\item_info.arc,item_info.arc,8050
0,,,,ui\00_message\common\item_info.gmd,\ui\item_info.arc,item_info.arc,8051
0,,,,ui\00_message\common\item_info.gmd,\ui\item_info.arc,item_info.arc,8052
0,,,,ui\00_message\common\item_info.gmd,\ui\item_info.arc,item_info.arc,8053
0,,,,ui\00_message\common\item_info.gmd,\ui\item_info.arc,item_info.arc,8054
0,,,,ui\00_message\common\item_info.gmd,\ui\item_info.arc,item_info.arc,8055
0,,,,ui\00_message\common\item_info.gmd,\ui\item_info.arc,item_info.arc,8056
0,,,,ui\00_message\common\item_info.gmd,\ui\item_info.arc,item_info.arc,8057
0,,,,ui\00_message\common\item_info.gmd,\ui\item_info.arc,item_info.arc,8058
0,,,,ui\00_message\common\item_info.gmd,\ui\item_info.arc,item_info.arc,8059
0,,,,ui\00_message\common\item_info.gmd,\ui\item_info.arc,item_info.arc,8060
0,,,,ui\00_message\common\item_info.gmd,\ui\item_info.arc,item_info.arc,8061
0,,,,ui\00_message\common\item_info.gmd,\ui\item_info.arc,item_info.arc,8062
0,,,,ui\00_message\common\item_info.gmd,\ui\item_info.arc,item_info.arc,8063
0,,,,ui\00_message\common\item_info.gmd,\ui\item_info.arc,item_info.arc,8064
0,,,,ui\00_message\common\item_info.gmd,\ui\item_info.arc,item_info.arc,8065
0,,,,ui\00_message\common\item_info.gmd,\ui\item_info.arc,item_info.arc,8066
0,,,,ui\00_message\common\item_info.gmd,\ui\item_info.arc,item_info.arc,8067
0,,,,ui\00_message\common\item_info.gmd,\ui\item_info.arc,item_info.arc,8068
0,,,,ui\00_message\common\item_info.gmd,\ui\item_info.arc,item_info.arc,8069
0,,,,ui\00_message\common\item_info.gmd,\ui\item_info.arc,item_info.arc,8070
0,,,,ui\00_message\common\item_info.gmd,\ui\item_info.arc,item_info.arc,8071
0,,,,ui\00_message\common\item_info.gmd,\ui\item_info.arc,item_info.arc,8072
0,,,,ui\00_message\common\item_info.gmd,\ui\item_info.arc,item_info.arc,8073
0,,,,ui\00_message\common\item_info.gmd,\ui\item_info.arc,item_info.arc,8074
0,,,,ui\00_message\common\item_info.gmd,\ui\item_info.arc,item_info.arc,8075
0,,,,ui\00_message\common\item_info.gmd,\ui\item_info.arc,item_info.arc,8076
0,,,,ui\00_message\common\item_info.gmd,\ui\item_info.arc,item_info.arc,8077
0,,,,ui\00_message\common\item_info.gmd,\ui\item_info.arc,item_info.arc,8078
0,,,,ui\00_message\common\item_info.gmd,\ui\item_info.arc,item_info.arc,8079
0,,,,ui\00_message\common\item_info.gmd,\ui\item_info.arc,item_info.arc,8080
0,,,,ui\00_message\common\item_info.gmd,\ui\item_info.arc,item_info.arc,8081
0,,,,ui\00_message\common\item_info.gmd,\ui\item_info.arc,item_info.arc,8082
0,,,,ui\00_message\common\item_info.gmd,\ui\item_info.arc,item_info.arc,8083
0,,,,ui\00_message\common\item_info.gmd,\ui\item_info.arc,item_info.arc,8084
0,,,,ui\00_message\common\item_info.gmd,\ui\item_info.arc,item_info.arc,8085
0,,,,ui\00_message\common\item_info.gmd,\ui\item_info.arc,item_info.arc,8086
0,,,,ui\00_message\common\item_info.gmd,\ui\item_info.arc,item_info.arc,8087
0,,,,ui\00_message\common\item_info.gmd,\ui\item_info.arc,item_info.arc,8088
0,,,,ui\00_message\common\item_info.gmd,\ui\item_info.arc,item_info.arc,8089
0,,,,ui\00_message\common\item_info.gmd,\ui\item_info.arc,item_info.arc,8090
0,,,,ui\00_message\common\item_info.gmd,\ui\item_info.arc,item_info.arc,8091
0,,,,ui\00_message\common\item_info.gmd,\ui\item_info.arc,item_info.arc,8092
0,,,,ui\00_message\common\item_info.gmd,\ui\item_info.arc,item_info.arc,8093
0,,,,ui\00_message\common\item_info.gmd,\ui\item_info.arc,item_info.arc,8094
0,,,,ui\00_message\common\item_info.gmd,\ui\item_info.arc,item_info.arc,8095
0,,,,ui\00_message\common\item_info.gmd,\ui\item_info.arc,item_info.arc,8096
0,,,,ui\00_message\common\item_info.gmd,\ui\item_info.arc,item_info.arc,8097
0,,,,ui\00_message\common\item_info.gmd,\ui\item_info.arc,item_info.arc,8098
0,,,,ui\00_message\common\item_info.gmd,\ui\item_info.arc,item_info.arc,8099
0,,,,ui\00_message\common\item_info.gmd,\ui\item_info.arc,item_info.arc,8100
0,,,,ui\00_message\common\item_info.gmd,\ui\item_info.arc,item_info.arc,8101
0,,,,ui\00_message\common\item_info.gmd,\ui\item_info.arc,item_info.arc,8102
0,,,,ui\00_message\common\item_info.gmd,\ui\item_info.arc,item_info.arc,8103
0,,,,ui\00_message\common\item_info.gmd,\ui\item_info.arc,item_info.arc,8104
0,,,,ui\00_message\common\item_info.gmd,\ui\item_info.arc,item_info.arc,8105
0,,,,ui\00_message\common\item_info.gmd,\ui\item_info.arc,item_info.arc,8106
0,,,,ui\00_message\common\item_info.gmd,\ui\item_info.arc,item_info.arc,8107
0,,,,ui\00_message\common\item_info.gmd,\ui\item_info.arc,item_info.arc,8108
0,,,,ui\00_message\common\item_info.gmd,\ui\item_info.arc,item_info.arc,8109
0,,,,ui\00_message\common\item_info.gmd,\ui\item_info.arc,item_info.arc,8110
0,,,,ui\00_message\common\item_info.gmd,\ui\item_info.arc,item_info.arc,8111
0,,,,ui\00_message\common\item_info.gmd,\ui\item_info.arc,item_info.arc,8112
0,,,,ui\00_message\common\item_info.gmd,\ui\item_info.arc,item_info.arc,8113
0,,,,ui\00_message\common\item_info.gmd,\ui\item_info.arc,item_info.arc,8114
0,,,,ui\00_message\common\item_info.gmd,\ui\item_info.arc,item_info.arc,8115
0,,,,ui\00_message\common\item_info.gmd,\ui\item_info.arc,item_info.arc,8116
0,,,,ui\00_message\common\item_info.gmd,\ui\item_info.arc,item_info.arc,8117
0,,,,ui\00_message\common\item_info.gmd,\ui\item_info.arc,item_info.arc,8118
0,,,,ui\00_message\common\item_info.gmd,\ui\item_info.arc,item_info.arc,8119
0,,,,ui\00_message\common\item_info.gmd,\ui\item_info.arc,item_info.arc,8120
0,,,,ui\00_message\common\item_info.gmd,\ui\item_info.arc,item_info.arc,8121
0,,,,ui\00_message\common\item_info.gmd,\ui\item_info.arc,item_info.arc,8122
0,,,,ui\00_message\common\item_info.gmd,\ui\item_info.arc,item_info.arc,8123
0,,,,ui\00_message\common\item_info.gmd,\ui\item_info.arc,item_info.arc,8124
0,,,,ui\00_message\common\item_info.gmd,\ui\item_info.arc,item_info.arc,8125
0,,,,ui\00_message\common\item_info.gmd,\ui\item_info.arc,item_info.arc,8126
0,,,,ui\00_message\common\item_info.gmd,\ui\item_info.arc,item_info.arc,8127
0,,,,ui\00_message\common\item_info.gmd,\ui\item_info.arc,item_info.arc,8128
0,,,,ui\00_message\common\item_info.gmd,\ui\item_info.arc,item_info.arc,8129
0,,,,ui\00_message\common\item_info.gmd,\ui\item_info.arc,item_info.arc,8130
0,,,,ui\00_message\common\item_info.gmd,\ui\item_info.arc,item_info.arc,8131
0,,,,ui\00_message\common\item_info.gmd,\ui\item_info.arc,item_info.arc,8132
0,,,,ui\00_message\common\item_info.gmd,\ui\item_info.arc,item_info.arc,8133
0,,,,ui\00_message\common\item_info.gmd,\ui\item_info.arc,item_info.arc,8134
0,,,,ui\00_message\common\item_info.gmd,\ui\item_info.arc,item_info.arc,8135
0,,,,ui\00_message\common\item_info.gmd,\ui\item_info.arc,item_info.arc,8136
0,,,,ui\00_message\common\item_info.gmd,\ui\item_info.arc,item_info.arc,8137
0,,,,ui\00_message\common\item_info.gmd,\ui\item_info.arc,item_info.arc,8138
0,,,,ui\00_message\common\item_info.gmd,\ui\item_info.arc,item_info.arc,8139
0,,,,ui\00_message\common\item_info.gmd,\ui\item_info.arc,item_info.arc,8140
0,,,,ui\00_message\common\item_info.gmd,\ui\item_info.arc,item_info.arc,8141
0,,,,ui\00_message\common\item_info.gmd,\ui\item_info.arc,item_info.arc,8142
0,,,,ui\00_message\common\item_info.gmd,\ui\item_info.arc,item_info.arc,8143
0,,,,ui\00_message\common\item_info.gmd,\ui\item_info.arc,item_info.arc,8144
0,,,,ui\00_message\common\item_info.gmd,\ui\item_info.arc,item_info.arc,8145
0,,,,ui\00_message\common\item_info.gmd,\ui\item_info.arc,item_info.arc,8146
0,,,,ui\00_message\common\item_info.gmd,\ui\item_info.arc,item_info.arc,8147
0,,,,ui\00_message\common\item_info.gmd,\ui\item_info.arc,item_info.arc,8148
0,,,,ui\00_message\common\item_info.gmd,\ui\item_info.arc,item_info.arc,8149
0,,,,ui\00_message\common\item_info.gmd,\ui\item_info.arc,item_info.arc,8150
0,,,,ui\00_message\common\item_info.gmd,\ui\item_info.arc,item_info.arc,8151
0,,,,ui\00_message\common\item_info.gmd,\ui\item_info.arc,item_info.arc,8152
0,,,,ui\00_message\common\item_info.gmd,\ui\item_info.arc,item_info.arc,8153
0,,,,ui\00_message\common\item_info.gmd,\ui\item_info.arc,item_info.arc,8154
0,,,,ui\00_message\common\item_info.gmd,\ui\item_info.arc,item_info.arc,8155
0,,,,ui\00_message\common\item_info.gmd,\ui\item_info.arc,item_info.arc,8156
0,,,,ui\00_message\common\item_info.gmd,\ui\item_info.arc,item_info.arc,8157
0,,,,ui\00_message\common\item_info.gmd,\ui\item_info.arc,item_info.arc,8158
0,,,,ui\00_message\common\item_info.gmd,\ui\item_info.arc,item_info.arc,8159
0,,,,ui\00_message\common\item_info.gmd,\ui\item_info.arc,item_info.arc,8160
0,,,,ui\00_message\common\item_info.gmd,\ui\item_info.arc,item_info.arc,8161
0,,,,ui\00_message\common\item_info.gmd,\ui\item_info.arc,item_info.arc,8162
0,,,,ui\00_message\common\item_info.gmd,\ui\item_info.arc,item_info.arc,8163
0,,,,ui\00_message\common\item_info.gmd,\ui\item_info.arc,item_info.arc,8164
0,,,,ui\00_message\common\item_info.gmd,\ui\item_info.arc,item_info.arc,8165
0,,,,ui\00_message\common\item_info.gmd,\ui\item_info.arc,item_info.arc,8166
0,,,,ui\00_message\common\item_info.gmd,\ui\item_info.arc,item_info.arc,8167
0,,,,ui\00_message\common\item_info.gmd,\ui\item_info.arc,item_info.arc,8168
0,,,,ui\00_message\common\item_info.gmd,\ui\item_info.arc,item_info.arc,8169
0,,,,ui\00_message\common\item_info.gmd,\ui\item_info.arc,item_info.arc,8170
0,,,,ui\00_message\common\item_info.gmd,\ui\item_info.arc,item_info.arc,8171
0,,,,ui\00_message\common\item_info.gmd,\ui\item_info.arc,item_info.arc,8172
0,,,,ui\00_message\common\item_info.gmd,\ui\item_info.arc,item_info.arc,8173
0,,,,ui\00_message\common\item_info.gmd,\ui\item_info.arc,item_info.arc,8174
0,,,,ui\00_message\common\item_info.gmd,\ui\item_info.arc,item_info.arc,8175
0,,,,ui\00_message\common\item_info.gmd,\ui\item_info.arc,item_info.arc,8176
0,,,,ui\00_message\common\item_info.gmd,\ui\item_info.arc,item_info.arc,8177
0,,,,ui\00_message\common\item_info.gmd,\ui\item_info.arc,item_info.arc,8178
0,,,,ui\00_message\common\item_info.gmd,\ui\item_info.arc,item_info.arc,8179
0,,,,ui\00_message\common\item_info.gmd,\ui\item_info.arc,item_info.arc,8180
0,,,,ui\00_message\common\item_info.gmd,\ui\item_info.arc,item_info.arc,8181
0,,,,ui\00_message\common\item_info.gmd,\ui\item_info.arc,item_info.arc,8182
0,,,,ui\00_message\common\item_info.gmd,\ui\item_info.arc,item_info.arc,8183
0,,,,ui\00_message\common\item_info.gmd,\ui\item_info.arc,item_info.arc,8184
0,,,,ui\00_message\common\item_info.gmd,\ui\item_info.arc,item_info.arc,8185
0,,,,ui\00_message\common\item_info.gmd,\ui\item_info.arc,item_info.arc,8186
0,,,,ui\00_message\common\item_info.gmd,\ui\item_info.arc,item_info.arc,8187
0,,,,ui\00_message\common\item_info.gmd,\ui\item_info.arc,item_info.arc,8188
0,,,,ui\00_message\common\item_info.gmd,\ui\item_info.arc,item_info.arc,8189
0,,,,ui\00_message\common\item_info.gmd,\ui\item_info.arc,item_info.arc,8190
0,,,,ui\00_message\common\item_info.gmd,\ui\item_info.arc,item_info.arc,8191
0,,,,ui\00_message\common\item_info.gmd,\ui\item_info.arc,item_info.arc,8192
0,,,,ui\00_message\common\item_info.gmd,\ui\item_info.arc,item_info.arc,8193
0,,,,ui\00_message\common\item_info.gmd,\ui\item_info.arc,item_info.arc,8194
0,,,,ui\00_message\common\item_info.gmd,\ui\item_info.arc,item_info.arc,8195
0,,,,ui\00_message\common\item_info.gmd,\ui\item_info.arc,item_info.arc,8196
0,,,,ui\00_message\common\item_info.gmd,\ui\item_info.arc,item_info.arc,8197
0,,,,ui\00_message\common\item_info.gmd,\ui\item_info.arc,item_info.arc,8198
0,,,,ui\00_message\common\item_info.gmd,\ui\item_info.arc,item_info.arc,8199
0,,,,ui\00_message\common\item_info.gmd,\ui\item_info.arc,item_info.arc,8200
0,,,,ui\00_message\common\item_info.gmd,\ui\item_info.arc,item_info.arc,8201
0,,,,ui\00_message\common\item_info.gmd,\ui\item_info.arc,item_info.arc,8202
0,,,,ui\00_message\common\item_info.gmd,\ui\item_info.arc,item_info.arc,8203
0,,,,ui\00_message\common\item_info.gmd,\ui\item_info.arc,item_info.arc,8204
0,,,,ui\00_message\common\item_info.gmd,\ui\item_info.arc,item_info.arc,8205
0,,,,ui\00_message\common\item_info.gmd,\ui\item_info.arc,item_info.arc,8206
0,,,,ui\00_message\common\item_info.gmd,\ui\item_info.arc,item_info.arc,8207
0,,,,ui\00_message\common\item_info.gmd,\ui\item_info.arc,item_info.arc,8208
0,,,,ui\00_message\common\item_info.gmd,\ui\item_info.arc,item_info.arc,8209
0,,,,ui\00_message\common\item_info.gmd,\ui\item_info.arc,item_info.arc,8210
0,,,,ui\00_message\common\item_info.gmd,\ui\item_info.arc,item_info.arc,8211
0,,,,ui\00_message\common\item_info.gmd,\ui\item_info.arc,item_info.arc,8212
0,,,,ui\00_message\common\item_info.gmd,\ui\item_info.arc,item_info.arc,8213
0,,,,ui\00_message\common\item_info.gmd,\ui\item_info.arc,item_info.arc,8214
0,,,,ui\00_message\common\item_info.gmd,\ui\item_info.arc,item_info.arc,8215
0,,,,ui\00_message\common\item_info.gmd,\ui\item_info.arc,item_info.arc,8216
0,,,,ui\00_message\common\item_info.gmd,\ui\item_info.arc,item_info.arc,8217
0,,,,ui\00_message\common\item_info.gmd,\ui\item_info.arc,item_info.arc,8218
0,,,,ui\00_message\common\item_info.gmd,\ui\item_info.arc,item_info.arc,8219
0,,,,ui\00_message\common\item_info.gmd,\ui\item_info.arc,item_info.arc,8220
0,,,,ui\00_message\common\item_info.gmd,\ui\item_info.arc,item_info.arc,8221
0,,,,ui\00_message\common\item_info.gmd,\ui\item_info.arc,item_info.arc,8222
0,,,,ui\00_message\common\item_info.gmd,\ui\item_info.arc,item_info.arc,8223
0,,,,ui\00_message\common\item_info.gmd,\ui\item_info.arc,item_info.arc,8224
0,,,,ui\00_message\common\item_info.gmd,\ui\item_info.arc,item_info.arc,8225
0,,,,ui\00_message\common\item_info.gmd,\ui\item_info.arc,item_info.arc,8226
0,,,,ui\00_message\common\item_info.gmd,\ui\item_info.arc,item_info.arc,8227
0,,,,ui\00_message\common\item_info.gmd,\ui\item_info.arc,item_info.arc,8228
0,,,,ui\00_message\common\item_info.gmd,\ui\item_info.arc,item_info.arc,8229
0,,,,ui\00_message\common\item_info.gmd,\ui\item_info.arc,item_info.arc,8230
0,,,,ui\00_message\common\item_info.gmd,\ui\item_info.arc,item_info.arc,8231
0,,,,ui\00_message\common\item_info.gmd,\ui\item_info.arc,item_info.arc,8232
0,,,,ui\00_message\common\item_info.gmd,\ui\item_info.arc,item_info.arc,8233
0,,,,ui\00_message\common\item_info.gmd,\ui\item_info.arc,item_info.arc,8234
0,,,,ui\00_message\common\item_info.gmd,\ui\item_info.arc,item_info.arc,8235
0,,,,ui\00_message\common\item_info.gmd,\ui\item_info.arc,item_info.arc,8236
0,,,,ui\00_message\common\item_info.gmd,\ui\item_info.arc,item_info.arc,8237
0,,,,ui\00_message\common\item_info.gmd,\ui\item_info.arc,item_info.arc,8238
0,,,,ui\00_message\common\item_info.gmd,\ui\item_info.arc,item_info.arc,8239
0,,,,ui\00_message\common\item_info.gmd,\ui\item_info.arc,item_info.arc,8240
0,,,,ui\00_message\common\item_info.gmd,\ui\item_info.arc,item_info.arc,8241
0,,,,ui\00_message\common\item_info.gmd,\ui\item_info.arc,item_info.arc,8242
0,,,,ui\00_message\common\item_info.gmd,\ui\item_info.arc,item_info.arc,8243
0,,,,ui\00_message\common\item_info.gmd,\ui\item_info.arc,item_info.arc,8244
0,,,,ui\00_message\common\item_info.gmd,\ui\item_info.arc,item_info.arc,8245
0,,,,ui\00_message\common\item_info.gmd,\ui\item_info.arc,item_info.arc,8246
0,,,,ui\00_message\common\item_info.gmd,\ui\item_info.arc,item_info.arc,8247
0,,,,ui\00_message\common\item_info.gmd,\ui\item_info.arc,item_info.arc,8248
0,,,,ui\00_message\common\item_info.gmd,\ui\item_info.arc,item_info.arc,8249
0,,,,ui\00_message\common\item_info.gmd,\ui\item_info.arc,item_info.arc,8250
0,,,,ui\00_message\common\item_info.gmd,\ui\item_info.arc,item_info.arc,8251
0,,,,ui\00_message\common\item_info.gmd,\ui\item_info.arc,item_info.arc,8252
0,,,,ui\00_message\common\item_info.gmd,\ui\item_info.arc,item_info.arc,8253
0,,,,ui\00_message\common\item_info.gmd,\ui\item_info.arc,item_info.arc,8254
0,,,,ui\00_message\common\item_info.gmd,\ui\item_info.arc,item_info.arc,8255
0,,,,ui\00_message\common\item_info.gmd,\ui\item_info.arc,item_info.arc,8256
0,,,,ui\00_message\common\item_info.gmd,\ui\item_info.arc,item_info.arc,8257
0,,,,ui\00_message\common\item_info.gmd,\ui\item_info.arc,item_info.arc,8258
0,,,,ui\00_message\common\item_info.gmd,\ui\item_info.arc,item_info.arc,8259
0,,,,ui\00_message\common\item_info.gmd,\ui\item_info.arc,item_info.arc,8260
0,,,,ui\00_message\common\item_info.gmd,\ui\item_info.arc,item_info.arc,8261
0,,,,ui\00_message\common\item_info.gmd,\ui\item_info.arc,item_info.arc,8262
0,,,,ui\00_message\common\item_info.gmd,\ui\item_info.arc,item_info.arc,8263
0,,,,ui\00_message\common\item_info.gmd,\ui\item_info.arc,item_info.arc,8264
0,,,,ui\00_message\common\item_info.gmd,\ui\item_info.arc,item_info.arc,8265
0,,,,ui\00_message\common\item_info.gmd,\ui\item_info.arc,item_info.arc,8266
0,,,,ui\00_message\common\item_info.gmd,\ui\item_info.arc,item_info.arc,8267
0,,,,ui\00_message\common\item_info.gmd,\ui\item_info.arc,item_info.arc,8268
0,,,,ui\00_message\common\item_info.gmd,\ui\item_info.arc,item_info.arc,8269
0,,,,ui\00_message\common\item_info.gmd,\ui\item_info.arc,item_info.arc,8270
0,,,,ui\00_message\common\item_info.gmd,\ui\item_info.arc,item_info.arc,8271
0,,,,ui\00_message\common\item_info.gmd,\ui\item_info.arc,item_info.arc,8272
0,,,,ui\00_message\common\item_info.gmd,\ui\item_info.arc,item_info.arc,8273
0,,,,ui\00_message\common\item_info.gmd,\ui\item_info.arc,item_info.arc,8274
0,,,,ui\00_message\common\item_info.gmd,\ui\item_info.arc,item_info.arc,8275
0,,,,ui\00_message\common\item_info.gmd,\ui\item_info.arc,item_info.arc,8276
0,,,,ui\00_message\common\item_info.gmd,\ui\item_info.arc,item_info.arc,8277
0,,,,ui\00_message\common\item_info.gmd,\ui\item_info.arc,item_info.arc,8278
0,,,,ui\00_message\common\item_info.gmd,\ui\item_info.arc,item_info.arc,8279
0,,,,ui\00_message\common\item_info.gmd,\ui\item_info.arc,item_info.arc,8280
0,,,,ui\00_message\common\item_info.gmd,\ui\item_info.arc,item_info.arc,8281
0,,,,ui\00_message\common\item_info.gmd,\ui\item_info.arc,item_info.arc,8282
0,,,,ui\00_message\common\item_info.gmd,\ui\item_info.arc,item_info.arc,8283
0,,,,ui\00_message\common\item_info.gmd,\ui\item_info.arc,item_info.arc,8284
0,,,,ui\00_message\common\item_info.gmd,\ui\item_info.arc,item_info.arc,8285
0,,,,ui\00_message\common\item_info.gmd,\ui\item_info.arc,item_info.arc,8286
0,,,,ui\00_message\common\item_info.gmd,\ui\item_info.arc,item_info.arc,8287
0,,,,ui\00_message\common\item_info.gmd,\ui\item_info.arc,item_info.arc,8288
0,,,,ui\00_message\common\item_info.gmd,\ui\item_info.arc,item_info.arc,8289
0,,,,ui\00_message\common\item_info.gmd,\ui\item_info.arc,item_info.arc,8290
0,,,,ui\00_message\common\item_info.gmd,\ui\item_info.arc,item_info.arc,8291
0,,,,ui\00_message\common\item_info.gmd,\ui\item_info.arc,item_info.arc,8292
0,,,,ui\00_message\common\item_info.gmd,\ui\item_info.arc,item_info.arc,8293
0,,,,ui\00_message\common\item_info.gmd,\ui\item_info.arc,item_info.arc,8294
0,,,,ui\00_message\common\item_info.gmd,\ui\item_info.arc,item_info.arc,8295
0,,,,ui\00_message\common\item_info.gmd,\ui\item_info.arc,item_info.arc,8296
0,,,,ui\00_message\common\item_info.gmd,\ui\item_info.arc,item_info.arc,8297
0,,,,ui\00_message\common\item_info.gmd,\ui\item_info.arc,item_info.arc,8298
0,,,,ui\00_message\common\item_info.gmd,\ui\item_info.arc,item_info.arc,8299
0,,,,ui\00_message\common\item_info.gmd,\ui\item_info.arc,item_info.arc,8300
0,,,,ui\00_message\common\item_info.gmd,\ui\item_info.arc,item_info.arc,8301
0,,,,ui\00_message\common\item_info.gmd,\ui\item_info.arc,item_info.arc,8302
0,,,,ui\00_message\common\item_info.gmd,\ui\item_info.arc,item_info.arc,8303
0,,,,ui\00_message\common\item_info.gmd,\ui\item_info.arc,item_info.arc,8304
0,,,,ui\00_message\common\item_info.gmd,\ui\item_info.arc,item_info.arc,8305
0,,,,ui\00_message\common\item_info.gmd,\ui\item_info.arc,item_info.arc,8306
0,,,,ui\00_message\common\item_info.gmd,\ui\item_info.arc,item_info.arc,8307
0,,,,ui\00_message\common\item_info.gmd,\ui\item_info.arc,item_info.arc,8308
0,,,,ui\00_message\common\item_info.gmd,\ui\item_info.arc,item_info.arc,8309
0,,,,ui\00_message\common\item_info.gmd,\ui\item_info.arc,item_info.arc,8310
0,,,,ui\00_message\common\item_info.gmd,\ui\item_info.arc,item_info.arc,8311
0,,,,ui\00_message\common\item_info.gmd,\ui\item_info.arc,item_info.arc,8312
0,,,,ui\00_message\common\item_info.gmd,\ui\item_info.arc,item_info.arc,8313
0,,,,ui\00_message\common\item_info.gmd,\ui\item_info.arc,item_info.arc,8314
0,,,,ui\00_message\common\item_info.gmd,\ui\item_info.arc,item_info.arc,8315
0,,,,ui\00_message\common\item_info.gmd,\ui\item_info.arc,item_info.arc,8316
0,,,,ui\00_message\common\item_info.gmd,\ui\item_info.arc,item_info.arc,8317
0,,,,ui\00_message\common\item_info.gmd,\ui\item_info.arc,item_info.arc,8318
0,,,,ui\00_message\common\item_info.gmd,\ui\item_info.arc,item_info.arc,8319
0,,,,ui\00_message\common\item_info.gmd,\ui\item_info.arc,item_info.arc,8320
0,,,,ui\00_message\common\item_info.gmd,\ui\item_info.arc,item_info.arc,8321
0,,,,ui\00_message\common\item_info.gmd,\ui\item_info.arc,item_info.arc,8322
0,,,,ui\00_message\common\item_info.gmd,\ui\item_info.arc,item_info.arc,8323
0,,,,ui\00_message\common\item_info.gmd,\ui\item_info.arc,item_info.arc,8324
0,,,,ui\00_message\common\item_info.gmd,\ui\item_info.arc,item_info.arc,8325
0,,,,ui\00_message\common\item_info.gmd,\ui\item_info.arc,item_info.arc,8326
0,,,,ui\00_message\common\item_info.gmd,\ui\item_info.arc,item_info.arc,8327
0,,,,ui\00_message\common\item_info.gmd,\ui\item_info.arc,item_info.arc,8328
0,,,,ui\00_message\common\item_info.gmd,\ui\item_info.arc,item_info.arc,8329
0,,,,ui\00_message\common\item_info.gmd,\ui\item_info.arc,item_info.arc,8330
0,,,,ui\00_message\common\item_info.gmd,\ui\item_info.arc,item_info.arc,8331
0,,,,ui\00_message\common\item_info.gmd,\ui\item_info.arc,item_info.arc,8332
0,,,,ui\00_message\common\item_info.gmd,\ui\item_info.arc,item_info.arc,8333
0,,,,ui\00_message\common\item_info.gmd,\ui\item_info.arc,item_info.arc,8334
0,,,,ui\00_message\common\item_info.gmd,\ui\item_info.arc,item_info.arc,8335
0,,,,ui\00_message\common\item_info.gmd,\ui\item_info.arc,item_info.arc,8336
0,,,,ui\00_message\common\item_info.gmd,\ui\item_info.arc,item_info.arc,8337
0,,,,ui\00_message\common\item_info.gmd,\ui\item_info.arc,item_info.arc,8338
0,,,,ui\00_message\common\item_info.gmd,\ui\item_info.arc,item_info.arc,8339
0,,,,ui\00_message\common\item_info.gmd,\ui\item_info.arc,item_info.arc,8340
0,,,,ui\00_message\common\item_info.gmd,\ui\item_info.arc,item_info.arc,8341
0,,,,ui\00_message\common\item_info.gmd,\ui\item_info.arc,item_info.arc,8342
0,,,,ui\00_message\common\item_info.gmd,\ui\item_info.arc,item_info.arc,8343
0,,,,ui\00_message\common\item_info.gmd,\ui\item_info.arc,item_info.arc,8344
0,,,,ui\00_message\common\item_info.gmd,\ui\item_info.arc,item_info.arc,8345
0,,,,ui\00_message\common\item_info.gmd,\ui\item_info.arc,item_info.arc,8346
0,,,,ui\00_message\common\item_info.gmd,\ui\item_info.arc,item_info.arc,8347
0,,,,ui\00_message\common\item_info.gmd,\ui\item_info.arc,item_info.arc,8348
0,,,,ui\00_message\common\item_info.gmd,\ui\item_info.arc,item_info.arc,8349
0,,,,ui\00_message\common\item_info.gmd,\ui\item_info.arc,item_info.arc,8350
0,,,,ui\00_message\common\item_info.gmd,\ui\item_info.arc,item_info.arc,8351
0,,,,ui\00_message\common\item_info.gmd,\ui\item_info.arc,item_info.arc,8352
0,,,,ui\00_message\common\item_info.gmd,\ui\item_info.arc,item_info.arc,8353
0,,,,ui\00_message\common\item_info.gmd,\ui\item_info.arc,item_info.arc,8354
0,,,,ui\00_message\common\item_info.gmd,\ui\item_info.arc,item_info.arc,8355
0,,,,ui\00_message\common\item_info.gmd,\ui\item_info.arc,item_info.arc,8356
0,,,,ui\00_message\common\item_info.gmd,\ui\item_info.arc,item_info.arc,8357
0,,,,ui\00_message\common\item_info.gmd,\ui\item_info.arc,item_info.arc,8358
0,,,,ui\00_message\common\item_info.gmd,\ui\item_info.arc,item_info.arc,8359
0,,,,ui\00_message\common\item_info.gmd,\ui\item_info.arc,item_info.arc,8360
0,,,,ui\00_message\common\item_info.gmd,\ui\item_info.arc,item_info.arc,8361
0,,,,ui\00_message\common\item_info.gmd,\ui\item_info.arc,item_info.arc,8362
0,,,,ui\00_message\common\item_info.gmd,\ui\item_info.arc,item_info.arc,8363
0,,,,ui\00_message\common\item_info.gmd,\ui\item_info.arc,item_info.arc,8364
0,,,,ui\00_message\common\item_info.gmd,\ui\item_info.arc,item_info.arc,8365
0,,,,ui\00_message\common\item_info.gmd,\ui\item_info.arc,item_info.arc,8366
0,,,,ui\00_message\common\item_info.gmd,\ui\item_info.arc,item_info.arc,8367
0,,,,ui\00_message\common\item_info.gmd,\ui\item_info.arc,item_info.arc,8368
0,,,,ui\00_message\common\item_info.gmd,\ui\item_info.arc,item_info.arc,8369
0,,,,ui\00_message\common\item_info.gmd,\ui\item_info.arc,item_info.arc,8370
