"old","",""
"壁に文字が刻まれている――
“高貴なるサマラの指に輝きし光
我が心を魅了し、支配する光
輝きから逃れんと塔に身を隠すが
我が思いはひとときも離れず”","There are inscriptions on the wall:

""On the noble Samara's fingers, a radiant light shines,
Enchanting and ruling our hearts,
Though I hide in the tower to escape the radiance,
My thoughts never stray for a moment.""",""
"床に文字が刻まれている――
“探究と秘密を愛する者よ
ここより北の洞窟で待つ
高貴なるサマラの指に輝きし光
人の目に余る煌めきサマラに帰るべし”","There are inscriptions on the floor:

""O seeker of exploration and secrets,
Await in the cave to the north from here,
Where the radiant light shines on the noble fingers of Samara,
Return to Samara with a brilliance beyond human eyes.""",""
"石棺に文字が刻まれている――
“我が欲望は光に焼かれて人外となる
探究と秘密を愛する者よ、どうか我が身に平穏を
高貴なるサマラの指に輝きし光
人の目に余る煌めきサマラに帰るべし”","Inscriptions are carved into the stone coffin:

""My desires are consumed by the light, turning me into something beyond human.
To the seeker of exploration and secrets, please bring peace to my soul.
Where the radiant light shines on the noble fingers of Samara,
Return to Samara with a brilliance beyond human eyes.""",""
"冒険者の遺したメッセージとは
関係のない落書きのようだ――","Looks like graffiti that has nothing to do with the message left by the adventurer--",""
"初代王サマラの指輪を入手した","You have obtained the ring of the first king, Samara.",""
"火垂れ山への扉が解放されました","Firefall Mountain's door has been unlocked.",""
